Running: build/SSNPbaseline /home/xyin014/graph/sx/stack_snap source/sx.txt 8 0.02 0
read: 14.977682s
loading graph /home/xyin014/graph/sx/stack_snap, root file is source/sx.txt, batch_num is 8, batch_size is 724668
read: 0.006584s
|E|=36233445
|V|=6024259
streaming total time 3.272305s
|V|=6024259
Intersection Graph Marked: 0.831180s
Version Time: 0.155393
direct hop total time 0.918719s
work sharing total time 0.689939s
CommonGraph total time 0.689939s
Running: build/SSNPbaseline /home/xyin014/graph/sx/stack_snap source/sx.txt 8 0.02 1
read: 14.978281s
loading graph /home/xyin014/graph/sx/stack_snap, root file is source/sx.txt, batch_num is 8, batch_size is 724668
read: 0.006414s
|E|=36233445
|V|=6024259
streaming total time 3.555852s
|V|=6024259
Intersection Graph Marked: 0.849677s
Version Time: 0.154364
direct hop total time 0.949665s
work sharing total time 0.723571s
CommonGraph total time 0.723571s
Running: build/SSNPbaseline /home/xyin014/graph/sx/stack_snap source/sx.txt 8 0.02 2
read: 15.090256s
loading graph /home/xyin014/graph/sx/stack_snap, root file is source/sx.txt, batch_num is 8, batch_size is 724668
read: 0.006544s
|E|=36233445
|V|=6024259
streaming total time 3.428146s
|V|=6024259
Intersection Graph Marked: 0.820583s
Version Time: 0.142010
direct hop total time 1.087733s
work sharing total time 0.791198s
CommonGraph total time 0.791198s
Running: build/SSNPbaseline /home/xyin014/graph/sx/stack_snap source/sx.txt 8 0.02 3
read: 15.301413s
loading graph /home/xyin014/graph/sx/stack_snap, root file is source/sx.txt, batch_num is 8, batch_size is 724668
read: 0.006495s
|E|=36233445
|V|=6024259
streaming total time 2.735950s
|V|=6024259
Intersection Graph Marked: 0.698558s
Version Time: 0.006752
direct hop total time 0.061199s
work sharing total time 0.065601s
CommonGraph total time 0.065601s
Running: build/SSNPbaseline /home/xyin014/graph/sx/stack_snap source/sx.txt 8 0.02 4
read: 14.962254s
loading graph /home/xyin014/graph/sx/stack_snap, root file is source/sx.txt, batch_num is 8, batch_size is 724668
read: 0.006421s
|E|=36233445
|V|=6024259
streaming total time 3.100558s
|V|=6024259
Intersection Graph Marked: 0.759122s
Version Time: 0.163213
direct hop total time 0.876207s
work sharing total time 0.749059s
CommonGraph total time 0.749059s
Running: build/SSNPbaseline /home/xyin014/graph/sx/stack_snap source/sx.txt 8 0.02 5
read: 15.045047s
loading graph /home/xyin014/graph/sx/stack_snap, root file is source/sx.txt, batch_num is 8, batch_size is 724668
read: 0.006568s
|E|=36233445
|V|=6024259
streaming total time 3.303814s
|V|=6024259
Intersection Graph Marked: 0.691118s
Version Time: 0.152253
direct hop total time 0.931964s
work sharing total time 0.713466s
CommonGraph total time 0.713466s
Running: build/SSNPbaseline /home/xyin014/graph/sx/stack_snap source/sx.txt 8 0.02 6
read: 14.966737s
loading graph /home/xyin014/graph/sx/stack_snap, root file is source/sx.txt, batch_num is 8, batch_size is 724668
read: 0.006545s
|E|=36233445
|V|=6024259
streaming total time 2.043235s
|V|=6024259
Intersection Graph Marked: 0.772700s
Version Time: 0.004040
direct hop total time 0.093139s
work sharing total time 0.054739s
CommonGraph total time 0.054739s
Running: build/SSNPbaseline /home/xyin014/graph/sx/stack_snap source/sx.txt 8 0.02 7
read: 14.968441s
loading graph /home/xyin014/graph/sx/stack_snap, root file is source/sx.txt, batch_num is 8, batch_size is 724668
read: 0.006491s
|E|=36233445
|V|=6024259
streaming total time 2.182236s
|V|=6024259
Intersection Graph Marked: 0.697481s
Version Time: 0.169580
direct hop total time 1.025337s
work sharing total time 0.782236s
CommonGraph total time 0.782236s
Running: build/SSNPbaseline /home/xyin014/graph/sx/stack_snap source/sx.txt 8 0.02 8
read: 14.967882s
loading graph /home/xyin014/graph/sx/stack_snap, root file is source/sx.txt, batch_num is 8, batch_size is 724668
read: 0.006632s
|E|=36233445
|V|=6024259
streaming total time 2.117437s
|V|=6024259
Intersection Graph Marked: 0.637837s
Version Time: 0.170080
direct hop total time 1.033857s
work sharing total time 0.738982s
CommonGraph total time 0.738982s
Running: build/SSNPbaseline /home/xyin014/graph/sx/stack_snap source/sx.txt 8 0.02 9
read: 15.088001s
loading graph /home/xyin014/graph/sx/stack_snap, root file is source/sx.txt, batch_num is 8, batch_size is 724668
read: 0.006488s
|E|=36233445
|V|=6024259
streaming total time 3.366141s
|V|=6024259
Intersection Graph Marked: 0.719261s
Version Time: 0.141001
direct hop total time 0.945438s
work sharing total time 0.795818s
CommonGraph total time 0.795818s
Running: build/SSNPbaseline /home/xyin014/graph/sx/stack_snap source/sx.txt 8 0.02 10
read: 15.022095s
loading graph /home/xyin014/graph/sx/stack_snap, root file is source/sx.txt, batch_num is 8, batch_size is 724668
read: 0.006496s
|E|=36233445
|V|=6024259
streaming total time 3.591319s
|V|=6024259
Intersection Graph Marked: 0.701554s
Version Time: 0.163645
direct hop total time 1.078891s
work sharing total time 0.766122s
CommonGraph total time 0.766122s
Running: build/SSNPbaseline /home/xyin014/graph/sx/stack_snap source/sx.txt 8 0.02 11
read: 14.999073s
loading graph /home/xyin014/graph/sx/stack_snap, root file is source/sx.txt, batch_num is 8, batch_size is 724668
read: 0.006496s
|E|=36233445
|V|=6024259
streaming total time 3.583997s
|V|=6024259
Intersection Graph Marked: 0.795827s
Version Time: 0.004029
direct hop total time 0.073751s
work sharing total time 0.071892s
CommonGraph total time 0.071892s
Running: build/SSNPbaseline /home/xyin014/graph/sx/stack_snap source/sx.txt 8 0.02 12
read: 14.971354s
loading graph /home/xyin014/graph/sx/stack_snap, root file is source/sx.txt, batch_num is 8, batch_size is 724668
read: 0.006605s
|E|=36233445
|V|=6024259
streaming total time 2.580062s
|V|=6024259
Intersection Graph Marked: 0.746621s
Version Time: 0.004141
direct hop total time 0.064765s
work sharing total time 0.040588s
CommonGraph total time 0.040588s
Running: build/SSNPbaseline /home/xyin014/graph/sx/stack_snap source/sx.txt 8 0.02 13
read: 14.973325s
loading graph /home/xyin014/graph/sx/stack_snap, root file is source/sx.txt, batch_num is 8, batch_size is 724668
read: 0.006414s
|E|=36233445
|V|=6024259
streaming total time 2.709972s
|V|=6024259
Intersection Graph Marked: 0.701819s
Version Time: 0.003968
direct hop total time 0.068974s
work sharing total time 0.041581s
CommonGraph total time 0.041581s
Running: build/SSNPbaseline /home/xyin014/graph/sx/stack_snap source/sx.txt 8 0.02 14
read: 14.971209s
loading graph /home/xyin014/graph/sx/stack_snap, root file is source/sx.txt, batch_num is 8, batch_size is 724668
read: 0.006543s
|E|=36233445
|V|=6024259
streaming total time 1.979083s
|V|=6024259
Intersection Graph Marked: 0.760337s
Version Time: 0.004081
direct hop total time 0.069262s
work sharing total time 0.046733s
CommonGraph total time 0.046733s
Running: build/SSNPbaseline /home/xyin014/graph/sx/stack_snap source/sx.txt 8 0.02 15
read: 15.038336s
loading graph /home/xyin014/graph/sx/stack_snap, root file is source/sx.txt, batch_num is 8, batch_size is 724668
read: 0.006756s
|E|=36233445
|V|=6024259
streaming total time 4.472865s
|V|=6024259
Intersection Graph Marked: 0.695153s
Version Time: 0.166190
direct hop total time 1.030073s
work sharing total time 0.813189s
CommonGraph total time 0.813189s
Running: build/SSNPbaseline /home/xyin014/graph/sx/stack_snap source/sx.txt 16 0.01 0
read: 14.980202s
loading graph /home/xyin014/graph/sx/stack_snap, root file is source/sx.txt, batch_num is 16, batch_size is 362334
read: 0.006511s
|E|=36233445
|V|=6024259
streaming total time 4.324807s
|V|=6024259
Intersection Graph Marked: 0.698759s
Version Time: 0.157488
direct hop total time 1.736985s
work sharing total time 1.218104s
CommonGraph total time 1.218104s
Running: build/SSNPbaseline /home/xyin014/graph/sx/stack_snap source/sx.txt 16 0.01 1
read: 14.984616s
loading graph /home/xyin014/graph/sx/stack_snap, root file is source/sx.txt, batch_num is 16, batch_size is 362334
read: 0.006506s
|E|=36233445
|V|=6024259
streaming total time 3.126639s
|V|=6024259
Intersection Graph Marked: 0.711887s
Version Time: 0.139807
direct hop total time 1.637961s
work sharing total time 1.234022s
CommonGraph total time 1.234022s
Running: build/SSNPbaseline /home/xyin014/graph/sx/stack_snap source/sx.txt 16 0.01 2
read: 15.152371s
loading graph /home/xyin014/graph/sx/stack_snap, root file is source/sx.txt, batch_num is 16, batch_size is 362334
read: 0.006476s
|E|=36233445
|V|=6024259
streaming total time 3.872208s
|V|=6024259
Intersection Graph Marked: 0.719400s
Version Time: 0.139010
direct hop total time 1.865278s
work sharing total time 1.382949s
CommonGraph total time 1.382949s
Running: build/SSNPbaseline /home/xyin014/graph/sx/stack_snap source/sx.txt 16 0.01 3
read: 15.096101s
loading graph /home/xyin014/graph/sx/stack_snap, root file is source/sx.txt, batch_num is 16, batch_size is 362334
read: 0.006511s
|E|=36233445
|V|=6024259
streaming total time 2.453288s
|V|=6024259
Intersection Graph Marked: 0.649702s
Version Time: 0.009131
direct hop total time 0.121444s
work sharing total time 0.071782s
CommonGraph total time 0.071782s
Running: build/SSNPbaseline /home/xyin014/graph/sx/stack_snap source/sx.txt 16 0.01 4
read: 15.085964s
loading graph /home/xyin014/graph/sx/stack_snap, root file is source/sx.txt, batch_num is 16, batch_size is 362334
read: 0.006578s
|E|=36233445
|V|=6024259
streaming total time 3.337581s
|V|=6024259
Intersection Graph Marked: 0.686581s
Version Time: 0.142213
direct hop total time 2.091620s
work sharing total time 1.406136s
CommonGraph total time 1.406136s
Running: build/SSNPbaseline /home/xyin014/graph/sx/stack_snap source/sx.txt 16 0.01 5
read: 14.973754s
loading graph /home/xyin014/graph/sx/stack_snap, root file is source/sx.txt, batch_num is 16, batch_size is 362334
read: 0.006726s
|E|=36233445
|V|=6024259
streaming total time 3.102983s
|V|=6024259
Intersection Graph Marked: 0.783633s
Version Time: 0.167784
direct hop total time 1.648513s
work sharing total time 1.227700s
CommonGraph total time 1.227700s
Running: build/SSNPbaseline /home/xyin014/graph/sx/stack_snap source/sx.txt 16 0.01 6
read: 14.973536s
loading graph /home/xyin014/graph/sx/stack_snap, root file is source/sx.txt, batch_num is 16, batch_size is 362334
read: 0.006533s
|E|=36233445
|V|=6024259
streaming total time 2.827009s
|V|=6024259
Intersection Graph Marked: 0.790696s
Version Time: 0.003981
direct hop total time 0.116145s
work sharing total time 0.071228s
CommonGraph total time 0.071228s
Running: build/SSNPbaseline /home/xyin014/graph/sx/stack_snap source/sx.txt 16 0.01 7
read: 14.954234s
loading graph /home/xyin014/graph/sx/stack_snap, root file is source/sx.txt, batch_num is 16, batch_size is 362334
read: 0.006446s
|E|=36233445
|V|=6024259
streaming total time 3.240971s
|V|=6024259
Intersection Graph Marked: 0.793398s
Version Time: 0.134032
direct hop total time 1.943850s
work sharing total time 1.347704s
CommonGraph total time 1.347704s
Running: build/SSNPbaseline /home/xyin014/graph/sx/stack_snap source/sx.txt 16 0.01 8
read: 14.954939s
loading graph /home/xyin014/graph/sx/stack_snap, root file is source/sx.txt, batch_num is 16, batch_size is 362334
read: 0.006678s
|E|=36233445
|V|=6024259
streaming total time 2.836402s
|V|=6024259
Intersection Graph Marked: 0.842322s
Version Time: 0.176865
direct hop total time 1.666289s
work sharing total time 1.325543s
CommonGraph total time 1.325543s
Running: build/SSNPbaseline /home/xyin014/graph/sx/stack_snap source/sx.txt 16 0.01 9
read: 15.009919s
loading graph /home/xyin014/graph/sx/stack_snap, root file is source/sx.txt, batch_num is 16, batch_size is 362334
read: 0.006483s
|E|=36233445
|V|=6024259
streaming total time 3.549367s
|V|=6024259
Intersection Graph Marked: 0.801556s
Version Time: 0.139717
direct hop total time 1.881157s
work sharing total time 1.370440s
CommonGraph total time 1.370440s
Running: build/SSNPbaseline /home/xyin014/graph/sx/stack_snap source/sx.txt 16 0.01 10
read: 14.972141s
loading graph /home/xyin014/graph/sx/stack_snap, root file is source/sx.txt, batch_num is 16, batch_size is 362334
read: 0.006467s
|E|=36233445
|V|=6024259
streaming total time 3.764035s
|V|=6024259
Intersection Graph Marked: 0.772964s
Version Time: 0.159814
direct hop total time 1.957089s
work sharing total time 1.432566s
CommonGraph total time 1.432566s
Running: build/SSNPbaseline /home/xyin014/graph/sx/stack_snap source/sx.txt 16 0.01 11
read: 14.970851s
loading graph /home/xyin014/graph/sx/stack_snap, root file is source/sx.txt, batch_num is 16, batch_size is 362334
read: 0.006455s
|E|=36233445
|V|=6024259
streaming total time 2.518253s
|V|=6024259
Intersection Graph Marked: 0.646132s
Version Time: 0.004016
direct hop total time 0.126975s
work sharing total time 0.075011s
CommonGraph total time 0.075011s
Running: build/SSNPbaseline /home/xyin014/graph/sx/stack_snap source/sx.txt 16 0.01 12
read: 14.970131s
loading graph /home/xyin014/graph/sx/stack_snap, root file is source/sx.txt, batch_num is 16, batch_size is 362334
read: 0.006483s
|E|=36233445
|V|=6024259
streaming total time 2.651894s
|V|=6024259
Intersection Graph Marked: 0.669952s
Version Time: 0.009382
direct hop total time 0.117023s
work sharing total time 0.094200s
CommonGraph total time 0.094200s
Running: build/SSNPbaseline /home/xyin014/graph/sx/stack_snap source/sx.txt 16 0.01 13
read: 14.968285s
loading graph /home/xyin014/graph/sx/stack_snap, root file is source/sx.txt, batch_num is 16, batch_size is 362334
read: 0.006463s
|E|=36233445
|V|=6024259
streaming total time 3.682964s
|V|=6024259
Intersection Graph Marked: 0.754453s
Version Time: 0.011899
direct hop total time 0.135138s
work sharing total time 0.092195s
CommonGraph total time 0.092195s
Running: build/SSNPbaseline /home/xyin014/graph/sx/stack_snap source/sx.txt 16 0.01 14
read: 14.964591s
loading graph /home/xyin014/graph/sx/stack_snap, root file is source/sx.txt, batch_num is 16, batch_size is 362334
read: 0.006468s
|E|=36233445
|V|=6024259
streaming total time 1.663476s
|V|=6024259
Intersection Graph Marked: 0.723065s
Version Time: 0.004046
direct hop total time 0.124174s
work sharing total time 0.080645s
CommonGraph total time 0.080645s
Running: build/SSNPbaseline /home/xyin014/graph/sx/stack_snap source/sx.txt 16 0.01 15
read: 14.970533s
loading graph /home/xyin014/graph/sx/stack_snap, root file is source/sx.txt, batch_num is 16, batch_size is 362334
read: 0.006377s
|E|=36233445
|V|=6024259
streaming total time 1.999569s
|V|=6024259
Intersection Graph Marked: 0.826687s
Version Time: 0.156460
direct hop total time 1.728417s
work sharing total time 1.238139s
CommonGraph total time 1.238139s
Running: build/SSNPbaseline /home/xyin014/graph/sx/stack_snap source/sx.txt 32 0.005 0
read: 15.074415s
loading graph /home/xyin014/graph/sx/stack_snap, root file is source/sx.txt, batch_num is 32, batch_size is 181167
read: 0.006448s
|E|=36233445
|V|=6024259
streaming total time 2.951320s
|V|=6024259
Intersection Graph Marked: 0.775264s
Version Time: 0.159960
direct hop total time 3.244597s
work sharing total time 2.297556s
CommonGraph total time 2.297556s
Running: build/SSNPbaseline /home/xyin014/graph/sx/stack_snap source/sx.txt 32 0.005 1
read: 14.976765s
loading graph /home/xyin014/graph/sx/stack_snap, root file is source/sx.txt, batch_num is 32, batch_size is 181167
read: 0.006480s
|E|=36233445
|V|=6024259
streaming total time 3.022853s
|V|=6024259
Intersection Graph Marked: 0.751922s
Version Time: 0.138614
direct hop total time 3.776848s
work sharing total time 2.507231s
CommonGraph total time 2.507231s
Running: build/SSNPbaseline /home/xyin014/graph/sx/stack_snap source/sx.txt 32 0.005 2
read: 14.968642s
loading graph /home/xyin014/graph/sx/stack_snap, root file is source/sx.txt, batch_num is 32, batch_size is 181167
read: 0.007039s
|E|=36233445
|V|=6024259
streaming total time 3.652788s
|V|=6024259
Intersection Graph Marked: 0.693660s
Version Time: 0.141006
direct hop total time 3.309691s
work sharing total time 2.380249s
CommonGraph total time 2.380249s
Running: build/SSNPbaseline /home/xyin014/graph/sx/stack_snap source/sx.txt 32 0.005 3
read: 14.959781s
loading graph /home/xyin014/graph/sx/stack_snap, root file is source/sx.txt, batch_num is 32, batch_size is 181167
read: 0.006488s
|E|=36233445
|V|=6024259
streaming total time 1.615336s
|V|=6024259
Intersection Graph Marked: 0.806837s
Version Time: 0.011104
direct hop total time 0.218159s
work sharing total time 0.163985s
CommonGraph total time 0.163985s
Running: build/SSNPbaseline /home/xyin014/graph/sx/stack_snap source/sx.txt 32 0.005 4
read: 14.969060s
loading graph /home/xyin014/graph/sx/stack_snap, root file is source/sx.txt, batch_num is 32, batch_size is 181167
read: 0.006421s
|E|=36233445
|V|=6024259
streaming total time 2.443929s
|V|=6024259
Intersection Graph Marked: 0.748942s
Version Time: 0.140081
direct hop total time 3.621674s
work sharing total time 2.507140s
CommonGraph total time 2.507140s
Running: build/SSNPbaseline /home/xyin014/graph/sx/stack_snap source/sx.txt 32 0.005 5
read: 14.973221s
loading graph /home/xyin014/graph/sx/stack_snap, root file is source/sx.txt, batch_num is 32, batch_size is 181167
read: 0.006582s
|E|=36233445
|V|=6024259
streaming total time 2.440226s
|V|=6024259
Intersection Graph Marked: 0.677499s
Version Time: 0.153512
direct hop total time 3.606705s
work sharing total time 2.494292s
CommonGraph total time 2.494292s
Running: build/SSNPbaseline /home/xyin014/graph/sx/stack_snap source/sx.txt 32 0.005 6
read: 14.958529s
loading graph /home/xyin014/graph/sx/stack_snap, root file is source/sx.txt, batch_num is 32, batch_size is 181167
read: 0.007001s
|E|=36233445
|V|=6024259
streaming total time 1.493349s
|V|=6024259
Intersection Graph Marked: 0.689604s
Version Time: 0.010827
direct hop total time 0.223389s
work sharing total time 0.139566s
CommonGraph total time 0.139566s
Running: build/SSNPbaseline /home/xyin014/graph/sx/stack_snap source/sx.txt 32 0.005 7
read: 14.973323s
loading graph /home/xyin014/graph/sx/stack_snap, root file is source/sx.txt, batch_num is 32, batch_size is 181167
read: 0.006450s
|E|=36233445
|V|=6024259
streaming total time 3.312608s
|V|=6024259
Intersection Graph Marked: 0.662969s
Version Time: 0.135023
direct hop total time 4.048970s
work sharing total time 2.546270s
CommonGraph total time 2.546270s
Running: build/SSNPbaseline /home/xyin014/graph/sx/stack_snap source/sx.txt 32 0.005 8
read: 14.969919s
loading graph /home/xyin014/graph/sx/stack_snap, root file is source/sx.txt, batch_num is 32, batch_size is 181167
read: 0.006508s
|E|=36233445
|V|=6024259
streaming total time 2.936039s
|V|=6024259
Intersection Graph Marked: 0.840403s
Version Time: 0.171095
direct hop total time 3.283825s
work sharing total time 2.285140s
CommonGraph total time 2.285140s
Running: build/SSNPbaseline /home/xyin014/graph/sx/stack_snap source/sx.txt 32 0.005 9
read: 14.977563s
loading graph /home/xyin014/graph/sx/stack_snap, root file is source/sx.txt, batch_num is 32, batch_size is 181167
read: 0.006424s
|E|=36233445
|V|=6024259
streaming total time 3.473641s
|V|=6024259
Intersection Graph Marked: 0.662479s
Version Time: 0.145240
direct hop total time 3.821676s
work sharing total time 2.536753s
CommonGraph total time 2.536753s
Running: build/SSNPbaseline /home/xyin014/graph/sx/stack_snap source/sx.txt 32 0.005 10
read: 15.306534s
loading graph /home/xyin014/graph/sx/stack_snap, root file is source/sx.txt, batch_num is 32, batch_size is 181167
read: 0.006474s
|E|=36233445
|V|=6024259
streaming total time 3.442737s
|V|=6024259
Intersection Graph Marked: 0.677285s
Version Time: 0.161680
direct hop total time 3.219915s
work sharing total time 2.345697s
CommonGraph total time 2.345697s
Running: build/SSNPbaseline /home/xyin014/graph/sx/stack_snap source/sx.txt 32 0.005 11
read: 14.982507s
loading graph /home/xyin014/graph/sx/stack_snap, root file is source/sx.txt, batch_num is 32, batch_size is 181167
read: 0.006512s
|E|=36233445
|V|=6024259
streaming total time 3.021447s
|V|=6024259
Intersection Graph Marked: 0.758417s
Version Time: 0.003968
direct hop total time 0.226770s
work sharing total time 0.145872s
CommonGraph total time 0.145872s
Running: build/SSNPbaseline /home/xyin014/graph/sx/stack_snap source/sx.txt 32 0.005 12
read: 14.964785s
loading graph /home/xyin014/graph/sx/stack_snap, root file is source/sx.txt, batch_num is 32, batch_size is 181167
read: 0.006555s
|E|=36233445
|V|=6024259
streaming total time 2.411953s
|V|=6024259
Intersection Graph Marked: 0.658873s
Version Time: 0.004108
direct hop total time 0.223262s
work sharing total time 0.132445s
CommonGraph total time 0.132445s
Running: build/SSNPbaseline /home/xyin014/graph/sx/stack_snap source/sx.txt 32 0.005 13
read: 15.026937s
loading graph /home/xyin014/graph/sx/stack_snap, root file is source/sx.txt, batch_num is 32, batch_size is 181167
read: 0.006482s
|E|=36233445
|V|=6024259
streaming total time 1.770252s
|V|=6024259
Intersection Graph Marked: 0.749035s
Version Time: 0.008588
direct hop total time 0.250784s
work sharing total time 0.130893s
CommonGraph total time 0.130893s
Running: build/SSNPbaseline /home/xyin014/graph/sx/stack_snap source/sx.txt 32 0.005 14
read: 14.971317s
loading graph /home/xyin014/graph/sx/stack_snap, root file is source/sx.txt, batch_num is 32, batch_size is 181167
read: 0.006555s
|E|=36233445
|V|=6024259
streaming total time 1.593214s
|V|=6024259
Intersection Graph Marked: 0.724829s
Version Time: 0.006345
direct hop total time 0.227007s
work sharing total time 0.131695s
CommonGraph total time 0.131695s
Running: build/SSNPbaseline /home/xyin014/graph/sx/stack_snap source/sx.txt 32 0.005 15
read: 15.081274s
loading graph /home/xyin014/graph/sx/stack_snap, root file is source/sx.txt, batch_num is 32, batch_size is 181167
read: 0.006409s
|E|=36233445
|V|=6024259
streaming total time 3.161760s
|V|=6024259
Intersection Graph Marked: 0.764526s
Version Time: 0.259151
direct hop total time 3.747218s
work sharing total time 2.529873s
CommonGraph total time 2.529873s
Running: build/SSNPbaseline /home/xyin014/graph/sx/stack_snap source/sx.txt 64 0.0025 0
read: 15.007739s
loading graph /home/xyin014/graph/sx/stack_snap, root file is source/sx.txt, batch_num is 64, batch_size is 90583
read: 0.006728s
|E|=36233445
|V|=6024259
streaming total time 3.998392s
|V|=6024259
Intersection Graph Marked: 0.759596s
Version Time: 0.147370
direct hop total time 6.265419s
work sharing total time 4.666337s
CommonGraph total time 4.666337s
Running: build/SSNPbaseline /home/xyin014/graph/sx/stack_snap source/sx.txt 64 0.0025 1
read: 14.959876s
loading graph /home/xyin014/graph/sx/stack_snap, root file is source/sx.txt, batch_num is 64, batch_size is 90583
read: 0.006502s
|E|=36233445
|V|=6024259
streaming total time 4.184275s
|V|=6024259
Intersection Graph Marked: 0.637920s
Version Time: 0.156734
direct hop total time 7.380391s
work sharing total time 4.925675s
CommonGraph total time 4.925675s
Running: build/SSNPbaseline /home/xyin014/graph/sx/stack_snap source/sx.txt 64 0.0025 2
read: 14.976990s
loading graph /home/xyin014/graph/sx/stack_snap, root file is source/sx.txt, batch_num is 64, batch_size is 90583
read: 0.006462s
|E|=36233445
|V|=6024259
streaming total time 3.672537s
|V|=6024259
Intersection Graph Marked: 0.787663s
Version Time: 0.134646
direct hop total time 6.781679s
work sharing total time 4.737088s
CommonGraph total time 4.737088s
Running: build/SSNPbaseline /home/xyin014/graph/sx/stack_snap source/sx.txt 64 0.0025 3
read: 14.979063s
loading graph /home/xyin014/graph/sx/stack_snap, root file is source/sx.txt, batch_num is 64, batch_size is 90583
read: 0.006600s
|E|=36233445
|V|=6024259
streaming total time 1.291399s
|V|=6024259
Intersection Graph Marked: 0.842272s
Version Time: 0.006401
direct hop total time 0.434616s
work sharing total time 0.248168s
CommonGraph total time 0.248168s
Running: build/SSNPbaseline /home/xyin014/graph/sx/stack_snap source/sx.txt 64 0.0025 4
read: 14.973219s
loading graph /home/xyin014/graph/sx/stack_snap, root file is source/sx.txt, batch_num is 64, batch_size is 90583
read: 0.006445s
|E|=36233445
|V|=6024259
streaming total time 3.956915s
|V|=6024259
Intersection Graph Marked: 0.785760s
Version Time: 0.247030
direct hop total time 7.829567s
work sharing total time 5.270479s
CommonGraph total time 5.270479s
Running: build/SSNPbaseline /home/xyin014/graph/sx/stack_snap source/sx.txt 64 0.0025 5
read: 14.979882s
loading graph /home/xyin014/graph/sx/stack_snap, root file is source/sx.txt, batch_num is 64, batch_size is 90583
read: 0.009464s
|E|=36233445
|V|=6024259
streaming total time 4.025491s
|V|=6024259
Intersection Graph Marked: 0.814425s
Version Time: 0.154705
direct hop total time 6.274369s
work sharing total time 4.578509s
CommonGraph total time 4.578509s
Running: build/SSNPbaseline /home/xyin014/graph/sx/stack_snap source/sx.txt 64 0.0025 6
read: 14.996554s
loading graph /home/xyin014/graph/sx/stack_snap, root file is source/sx.txt, batch_num is 64, batch_size is 90583
read: 0.006560s
|E|=36233445
|V|=6024259
streaming total time 2.681536s
|V|=6024259
Intersection Graph Marked: 0.648743s
Version Time: 0.010351
direct hop total time 0.424748s
work sharing total time 0.247693s
CommonGraph total time 0.247693s
Running: build/SSNPbaseline /home/xyin014/graph/sx/stack_snap source/sx.txt 64 0.0025 7
read: 14.965353s
loading graph /home/xyin014/graph/sx/stack_snap, root file is source/sx.txt, batch_num is 64, batch_size is 90583
read: 0.006417s
|E|=36233445
|V|=6024259
streaming total time 4.247962s
|V|=6024259
Intersection Graph Marked: 0.669393s
Version Time: 0.135913
direct hop total time 7.351481s
work sharing total time 5.193040s
CommonGraph total time 5.193040s
Running: build/SSNPbaseline /home/xyin014/graph/sx/stack_snap source/sx.txt 64 0.0025 8
read: 15.030464s
loading graph /home/xyin014/graph/sx/stack_snap, root file is source/sx.txt, batch_num is 64, batch_size is 90583
read: 0.006610s
|E|=36233445
|V|=6024259
streaming total time 3.268287s
|V|=6024259
Intersection Graph Marked: 0.641104s
Version Time: 0.172097
direct hop total time 6.279289s
work sharing total time 4.447214s
CommonGraph total time 4.447214s
Running: build/SSNPbaseline /home/xyin014/graph/sx/stack_snap source/sx.txt 64 0.0025 9
read: 15.036240s
loading graph /home/xyin014/graph/sx/stack_snap, root file is source/sx.txt, batch_num is 64, batch_size is 90583
read: 0.006486s
|E|=36233445
|V|=6024259
streaming total time 3.538852s
|V|=6024259
Intersection Graph Marked: 0.812919s
Version Time: 0.141269
direct hop total time 6.386637s
work sharing total time 4.239201s
CommonGraph total time 4.239201s
Running: build/SSNPbaseline /home/xyin014/graph/sx/stack_snap source/sx.txt 64 0.0025 10
read: 14.991816s
loading graph /home/xyin014/graph/sx/stack_snap, root file is source/sx.txt, batch_num is 64, batch_size is 90583
read: 0.006536s
|E|=36233445
|V|=6024259
streaming total time 2.870204s
|V|=6024259
Intersection Graph Marked: 0.706015s
Version Time: 0.167582
direct hop total time 7.408539s
work sharing total time 4.925606s
CommonGraph total time 4.925606s
Running: build/SSNPbaseline /home/xyin014/graph/sx/stack_snap source/sx.txt 64 0.0025 11
read: 15.070370s
loading graph /home/xyin014/graph/sx/stack_snap, root file is source/sx.txt, batch_num is 64, batch_size is 90583
read: 0.006421s
|E|=36233445
|V|=6024259
streaming total time 1.998177s
|V|=6024259
Intersection Graph Marked: 0.664317s
Version Time: 0.005026
direct hop total time 0.426768s
work sharing total time 0.249241s
CommonGraph total time 0.249241s
Running: build/SSNPbaseline /home/xyin014/graph/sx/stack_snap source/sx.txt 64 0.0025 12
read: 14.993807s
loading graph /home/xyin014/graph/sx/stack_snap, root file is source/sx.txt, batch_num is 64, batch_size is 90583
read: 0.006524s
|E|=36233445
|V|=6024259
streaming total time 2.028362s
|V|=6024259
Intersection Graph Marked: 0.739876s
Version Time: 0.006783
direct hop total time 0.428458s
work sharing total time 0.248741s
CommonGraph total time 0.248741s
Running: build/SSNPbaseline /home/xyin014/graph/sx/stack_snap source/sx.txt 64 0.0025 13
read: 14.981668s
loading graph /home/xyin014/graph/sx/stack_snap, root file is source/sx.txt, batch_num is 64, batch_size is 90583
read: 0.006423s
|E|=36233445
|V|=6024259
streaming total time 1.955522s
|V|=6024259
Intersection Graph Marked: 0.816592s
Version Time: 0.007198
direct hop total time 0.422161s
work sharing total time 0.257115s
CommonGraph total time 0.257115s
Running: build/SSNPbaseline /home/xyin014/graph/sx/stack_snap source/sx.txt 64 0.0025 14
read: 15.007711s
loading graph /home/xyin014/graph/sx/stack_snap, root file is source/sx.txt, batch_num is 64, batch_size is 90583
read: 0.006415s
|E|=36233445
|V|=6024259
streaming total time 1.883981s
|V|=6024259
Intersection Graph Marked: 0.748155s
Version Time: 0.004001
direct hop total time 0.444121s
work sharing total time 0.249907s
CommonGraph total time 0.249907s
Running: build/SSNPbaseline /home/xyin014/graph/sx/stack_snap source/sx.txt 64 0.0025 15
read: 15.048878s
loading graph /home/xyin014/graph/sx/stack_snap, root file is source/sx.txt, batch_num is 64, batch_size is 90583
read: 0.006493s
|E|=36233445
|V|=6024259
streaming total time 3.406461s
|V|=6024259
Intersection Graph Marked: 0.657130s
Version Time: 0.156370
direct hop total time 7.383611s
work sharing total time 4.989309s
CommonGraph total time 4.989309s
Running: build/SSNPbaseline /home/xyin014/graph/wiki/snap_wiki source/wiki_src.txt 8 0.02 0
read: 5.790158s
loading graph /home/xyin014/graph/wiki/snap_wiki, root file is source/wiki_src.txt, batch_num is 8, batch_size is 292273
read: 0.002564s
|E|=14613674
|V|=1870709
streaming total time 10.878982s
|V|=1870709
Intersection Graph Marked: 26.788265s
Version Time: 0.001738
direct hop total time 0.352052s
work sharing total time 0.362744s
CommonGraph total time 0.362744s
Running: build/SSNPbaseline /home/xyin014/graph/wiki/snap_wiki source/wiki_src.txt 8 0.02 1
read: 5.786051s
loading graph /home/xyin014/graph/wiki/snap_wiki, root file is source/wiki_src.txt, batch_num is 8, batch_size is 292273
read: 0.002522s
|E|=14613674
|V|=1870709
streaming total time 11.144797s
|V|=1870709
Intersection Graph Marked: 24.955329s
Version Time: 0.514204
direct hop total time 0.736302s
work sharing total time 0.771895s
CommonGraph total time 0.771895s
Running: build/SSNPbaseline /home/xyin014/graph/wiki/snap_wiki source/wiki_src.txt 8 0.02 2
read: 5.797731s
loading graph /home/xyin014/graph/wiki/snap_wiki, root file is source/wiki_src.txt, batch_num is 8, batch_size is 292273
read: 0.002578s
|E|=14613674
|V|=1870709
streaming total time 11.992527s
|V|=1870709
Intersection Graph Marked: 35.591510s
Version Time: 0.252004
direct hop total time 0.541963s
work sharing total time 0.529492s
CommonGraph total time 0.529492s
Running: build/SSNPbaseline /home/xyin014/graph/wiki/snap_wiki source/wiki_src.txt 8 0.02 3
read: 5.787961s
loading graph /home/xyin014/graph/wiki/snap_wiki, root file is source/wiki_src.txt, batch_num is 8, batch_size is 292273
read: 0.002540s
|E|=14613674
|V|=1870709
streaming total time 12.038833s
|V|=1870709
Intersection Graph Marked: 23.924641s
Version Time: 0.251507
direct hop total time 0.452250s
work sharing total time 0.473742s
CommonGraph total time 0.473742s
Running: build/SSNPbaseline /home/xyin014/graph/wiki/snap_wiki source/wiki_src.txt 8 0.02 4
read: 5.779331s
loading graph /home/xyin014/graph/wiki/snap_wiki, root file is source/wiki_src.txt, batch_num is 8, batch_size is 292273
read: 0.002648s
|E|=14613674
|V|=1870709
streaming total time 11.258312s
|V|=1870709
Intersection Graph Marked: 25.919804s
Version Time: 0.482800
direct hop total time 0.745797s
work sharing total time 0.761154s
CommonGraph total time 0.761154s
Running: build/SSNPbaseline /home/xyin014/graph/wiki/snap_wiki source/wiki_src.txt 8 0.02 5
read: 5.796610s
loading graph /home/xyin014/graph/wiki/snap_wiki, root file is source/wiki_src.txt, batch_num is 8, batch_size is 292273
read: 0.002556s
|E|=14613674
|V|=1870709
streaming total time 11.441874s
|V|=1870709
Intersection Graph Marked: 27.453290s
Version Time: 0.353770
direct hop total time 0.920736s
work sharing total time 0.946617s
CommonGraph total time 0.946617s
Running: build/SSNPbaseline /home/xyin014/graph/wiki/snap_wiki source/wiki_src.txt 8 0.02 6
read: 5.783917s
loading graph /home/xyin014/graph/wiki/snap_wiki, root file is source/wiki_src.txt, batch_num is 8, batch_size is 292273
read: 0.002608s
|E|=14613674
|V|=1870709
streaming total time 11.835956s
|V|=1870709
Intersection Graph Marked: 25.916541s
Version Time: 0.418475
direct hop total time 1.315106s
work sharing total time 1.202804s
CommonGraph total time 1.202804s
Running: build/SSNPbaseline /home/xyin014/graph/wiki/snap_wiki source/wiki_src.txt 8 0.02 7
read: 5.784106s
loading graph /home/xyin014/graph/wiki/snap_wiki, root file is source/wiki_src.txt, batch_num is 8, batch_size is 292273
read: 0.002539s
|E|=14613674
|V|=1870709
streaming total time 13.041008s
|V|=1870709
Intersection Graph Marked: 34.837249s
Version Time: 0.356061
direct hop total time 0.695973s
work sharing total time 0.692042s
CommonGraph total time 0.692042s
Running: build/SSNPbaseline /home/xyin014/graph/wiki/snap_wiki source/wiki_src.txt 8 0.02 8
read: 5.789826s
loading graph /home/xyin014/graph/wiki/snap_wiki, root file is source/wiki_src.txt, batch_num is 8, batch_size is 292273
read: 0.002572s
|E|=14613674
|V|=1870709
streaming total time 10.907061s
|V|=1870709
Intersection Graph Marked: 25.069561s
Version Time: 0.366391
direct hop total time 0.591268s
work sharing total time 0.617221s
CommonGraph total time 0.617221s
Running: build/SSNPbaseline /home/xyin014/graph/wiki/snap_wiki source/wiki_src.txt 8 0.02 9
read: 5.792915s
loading graph /home/xyin014/graph/wiki/snap_wiki, root file is source/wiki_src.txt, batch_num is 8, batch_size is 292273
read: 0.002573s
|E|=14613674
|V|=1870709
streaming total time 12.910433s
|V|=1870709
Intersection Graph Marked: 28.439049s
Version Time: 0.354923
direct hop total time 0.566981s
work sharing total time 0.550492s
CommonGraph total time 0.550492s
Running: build/SSNPbaseline /home/xyin014/graph/wiki/snap_wiki source/wiki_src.txt 8 0.02 10
read: 5.791715s
loading graph /home/xyin014/graph/wiki/snap_wiki, root file is source/wiki_src.txt, batch_num is 8, batch_size is 292273
read: 0.002623s
|E|=14613674
|V|=1870709
streaming total time 10.840424s
|V|=1870709
Intersection Graph Marked: 25.462738s
Version Time: 0.384067
direct hop total time 0.796813s
work sharing total time 0.740426s
CommonGraph total time 0.740426s
Running: build/SSNPbaseline /home/xyin014/graph/wiki/snap_wiki source/wiki_src.txt 8 0.02 11
read: 5.844846s
loading graph /home/xyin014/graph/wiki/snap_wiki, root file is source/wiki_src.txt, batch_num is 8, batch_size is 292273
read: 0.013362s
|E|=14613674
|V|=1870709
streaming total time 11.696256s
|V|=1870709
Intersection Graph Marked: 27.876941s
Version Time: 0.389383
direct hop total time 0.586601s
work sharing total time 0.613675s
CommonGraph total time 0.613675s
Running: build/SSNPbaseline /home/xyin014/graph/wiki/snap_wiki source/wiki_src.txt 8 0.02 12
read: 5.790928s
loading graph /home/xyin014/graph/wiki/snap_wiki, root file is source/wiki_src.txt, batch_num is 8, batch_size is 292273
read: 0.002559s
|E|=14613674
|V|=1870709
streaming total time 11.518038s
|V|=1870709
Intersection Graph Marked: 49.529796s
Version Time: 0.454368
direct hop total time 0.828336s
work sharing total time 0.750329s
CommonGraph total time 0.750329s
Running: build/SSNPbaseline /home/xyin014/graph/wiki/snap_wiki source/wiki_src.txt 8 0.02 13
read: 5.797118s
loading graph /home/xyin014/graph/wiki/snap_wiki, root file is source/wiki_src.txt, batch_num is 8, batch_size is 292273
read: 0.002570s
|E|=14613674
|V|=1870709
streaming total time 14.217527s
|V|=1870709
Intersection Graph Marked: 27.995913s
Version Time: 0.331860
direct hop total time 0.882641s
work sharing total time 0.696490s
CommonGraph total time 0.696490s
Running: build/SSNPbaseline /home/xyin014/graph/wiki/snap_wiki source/wiki_src.txt 8 0.02 14
read: 5.809578s
loading graph /home/xyin014/graph/wiki/snap_wiki, root file is source/wiki_src.txt, batch_num is 8, batch_size is 292273
read: 0.002611s
|E|=14613674
|V|=1870709
streaming total time 15.078111s
|V|=1870709
Intersection Graph Marked: 28.186568s
Version Time: 0.368360
direct hop total time 1.047205s
work sharing total time 1.026757s
CommonGraph total time 1.026757s
Running: build/SSNPbaseline /home/xyin014/graph/wiki/snap_wiki source/wiki_src.txt 8 0.02 15
read: 5.794951s
loading graph /home/xyin014/graph/wiki/snap_wiki, root file is source/wiki_src.txt, batch_num is 8, batch_size is 292273
read: 0.002519s
|E|=14613674
|V|=1870709
streaming total time 9.676050s
|V|=1870709
Intersection Graph Marked: 41.775090s
Version Time: 0.335426
direct hop total time 0.533557s
work sharing total time 0.470324s
CommonGraph total time 0.470324s
Running: build/SSNPbaseline /home/xyin014/graph/wiki/snap_wiki source/wiki_src.txt 16 0.01 0
read: 5.787616s
loading graph /home/xyin014/graph/wiki/snap_wiki, root file is source/wiki_src.txt, batch_num is 16, batch_size is 146136
read: 0.002561s
|E|=14613674
|V|=1870709
streaming total time 12.685699s
|V|=1870709
Intersection Graph Marked: 29.567780s
Version Time: 0.001442
direct hop total time 0.622955s
work sharing total time 0.629482s
CommonGraph total time 0.629482s
Running: build/SSNPbaseline /home/xyin014/graph/wiki/snap_wiki source/wiki_src.txt 16 0.01 1
read: 5.825728s
loading graph /home/xyin014/graph/wiki/snap_wiki, root file is source/wiki_src.txt, batch_num is 16, batch_size is 146136
read: 0.002637s
|E|=14613674
|V|=1870709
streaming total time 16.439816s
|V|=1870709
Intersection Graph Marked: 25.385340s
Version Time: 0.505433
direct hop total time 1.429207s
work sharing total time 1.464526s
CommonGraph total time 1.464526s
Running: build/SSNPbaseline /home/xyin014/graph/wiki/snap_wiki source/wiki_src.txt 16 0.01 2
read: 5.815009s
loading graph /home/xyin014/graph/wiki/snap_wiki, root file is source/wiki_src.txt, batch_num is 16, batch_size is 146136
read: 0.002551s
|E|=14613674
|V|=1870709
streaming total time 11.819428s
|V|=1870709
Intersection Graph Marked: 25.690241s
Version Time: 0.278228
direct hop total time 1.086659s
work sharing total time 1.172971s
CommonGraph total time 1.172971s
Running: build/SSNPbaseline /home/xyin014/graph/wiki/snap_wiki source/wiki_src.txt 16 0.01 3
read: 5.798897s
loading graph /home/xyin014/graph/wiki/snap_wiki, root file is source/wiki_src.txt, batch_num is 16, batch_size is 146136
read: 0.002762s
|E|=14613674
|V|=1870709
streaming total time 11.630666s
|V|=1870709
Intersection Graph Marked: 25.532032s
Version Time: 0.235846
direct hop total time 0.816160s
work sharing total time 0.661456s
CommonGraph total time 0.661456s
Running: build/SSNPbaseline /home/xyin014/graph/wiki/snap_wiki source/wiki_src.txt 16 0.01 4
read: 5.784386s
loading graph /home/xyin014/graph/wiki/snap_wiki, root file is source/wiki_src.txt, batch_num is 16, batch_size is 146136
read: 0.002667s
|E|=14613674
|V|=1870709
streaming total time 10.477601s
|V|=1870709
Intersection Graph Marked: 24.868938s
Version Time: 0.501997
direct hop total time 1.468360s
work sharing total time 1.416672s
CommonGraph total time 1.416672s
Running: build/SSNPbaseline /home/xyin014/graph/wiki/snap_wiki source/wiki_src.txt 16 0.01 5
read: 5.791620s
loading graph /home/xyin014/graph/wiki/snap_wiki, root file is source/wiki_src.txt, batch_num is 16, batch_size is 146136
read: 0.002607s
|E|=14613674
|V|=1870709
streaming total time 11.080690s
|V|=1870709
Intersection Graph Marked: 27.810578s
Version Time: 0.365046
direct hop total time 1.723289s
work sharing total time 1.749861s
CommonGraph total time 1.749861s
Running: build/SSNPbaseline /home/xyin014/graph/wiki/snap_wiki source/wiki_src.txt 16 0.01 6
read: 5.809008s
loading graph /home/xyin014/graph/wiki/snap_wiki, root file is source/wiki_src.txt, batch_num is 16, batch_size is 146136
read: 0.002630s
|E|=14613674
|V|=1870709
streaming total time 12.034142s
|V|=1870709
Intersection Graph Marked: 27.172360s
Version Time: 0.424543
direct hop total time 2.337510s
work sharing total time 2.416356s
CommonGraph total time 2.416356s
Running: build/SSNPbaseline /home/xyin014/graph/wiki/snap_wiki source/wiki_src.txt 16 0.01 7
read: 5.797459s
loading graph /home/xyin014/graph/wiki/snap_wiki, root file is source/wiki_src.txt, batch_num is 16, batch_size is 146136
read: 0.002535s
|E|=14613674
|V|=1870709
streaming total time 11.029831s
|V|=1870709
Intersection Graph Marked: 62.051160s
Version Time: 0.361425
direct hop total time 1.402814s
work sharing total time 1.285098s
CommonGraph total time 1.285098s
Running: build/SSNPbaseline /home/xyin014/graph/wiki/snap_wiki source/wiki_src.txt 16 0.01 8
read: 5.789822s
loading graph /home/xyin014/graph/wiki/snap_wiki, root file is source/wiki_src.txt, batch_num is 16, batch_size is 146136
read: 0.002634s
|E|=14613674
|V|=1870709
streaming total time 12.888703s
|V|=1870709
Intersection Graph Marked: 27.317721s
Version Time: 0.554672
direct hop total time 1.060232s
work sharing total time 0.924088s
CommonGraph total time 0.924088s
Running: build/SSNPbaseline /home/xyin014/graph/wiki/snap_wiki source/wiki_src.txt 16 0.01 9
read: 5.790845s
loading graph /home/xyin014/graph/wiki/snap_wiki, root file is source/wiki_src.txt, batch_num is 16, batch_size is 146136
read: 0.002612s
|E|=14613674
|V|=1870709
streaming total time 11.015515s
|V|=1870709
Intersection Graph Marked: 29.107892s
Version Time: 0.345131
direct hop total time 1.055543s
work sharing total time 0.982332s
CommonGraph total time 0.982332s
Running: build/SSNPbaseline /home/xyin014/graph/wiki/snap_wiki source/wiki_src.txt 16 0.01 10
read: 5.851170s
loading graph /home/xyin014/graph/wiki/snap_wiki, root file is source/wiki_src.txt, batch_num is 16, batch_size is 146136
read: 0.002514s
|E|=14613674
|V|=1870709
streaming total time 10.764379s
|V|=1870709
Intersection Graph Marked: 30.086680s
Version Time: 0.370551
direct hop total time 1.539736s
work sharing total time 1.263421s
CommonGraph total time 1.263421s
Running: build/SSNPbaseline /home/xyin014/graph/wiki/snap_wiki source/wiki_src.txt 16 0.01 11
read: 5.815957s
loading graph /home/xyin014/graph/wiki/snap_wiki, root file is source/wiki_src.txt, batch_num is 16, batch_size is 146136
read: 0.002628s
|E|=14613674
|V|=1870709
streaming total time 11.056234s
|V|=1870709
Intersection Graph Marked: 25.321852s
Version Time: 0.363745
direct hop total time 1.162952s
work sharing total time 1.146522s
CommonGraph total time 1.146522s
Running: build/SSNPbaseline /home/xyin014/graph/wiki/snap_wiki source/wiki_src.txt 16 0.01 12
read: 5.849137s
loading graph /home/xyin014/graph/wiki/snap_wiki, root file is source/wiki_src.txt, batch_num is 16, batch_size is 146136
read: 0.002579s
|E|=14613674
|V|=1870709
streaming total time 11.414472s
|V|=1870709
Intersection Graph Marked: 36.492550s
Version Time: 0.497239
direct hop total time 1.289506s
work sharing total time 1.359014s
CommonGraph total time 1.359014s
Running: build/SSNPbaseline /home/xyin014/graph/wiki/snap_wiki source/wiki_src.txt 16 0.01 13
read: 5.818755s
loading graph /home/xyin014/graph/wiki/snap_wiki, root file is source/wiki_src.txt, batch_num is 16, batch_size is 146136
read: 0.002530s
|E|=14613674
|V|=1870709
streaming total time 12.255642s
|V|=1870709
Intersection Graph Marked: 26.095836s
Version Time: 0.362825
direct hop total time 1.591723s
work sharing total time 1.021846s
CommonGraph total time 1.021846s
Running: build/SSNPbaseline /home/xyin014/graph/wiki/snap_wiki source/wiki_src.txt 16 0.01 14
read: 5.836640s
loading graph /home/xyin014/graph/wiki/snap_wiki, root file is source/wiki_src.txt, batch_num is 16, batch_size is 146136
read: 0.002621s
|E|=14613674
|V|=1870709
streaming total time 12.901875s
|V|=1870709
Intersection Graph Marked: 26.994410s
Version Time: 0.534909
direct hop total time 1.948207s
work sharing total time 1.991263s
CommonGraph total time 1.991263s
Running: build/SSNPbaseline /home/xyin014/graph/wiki/snap_wiki source/wiki_src.txt 16 0.01 15
read: 5.804669s
loading graph /home/xyin014/graph/wiki/snap_wiki, root file is source/wiki_src.txt, batch_num is 16, batch_size is 146136
read: 0.002538s
|E|=14613674
|V|=1870709
streaming total time 10.212720s
|V|=1870709
Intersection Graph Marked: 28.968842s
Version Time: 0.376933
direct hop total time 1.013239s
work sharing total time 1.063993s
CommonGraph total time 1.063993s
Running: build/SSNPbaseline /home/xyin014/graph/wiki/snap_wiki source/wiki_src.txt 32 0.005 0
read: 5.795641s
loading graph /home/xyin014/graph/wiki/snap_wiki, root file is source/wiki_src.txt, batch_num is 32, batch_size is 73068
read: 0.002549s
|E|=14613674
|V|=1870709
streaming total time 11.650733s
|V|=1870709
Intersection Graph Marked: 36.232349s
Version Time: 0.001606
direct hop total time 1.256129s
work sharing total time 1.079979s
CommonGraph total time 1.079979s
Running: build/SSNPbaseline /home/xyin014/graph/wiki/snap_wiki source/wiki_src.txt 32 0.005 1
read: 5.792976s
loading graph /home/xyin014/graph/wiki/snap_wiki, root file is source/wiki_src.txt, batch_num is 32, batch_size is 73068
read: 0.002581s
|E|=14613674
|V|=1870709
streaming total time 18.190523s
|V|=1870709
Intersection Graph Marked: 29.189239s
Version Time: 1.398202
direct hop total time 2.714844s
work sharing total time 2.807636s
CommonGraph total time 2.807636s
Running: build/SSNPbaseline /home/xyin014/graph/wiki/snap_wiki source/wiki_src.txt 32 0.005 2
read: 5.793529s
loading graph /home/xyin014/graph/wiki/snap_wiki, root file is source/wiki_src.txt, batch_num is 32, batch_size is 73068
read: 0.002688s
|E|=14613674
|V|=1870709
streaming total time 12.215412s
|V|=1870709
Intersection Graph Marked: 50.960261s
Version Time: 0.307803
direct hop total time 1.993943s
work sharing total time 1.736975s
CommonGraph total time 1.736975s
Running: build/SSNPbaseline /home/xyin014/graph/wiki/snap_wiki source/wiki_src.txt 32 0.005 3
read: 5.931396s
loading graph /home/xyin014/graph/wiki/snap_wiki, root file is source/wiki_src.txt, batch_num is 32, batch_size is 73068
read: 0.002706s
|E|=14613674
|V|=1870709
streaming total time 15.869517s
|V|=1870709
Intersection Graph Marked: 24.788457s
Version Time: 0.313867
direct hop total time 1.675964s
work sharing total time 1.313635s
CommonGraph total time 1.313635s
Running: build/SSNPbaseline /home/xyin014/graph/wiki/snap_wiki source/wiki_src.txt 32 0.005 4
read: 5.792787s
loading graph /home/xyin014/graph/wiki/snap_wiki, root file is source/wiki_src.txt, batch_num is 32, batch_size is 73068
read: 0.002586s
|E|=14613674
|V|=1870709
streaming total time 12.632127s
|V|=1870709
Intersection Graph Marked: 24.907338s
Version Time: 0.473079
direct hop total time 2.793843s
work sharing total time 2.715548s
CommonGraph total time 2.715548s
Running: build/SSNPbaseline /home/xyin014/graph/wiki/snap_wiki source/wiki_src.txt 32 0.005 5
read: 5.795305s
loading graph /home/xyin014/graph/wiki/snap_wiki, root file is source/wiki_src.txt, batch_num is 32, batch_size is 73068
read: 0.002554s
|E|=14613674
|V|=1870709
streaming total time 14.654325s
|V|=1870709
Intersection Graph Marked: 33.658137s
Version Time: 0.409968
direct hop total time 3.341314s
work sharing total time 3.196404s
CommonGraph total time 3.196404s
Running: build/SSNPbaseline /home/xyin014/graph/wiki/snap_wiki source/wiki_src.txt 32 0.005 6
read: 5.787774s
loading graph /home/xyin014/graph/wiki/snap_wiki, root file is source/wiki_src.txt, batch_num is 32, batch_size is 73068
read: 0.002638s
|E|=14613674
|V|=1870709
streaming total time 13.397177s
|V|=1870709
Intersection Graph Marked: 27.999842s
Version Time: 0.376170
direct hop total time 4.472998s
work sharing total time 4.220868s
CommonGraph total time 4.220868s
Running: build/SSNPbaseline /home/xyin014/graph/wiki/snap_wiki source/wiki_src.txt 32 0.005 7
read: 5.796256s
loading graph /home/xyin014/graph/wiki/snap_wiki, root file is source/wiki_src.txt, batch_num is 32, batch_size is 73068
read: 0.002632s
|E|=14613674
|V|=1870709
streaming total time 11.110081s
|V|=1870709
Intersection Graph Marked: 25.505250s
Version Time: 0.359963
direct hop total time 2.720980s
work sharing total time 2.536635s
CommonGraph total time 2.536635s
Running: build/SSNPbaseline /home/xyin014/graph/wiki/snap_wiki source/wiki_src.txt 32 0.005 8
read: 5.791423s
loading graph /home/xyin014/graph/wiki/snap_wiki, root file is source/wiki_src.txt, batch_num is 32, batch_size is 73068
read: 0.002614s
|E|=14613674
|V|=1870709
streaming total time 11.828373s
|V|=1870709
Intersection Graph Marked: 25.333729s
Version Time: 0.369531
direct hop total time 2.198540s
work sharing total time 1.867065s
CommonGraph total time 1.867065s
Running: build/SSNPbaseline /home/xyin014/graph/wiki/snap_wiki source/wiki_src.txt 32 0.005 9
read: 5.811401s
loading graph /home/xyin014/graph/wiki/snap_wiki, root file is source/wiki_src.txt, batch_num is 32, batch_size is 73068
read: 0.002611s
|E|=14613674
|V|=1870709
streaming total time 11.923337s
|V|=1870709
Intersection Graph Marked: 25.624138s
Version Time: 0.359639
direct hop total time 2.183582s
work sharing total time 1.783502s
CommonGraph total time 1.783502s
Running: build/SSNPbaseline /home/xyin014/graph/wiki/snap_wiki source/wiki_src.txt 32 0.005 10
read: 5.800953s
loading graph /home/xyin014/graph/wiki/snap_wiki, root file is source/wiki_src.txt, batch_num is 32, batch_size is 73068
read: 0.002599s
|E|=14613674
|V|=1870709
streaming total time 11.556988s
|V|=1870709
Intersection Graph Marked: 27.383163s
Version Time: 0.379471
direct hop total time 2.600351s
work sharing total time 2.609461s
CommonGraph total time 2.609461s
Running: build/SSNPbaseline /home/xyin014/graph/wiki/snap_wiki source/wiki_src.txt 32 0.005 11
read: 5.790982s
loading graph /home/xyin014/graph/wiki/snap_wiki, root file is source/wiki_src.txt, batch_num is 32, batch_size is 73068
read: 0.002582s
|E|=14613674
|V|=1870709
streaming total time 11.999924s
|V|=1870709
Intersection Graph Marked: 42.098289s
Version Time: 0.355881
direct hop total time 2.017619s
work sharing total time 2.032740s
CommonGraph total time 2.032740s
Running: build/SSNPbaseline /home/xyin014/graph/wiki/snap_wiki source/wiki_src.txt 32 0.005 12
read: 5.786894s
loading graph /home/xyin014/graph/wiki/snap_wiki, root file is source/wiki_src.txt, batch_num is 32, batch_size is 73068
read: 0.002529s
|E|=14613674
|V|=1870709
streaming total time 11.877311s
|V|=1870709
Intersection Graph Marked: 25.315414s
Version Time: 0.485863
direct hop total time 2.851497s
work sharing total time 2.865768s
CommonGraph total time 2.865768s
Running: build/SSNPbaseline /home/xyin014/graph/wiki/snap_wiki source/wiki_src.txt 32 0.005 13
read: 5.783581s
loading graph /home/xyin014/graph/wiki/snap_wiki, root file is source/wiki_src.txt, batch_num is 32, batch_size is 73068
read: 0.002577s
|E|=14613674
|V|=1870709
streaming total time 13.115429s
|V|=1870709
Intersection Graph Marked: 25.760672s
Version Time: 0.361334
direct hop total time 3.019827s
work sharing total time 1.973278s
CommonGraph total time 1.973278s
Running: build/SSNPbaseline /home/xyin014/graph/wiki/snap_wiki source/wiki_src.txt 32 0.005 14
read: 5.789306s
loading graph /home/xyin014/graph/wiki/snap_wiki, root file is source/wiki_src.txt, batch_num is 32, batch_size is 73068
read: 0.002594s
|E|=14613674
|V|=1870709
streaming total time 13.959020s
|V|=1870709
Intersection Graph Marked: 28.180577s
Version Time: 0.382810
direct hop total time 3.703500s
work sharing total time 3.697333s
CommonGraph total time 3.697333s
Running: build/SSNPbaseline /home/xyin014/graph/wiki/snap_wiki source/wiki_src.txt 32 0.005 15
read: 5.789130s
loading graph /home/xyin014/graph/wiki/snap_wiki, root file is source/wiki_src.txt, batch_num is 32, batch_size is 73068
read: 0.002650s
|E|=14613674
|V|=1870709
streaming total time 14.488144s
|V|=1870709
Intersection Graph Marked: 28.810722s
Version Time: 0.428189
direct hop total time 2.026655s
work sharing total time 1.806703s
CommonGraph total time 1.806703s
Running: build/SSNPbaseline /home/xyin014/graph/wiki/snap_wiki source/wiki_src.txt 64 0.0025 0
read: 5.793696s
loading graph /home/xyin014/graph/wiki/snap_wiki, root file is source/wiki_src.txt, batch_num is 64, batch_size is 36534
read: 0.002790s
|E|=14613674
|V|=1870709
streaming total time 12.022448s
|V|=1870709
Intersection Graph Marked: 25.182023s
Version Time: 0.001715
direct hop total time 2.114878s
work sharing total time 2.059991s
CommonGraph total time 2.059991s
Running: build/SSNPbaseline /home/xyin014/graph/wiki/snap_wiki source/wiki_src.txt 64 0.0025 1
read: 5.794569s
loading graph /home/xyin014/graph/wiki/snap_wiki, root file is source/wiki_src.txt, batch_num is 64, batch_size is 36534
read: 0.002574s
|E|=14613674
|V|=1870709
streaming total time 11.939468s
|V|=1870709
Intersection Graph Marked: 27.303732s
Version Time: 0.506997
direct hop total time 5.235346s
work sharing total time 4.581385s
CommonGraph total time 4.581385s
Running: build/SSNPbaseline /home/xyin014/graph/wiki/snap_wiki source/wiki_src.txt 64 0.0025 2
read: 5.790116s
loading graph /home/xyin014/graph/wiki/snap_wiki, root file is source/wiki_src.txt, batch_num is 64, batch_size is 36534
read: 0.002608s
|E|=14613674
|V|=1870709
streaming total time 10.436526s
|V|=1870709
Intersection Graph Marked: 24.857676s
Version Time: 0.247927
direct hop total time 4.047863s
work sharing total time 2.942016s
CommonGraph total time 2.942016s
Running: build/SSNPbaseline /home/xyin014/graph/wiki/snap_wiki source/wiki_src.txt 64 0.0025 3
read: 5.784266s
loading graph /home/xyin014/graph/wiki/snap_wiki, root file is source/wiki_src.txt, batch_num is 64, batch_size is 36534
read: 0.002527s
|E|=14613674
|V|=1870709
streaming total time 10.770739s
|V|=1870709
Intersection Graph Marked: 32.701065s
Version Time: 0.230304
direct hop total time 2.894480s
work sharing total time 2.032618s
CommonGraph total time 2.032618s
Running: build/SSNPbaseline /home/xyin014/graph/wiki/snap_wiki source/wiki_src.txt 64 0.0025 4
read: 5.787951s
loading graph /home/xyin014/graph/wiki/snap_wiki, root file is source/wiki_src.txt, batch_num is 64, batch_size is 36534
read: 0.002568s
|E|=14613674
|V|=1870709
streaming total time 12.100302s
|V|=1870709
Intersection Graph Marked: 43.133735s
Version Time: 0.460378
direct hop total time 4.923659s
work sharing total time 4.162056s
CommonGraph total time 4.162056s
Running: build/SSNPbaseline /home/xyin014/graph/wiki/snap_wiki source/wiki_src.txt 64 0.0025 5
read: 5.777412s
loading graph /home/xyin014/graph/wiki/snap_wiki, root file is source/wiki_src.txt, batch_num is 64, batch_size is 36534
read: 0.002651s
|E|=14613674
|V|=1870709
streaming total time 13.115606s
|V|=1870709
Intersection Graph Marked: 28.662822s
Version Time: 0.332703
direct hop total time 6.914163s
work sharing total time 6.205807s
CommonGraph total time 6.205807s
Running: build/SSNPbaseline /home/xyin014/graph/wiki/snap_wiki source/wiki_src.txt 64 0.0025 6
read: 5.786035s
loading graph /home/xyin014/graph/wiki/snap_wiki, root file is source/wiki_src.txt, batch_num is 64, batch_size is 36534
read: 0.002645s
|E|=14613674
|V|=1870709
Re Computing: 1 0 3144
streaming total time 15.161233s
|V|=1870709
Intersection Graph Marked: 24.593459s
Version Time: 0.439086
direct hop total time 9.031189s
work sharing total time 7.809832s
CommonGraph total time 7.809832s
Running: build/SSNPbaseline /home/xyin014/graph/wiki/snap_wiki source/wiki_src.txt 64 0.0025 7
read: 5.798016s
loading graph /home/xyin014/graph/wiki/snap_wiki, root file is source/wiki_src.txt, batch_num is 64, batch_size is 36534
read: 0.002586s
|E|=14613674
|V|=1870709
streaming total time 13.347170s
|V|=1870709
Intersection Graph Marked: 45.053559s
Version Time: 0.564199
direct hop total time 5.206117s
work sharing total time 4.291809s
CommonGraph total time 4.291809s
Running: build/SSNPbaseline /home/xyin014/graph/wiki/snap_wiki source/wiki_src.txt 64 0.0025 8
read: 5.805285s
loading graph /home/xyin014/graph/wiki/snap_wiki, root file is source/wiki_src.txt, batch_num is 64, batch_size is 36534
read: 0.002630s
|E|=14613674
|V|=1870709
streaming total time 10.856462s
|V|=1870709
Intersection Graph Marked: 26.379178s
Version Time: 0.356704
direct hop total time 4.073312s
work sharing total time 3.281579s
CommonGraph total time 3.281579s
Running: build/SSNPbaseline /home/xyin014/graph/wiki/snap_wiki source/wiki_src.txt 64 0.0025 9
read: 5.784758s
loading graph /home/xyin014/graph/wiki/snap_wiki, root file is source/wiki_src.txt, batch_num is 64, batch_size is 36534
read: 0.002662s
|E|=14613674
|V|=1870709
streaming total time 14.991836s
|V|=1870709
Intersection Graph Marked: 25.618923s
Version Time: 0.366682
direct hop total time 3.855956s
work sharing total time 3.078819s
CommonGraph total time 3.078819s
Running: build/SSNPbaseline /home/xyin014/graph/wiki/snap_wiki source/wiki_src.txt 64 0.0025 10
read: 5.790676s
loading graph /home/xyin014/graph/wiki/snap_wiki, root file is source/wiki_src.txt, batch_num is 64, batch_size is 36534
read: 0.002582s
|E|=14613674
|V|=1870709
streaming total time 17.583593s
|V|=1870709
Intersection Graph Marked: 47.720745s
Version Time: 0.352215
direct hop total time 4.970388s
work sharing total time 4.143583s
CommonGraph total time 4.143583s
Running: build/SSNPbaseline /home/xyin014/graph/wiki/snap_wiki source/wiki_src.txt 64 0.0025 11
read: 5.792835s
loading graph /home/xyin014/graph/wiki/snap_wiki, root file is source/wiki_src.txt, batch_num is 64, batch_size is 36534
read: 0.002617s
|E|=14613674
|V|=1870709
streaming total time 11.930271s
|V|=1870709
Intersection Graph Marked: 30.355243s
Version Time: 0.350765
direct hop total time 4.307089s
work sharing total time 3.617017s
CommonGraph total time 3.617017s
Running: build/SSNPbaseline /home/xyin014/graph/wiki/snap_wiki source/wiki_src.txt 64 0.0025 12
read: 5.786613s
loading graph /home/xyin014/graph/wiki/snap_wiki, root file is source/wiki_src.txt, batch_num is 64, batch_size is 36534
read: 0.002572s
|E|=14613674
|V|=1870709
streaming total time 13.042319s
|V|=1870709
Intersection Graph Marked: 24.907167s
Version Time: 0.483734
direct hop total time 4.938180s
work sharing total time 4.493255s
CommonGraph total time 4.493255s
Running: build/SSNPbaseline /home/xyin014/graph/wiki/snap_wiki source/wiki_src.txt 64 0.0025 13
read: 5.797348s
loading graph /home/xyin014/graph/wiki/snap_wiki, root file is source/wiki_src.txt, batch_num is 64, batch_size is 36534
read: 0.002603s
|E|=14613674
|V|=1870709
streaming total time 13.912064s
|V|=1870709
Intersection Graph Marked: 39.203639s
Version Time: 0.460748
direct hop total time 6.170056s
work sharing total time 3.768128s
CommonGraph total time 3.768128s
Running: build/SSNPbaseline /home/xyin014/graph/wiki/snap_wiki source/wiki_src.txt 64 0.0025 14
read: 5.790029s
loading graph /home/xyin014/graph/wiki/snap_wiki, root file is source/wiki_src.txt, batch_num is 64, batch_size is 36534
read: 0.002641s
|E|=14613674
|V|=1870709
streaming total time 11.807087s
|V|=1870709
Intersection Graph Marked: 28.676900s
Version Time: 0.521744
direct hop total time 7.231677s
work sharing total time 6.650569s
CommonGraph total time 6.650569s
Running: build/SSNPbaseline /home/xyin014/graph/wiki/snap_wiki source/wiki_src.txt 64 0.0025 15
read: 5.789376s
loading graph /home/xyin014/graph/wiki/snap_wiki, root file is source/wiki_src.txt, batch_num is 64, batch_size is 36534
read: 0.002591s
|E|=14613674
|V|=1870709
streaming total time 11.282907s
|V|=1870709
Intersection Graph Marked: 28.868672s
Version Time: 0.360369
direct hop total time 3.492521s
work sharing total time 2.898284s
CommonGraph total time 2.898284s
Running: build/SSNPbaseline /home/xyin014/graph/wen/snap_wen source/wen.txt 8 0.02 0
Error: Invalid line "% asym unweighted"
read: 176.082754s
loading graph /home/xyin014/graph/wen/snap_wen, root file is source/wen.txt, batch_num is 8, batch_size is 8744348
read: 0.122822s
|E|=437217424
|V|=13593033
streaming total time 44.366119s
|V|=13593033
Intersection Graph Marked: 10.444584s
Version Time: 1.246528
direct hop total time 3.589081s
work sharing total time 2.403586s
CommonGraph total time 2.403586s
Running: build/SSNPbaseline /home/xyin014/graph/wen/snap_wen source/wen.txt 8 0.02 1
Error: Invalid line "% asym unweighted"
read: 176.119255s
loading graph /home/xyin014/graph/wen/snap_wen, root file is source/wen.txt, batch_num is 8, batch_size is 8744348
read: 0.091430s
|E|=437217424
|V|=13593033
Re Computing: 9 1594139 421179
streaming total time 59.196602s
|V|=13593033
Intersection Graph Marked: 10.330874s
Version Time: 0.008431
direct hop total time 22.994986s
work sharing total time 12.408323s
CommonGraph total time 12.408323s
Running: build/SSNPbaseline /home/xyin014/graph/wen/snap_wen source/wen.txt 8 0.02 2
Error: Invalid line "% asym unweighted"
read: 175.872046s
loading graph /home/xyin014/graph/wen/snap_wen, root file is source/wen.txt, batch_num is 8, batch_size is 8744348
read: 0.092720s
|E|=437217424
|V|=13593033
streaming total time 55.935337s
|V|=13593033
Intersection Graph Marked: 10.037224s
Version Time: 0.009542
direct hop total time 11.760725s
work sharing total time 2.376377s
CommonGraph total time 2.376377s
Running: build/SSNPbaseline /home/xyin014/graph/wen/snap_wen source/wen.txt 8 0.02 3
Error: Invalid line "% asym unweighted"
read: 176.098693s
loading graph /home/xyin014/graph/wen/snap_wen, root file is source/wen.txt, batch_num is 8, batch_size is 8744348
read: 0.090712s
|E|=437217424
|V|=13593033
streaming total time 56.047451s
|V|=13593033
Intersection Graph Marked: 11.337344s
Version Time: 0.926130
direct hop total time 2.582756s
work sharing total time 1.820144s
CommonGraph total time 1.820144s
Running: build/SSNPbaseline /home/xyin014/graph/wen/snap_wen source/wen.txt 8 0.02 4
Error: Invalid line "% asym unweighted"
read: 176.529743s
loading graph /home/xyin014/graph/wen/snap_wen, root file is source/wen.txt, batch_num is 8, batch_size is 8744348
read: 0.115101s
|E|=437217424
|V|=13593033
streaming total time 42.956150s
|V|=13593033
Intersection Graph Marked: 10.725599s
Version Time: 1.482829
direct hop total time 4.611267s
work sharing total time 3.092268s
CommonGraph total time 3.092268s
Running: build/SSNPbaseline /home/xyin014/graph/wen/snap_wen source/wen.txt 8 0.02 5
Error: Invalid line "% asym unweighted"
read: 176.321086s
loading graph /home/xyin014/graph/wen/snap_wen, root file is source/wen.txt, batch_num is 8, batch_size is 8744348
read: 0.093270s
|E|=437217424
|V|=13593033
streaming total time 51.865837s
|V|=13593033
Intersection Graph Marked: 10.229419s
Version Time: 1.505225
direct hop total time 4.774394s
work sharing total time 3.196627s
CommonGraph total time 3.196627s
Running: build/SSNPbaseline /home/xyin014/graph/wen/snap_wen source/wen.txt 8 0.02 6
Error: Invalid line "% asym unweighted"
read: 175.765802s
loading graph /home/xyin014/graph/wen/snap_wen, root file is source/wen.txt, batch_num is 8, batch_size is 8744348
read: 0.089837s
|E|=437217424
|V|=13593033
streaming total time 55.294487s
|V|=13593033
Intersection Graph Marked: 9.884056s
Version Time: 1.250531
direct hop total time 3.739139s
work sharing total time 2.502070s
CommonGraph total time 2.502070s
Running: build/SSNPbaseline /home/xyin014/graph/wen/snap_wen source/wen.txt 8 0.02 7
Error: Invalid line "% asym unweighted"
read: 175.972618s
loading graph /home/xyin014/graph/wen/snap_wen, root file is source/wen.txt, batch_num is 8, batch_size is 8744348
read: 0.092157s
|E|=437217424
|V|=13593033
streaming total time 56.456966s
|V|=13593033
Intersection Graph Marked: 10.939855s
Version Time: 1.303590
direct hop total time 4.819667s
work sharing total time 3.203413s
CommonGraph total time 3.203413s
Running: build/SSNPbaseline /home/xyin014/graph/wen/snap_wen source/wen.txt 8 0.02 8
Error: Invalid line "% asym unweighted"
read: 175.796334s
loading graph /home/xyin014/graph/wen/snap_wen, root file is source/wen.txt, batch_num is 8, batch_size is 8744348
read: 0.093596s
|E|=437217424
|V|=13593033
streaming total time 46.988579s
|V|=13593033
Intersection Graph Marked: 10.229770s
Version Time: 1.470635
direct hop total time 4.481175s
work sharing total time 3.041067s
CommonGraph total time 3.041067s
Running: build/SSNPbaseline /home/xyin014/graph/wen/snap_wen source/wen.txt 8 0.02 9
Error: Invalid line "% asym unweighted"
read: 176.008375s
loading graph /home/xyin014/graph/wen/snap_wen, root file is source/wen.txt, batch_num is 8, batch_size is 8744348
read: 0.092463s
|E|=437217424
|V|=13593033
streaming total time 53.992947s
|V|=13593033
Intersection Graph Marked: 10.838696s
Version Time: 1.489914
direct hop total time 3.322674s
work sharing total time 2.257671s
CommonGraph total time 2.257671s
Running: build/SSNPbaseline /home/xyin014/graph/wen/snap_wen source/wen.txt 8 0.02 10
Error: Invalid line "% asym unweighted"
read: 177.918391s
loading graph /home/xyin014/graph/wen/snap_wen, root file is source/wen.txt, batch_num is 8, batch_size is 8744348
read: 0.089697s
|E|=437217424
|V|=13593033
Re Computing: 10 1907237 416690
streaming total time 43.972900s
|V|=13593033
Intersection Graph Marked: 10.595074s
Version Time: 0.008508
direct hop total time 12.364908s
work sharing total time 12.712844s
CommonGraph total time 12.712844s
Running: build/SSNPbaseline /home/xyin014/graph/wen/snap_wen source/wen.txt 8 0.02 11
Error: Invalid line "% asym unweighted"
read: 176.193283s
loading graph /home/xyin014/graph/wen/snap_wen, root file is source/wen.txt, batch_num is 8, batch_size is 8744348
read: 0.091204s
|E|=437217424
|V|=13593033
Re Computing: 8 1507832 840706
streaming total time 56.398232s
|V|=13593033
Intersection Graph Marked: 10.263212s
Version Time: 1.222081
direct hop total time 6.295389s
work sharing total time 5.242616s
CommonGraph total time 5.242616s
Running: build/SSNPbaseline /home/xyin014/graph/wen/snap_wen source/wen.txt 8 0.02 12
Error: Invalid line "% asym unweighted"
read: 176.014583s
loading graph /home/xyin014/graph/wen/snap_wen, root file is source/wen.txt, batch_num is 8, batch_size is 8744348
read: 0.092383s
|E|=437217424
|V|=13593033
streaming total time 52.312588s
|V|=13593033
Intersection Graph Marked: 11.339450s
Version Time: 0.008588
direct hop total time 13.300308s
work sharing total time 2.513197s
CommonGraph total time 2.513197s
Running: build/SSNPbaseline /home/xyin014/graph/wen/snap_wen source/wen.txt 8 0.02 13
Error: Invalid line "% asym unweighted"
read: 176.158472s
loading graph /home/xyin014/graph/wen/snap_wen, root file is source/wen.txt, batch_num is 8, batch_size is 8744348
read: 0.091678s
|E|=437217424
|V|=13593033
streaming total time 50.981739s
|V|=13593033
Intersection Graph Marked: 9.920670s
Version Time: 1.593176
direct hop total time 4.656091s
work sharing total time 3.061454s
CommonGraph total time 3.061454s
Running: build/SSNPbaseline /home/xyin014/graph/wen/snap_wen source/wen.txt 8 0.02 14
Error: Invalid line "% asym unweighted"
read: 175.760548s
loading graph /home/xyin014/graph/wen/snap_wen, root file is source/wen.txt, batch_num is 8, batch_size is 8744348
read: 0.091171s
|E|=437217424
|V|=13593033
streaming total time 50.939594s
|V|=13593033
Intersection Graph Marked: 10.424951s
Version Time: 1.365467
direct hop total time 3.984510s
work sharing total time 2.799090s
CommonGraph total time 2.799090s
Running: build/SSNPbaseline /home/xyin014/graph/wen/snap_wen source/wen.txt 8 0.02 15
Error: Invalid line "% asym unweighted"
read: 175.839569s
loading graph /home/xyin014/graph/wen/snap_wen, root file is source/wen.txt, batch_num is 8, batch_size is 8744348
read: 0.093291s
|E|=437217424
|V|=13593033
streaming total time 57.813393s
|V|=13593033
Intersection Graph Marked: 10.508390s
Version Time: 1.223545
direct hop total time 3.870465s
work sharing total time 2.600730s
CommonGraph total time 2.600730s
Running: build/SSNPbaseline /home/xyin014/graph/wen/snap_wen source/wen.txt 16 0.01 0
Error: Invalid line "% asym unweighted"
read: 175.910868s
loading graph /home/xyin014/graph/wen/snap_wen, root file is source/wen.txt, batch_num is 16, batch_size is 4372174
read: 0.090597s
|E|=437217424
|V|=13593033
streaming total time 56.336735s
|V|=13593033
Intersection Graph Marked: 10.788920s
Version Time: 1.285626
direct hop total time 6.833662s
work sharing total time 4.505043s
CommonGraph total time 4.505043s
Running: build/SSNPbaseline /home/xyin014/graph/wen/snap_wen source/wen.txt 16 0.01 1
Error: Invalid line "% asym unweighted"
read: 175.816452s
loading graph /home/xyin014/graph/wen/snap_wen, root file is source/wen.txt, batch_num is 16, batch_size is 4372174
read: 0.090450s
|E|=437217424
|V|=13593033
Re Computing: 10 1691875 465788
streaming total time 40.508724s
|V|=13593033
Intersection Graph Marked: 9.733448s
Version Time: 0.008688
direct hop total time 33.562428s
work sharing total time 24.770098s
CommonGraph total time 24.770098s
Running: build/SSNPbaseline /home/xyin014/graph/wen/snap_wen source/wen.txt 16 0.01 2
Error: Invalid line "% asym unweighted"
read: 175.659685s
loading graph /home/xyin014/graph/wen/snap_wen, root file is source/wen.txt, batch_num is 16, batch_size is 4372174
read: 0.106591s
|E|=437217424
|V|=13593033
streaming total time 43.196709s
|V|=13593033
Intersection Graph Marked: 10.589335s
Version Time: 0.015365
direct hop total time 29.258890s
work sharing total time 3.305373s
CommonGraph total time 3.305373s
Running: build/SSNPbaseline /home/xyin014/graph/wen/snap_wen source/wen.txt 16 0.01 3
Error: Invalid line "% asym unweighted"
read: 175.692868s
loading graph /home/xyin014/graph/wen/snap_wen, root file is source/wen.txt, batch_num is 16, batch_size is 4372174
read: 0.090192s
|E|=437217424
|V|=13593033
streaming total time 47.953865s
|V|=13593033
Intersection Graph Marked: 10.940945s
Version Time: 0.944541
direct hop total time 4.962998s
work sharing total time 3.012871s
CommonGraph total time 3.012871s
Running: build/SSNPbaseline /home/xyin014/graph/wen/snap_wen source/wen.txt 16 0.01 4
Error: Invalid line "% asym unweighted"
read: 175.923314s
loading graph /home/xyin014/graph/wen/snap_wen, root file is source/wen.txt, batch_num is 16, batch_size is 4372174
read: 0.092938s
|E|=437217424
|V|=13593033
streaming total time 49.873680s
|V|=13593033
Intersection Graph Marked: 10.369210s
Version Time: 1.444869
direct hop total time 8.643972s
work sharing total time 5.482172s
CommonGraph total time 5.482172s
Running: build/SSNPbaseline /home/xyin014/graph/wen/snap_wen source/wen.txt 16 0.01 5
Error: Invalid line "% asym unweighted"
read: 175.823041s
loading graph /home/xyin014/graph/wen/snap_wen, root file is source/wen.txt, batch_num is 16, batch_size is 4372174
read: 0.092001s
|E|=437217424
|V|=13593033
streaming total time 53.407528s
|V|=13593033
Intersection Graph Marked: 10.817998s
Version Time: 1.472169
direct hop total time 8.871682s
work sharing total time 5.673146s
CommonGraph total time 5.673146s
Running: build/SSNPbaseline /home/xyin014/graph/wen/snap_wen source/wen.txt 16 0.01 6
Error: Invalid line "% asym unweighted"
read: 177.755771s
loading graph /home/xyin014/graph/wen/snap_wen, root file is source/wen.txt, batch_num is 16, batch_size is 4372174
read: 0.093583s
|E|=437217424
|V|=13593033
streaming total time 45.890045s
|V|=13593033
Intersection Graph Marked: 10.655165s
Version Time: 1.260402
direct hop total time 6.994361s
work sharing total time 4.455529s
CommonGraph total time 4.455529s
Running: build/SSNPbaseline /home/xyin014/graph/wen/snap_wen source/wen.txt 16 0.01 7
Error: Invalid line "% asym unweighted"
read: 177.451982s
loading graph /home/xyin014/graph/wen/snap_wen, root file is source/wen.txt, batch_num is 16, batch_size is 4372174
read: 0.090456s
|E|=437217424
|V|=13593033
streaming total time 51.061676s
|V|=13593033
Intersection Graph Marked: 10.026873s
Version Time: 1.309925
direct hop total time 8.965790s
work sharing total time 5.760938s
CommonGraph total time 5.760938s
Running: build/SSNPbaseline /home/xyin014/graph/wen/snap_wen source/wen.txt 16 0.01 8
Error: Invalid line "% asym unweighted"
read: 175.854145s
loading graph /home/xyin014/graph/wen/snap_wen, root file is source/wen.txt, batch_num is 16, batch_size is 4372174
read: 0.091451s
|E|=437217424
|V|=13593033
streaming total time 57.310532s
|V|=13593033
Intersection Graph Marked: 10.358461s
Version Time: 1.447513
direct hop total time 8.670272s
work sharing total time 5.515819s
CommonGraph total time 5.515819s
Running: build/SSNPbaseline /home/xyin014/graph/wen/snap_wen source/wen.txt 16 0.01 9
Error: Invalid line "% asym unweighted"
read: 175.933782s
loading graph /home/xyin014/graph/wen/snap_wen, root file is source/wen.txt, batch_num is 16, batch_size is 4372174
read: 0.093149s
|E|=437217424
|V|=13593033
streaming total time 54.833046s
|V|=13593033
Intersection Graph Marked: 10.518707s
Version Time: 1.468580
direct hop total time 6.348142s
work sharing total time 4.065931s
CommonGraph total time 4.065931s
Running: build/SSNPbaseline /home/xyin014/graph/wen/snap_wen source/wen.txt 16 0.01 10
Error: Invalid line "% asym unweighted"
read: 175.923851s
loading graph /home/xyin014/graph/wen/snap_wen, root file is source/wen.txt, batch_num is 16, batch_size is 4372174
read: 0.091662s
|E|=437217424
|V|=13593033
streaming total time 51.986813s
|V|=13593033
Intersection Graph Marked: 10.745406s
Version Time: 0.054375
direct hop total time 23.959492s
work sharing total time 25.319622s
CommonGraph total time 25.319622s
Running: build/SSNPbaseline /home/xyin014/graph/wen/snap_wen source/wen.txt 16 0.01 11
Error: Invalid line "% asym unweighted"
read: 175.625296s
loading graph /home/xyin014/graph/wen/snap_wen, root file is source/wen.txt, batch_num is 16, batch_size is 4372174
read: 0.091622s
|E|=437217424
|V|=13593033
Re Computing: 9 1932655 1060074
streaming total time 58.687359s
|V|=13593033
Intersection Graph Marked: 9.291029s
Version Time: 1.228414
direct hop total time 12.326464s
work sharing total time 9.912714s
CommonGraph total time 9.912714s
Running: build/SSNPbaseline /home/xyin014/graph/wen/snap_wen source/wen.txt 16 0.01 12
Error: Invalid line "% asym unweighted"
read: 176.234722s
loading graph /home/xyin014/graph/wen/snap_wen, root file is source/wen.txt, batch_num is 16, batch_size is 4372174
read: 0.090858s
|E|=437217424
|V|=13593033
streaming total time 51.419670s
|V|=13593033
Intersection Graph Marked: 11.093995s
Version Time: 0.008798
direct hop total time 21.596052s
work sharing total time 3.691745s
CommonGraph total time 3.691745s
Running: build/SSNPbaseline /home/xyin014/graph/wen/snap_wen source/wen.txt 16 0.01 13
Error: Invalid line "% asym unweighted"
read: 176.599982s
loading graph /home/xyin014/graph/wen/snap_wen, root file is source/wen.txt, batch_num is 16, batch_size is 4372174
read: 0.090674s
|E|=437217424
|V|=13593033
streaming total time 42.814766s
|V|=13593033
Intersection Graph Marked: 10.162445s
Version Time: 1.624887
direct hop total time 8.952582s
work sharing total time 5.682343s
CommonGraph total time 5.682343s
Running: build/SSNPbaseline /home/xyin014/graph/wen/snap_wen source/wen.txt 16 0.01 14
Error: Invalid line "% asym unweighted"
read: 176.445921s
loading graph /home/xyin014/graph/wen/snap_wen, root file is source/wen.txt, batch_num is 16, batch_size is 4372174
read: 0.091695s
|E|=437217424
|V|=13593033
streaming total time 38.099426s
|V|=13593033
Intersection Graph Marked: 11.400526s
Version Time: 1.350932
direct hop total time 8.427654s
work sharing total time 5.207692s
CommonGraph total time 5.207692s
Running: build/SSNPbaseline /home/xyin014/graph/wen/snap_wen source/wen.txt 16 0.01 15
Error: Invalid line "% asym unweighted"
read: 176.316276s
loading graph /home/xyin014/graph/wen/snap_wen, root file is source/wen.txt, batch_num is 16, batch_size is 4372174
read: 0.090551s
|E|=437217424
|V|=13593033
streaming total time 39.764313s
|V|=13593033
Intersection Graph Marked: 9.497254s
Version Time: 1.216919
direct hop total time 6.998850s
work sharing total time 4.378058s
CommonGraph total time 4.378058s
Running: build/SSNPbaseline /home/xyin014/graph/wen/snap_wen source/wen.txt 32 0.005 0
Error: Invalid line "% asym unweighted"
read: 178.266579s
loading graph /home/xyin014/graph/wen/snap_wen, root file is source/wen.txt, batch_num is 32, batch_size is 2186087
read: 0.094307s
|E|=437217424
|V|=13593033
streaming total time 51.898151s
|V|=13593033
Intersection Graph Marked: 9.639657s
Version Time: 1.234877
direct hop total time 12.976901s
work sharing total time 7.697704s
CommonGraph total time 7.697704s
Running: build/SSNPbaseline /home/xyin014/graph/wen/snap_wen source/wen.txt 32 0.005 1
Error: Invalid line "% asym unweighted"
read: 175.936152s
loading graph /home/xyin014/graph/wen/snap_wen, root file is source/wen.txt, batch_num is 32, batch_size is 2186087
read: 0.091117s
|E|=437217424
|V|=13593033
streaming total time 47.607681s
|V|=13593033
Intersection Graph Marked: 10.546858s
Version Time: 0.018126
direct hop total time 42.326023s
work sharing total time 49.976250s
CommonGraph total time 49.976250s
Running: build/SSNPbaseline /home/xyin014/graph/wen/snap_wen source/wen.txt 32 0.005 2
Error: Invalid line "% asym unweighted"
read: 176.160031s
loading graph /home/xyin014/graph/wen/snap_wen, root file is source/wen.txt, batch_num is 32, batch_size is 2186087
read: 0.092113s
|E|=437217424
|V|=13593033
streaming total time 44.761600s
|V|=13593033
Intersection Graph Marked: 10.214731s
Version Time: 0.008695
direct hop total time 35.001965s
work sharing total time 5.165061s
CommonGraph total time 5.165061s
Running: build/SSNPbaseline /home/xyin014/graph/wen/snap_wen source/wen.txt 32 0.005 3
Error: Invalid line "% asym unweighted"
read: 175.931642s
loading graph /home/xyin014/graph/wen/snap_wen, root file is source/wen.txt, batch_num is 32, batch_size is 2186087
read: 0.092456s
|E|=437217424
|V|=13593033
streaming total time 41.741333s
|V|=13593033
Intersection Graph Marked: 9.990814s
Version Time: 0.933733
direct hop total time 9.523467s
work sharing total time 5.737362s
CommonGraph total time 5.737362s
Running: build/SSNPbaseline /home/xyin014/graph/wen/snap_wen source/wen.txt 32 0.005 4
Error: Invalid line "% asym unweighted"
read: 175.951627s
loading graph /home/xyin014/graph/wen/snap_wen, root file is source/wen.txt, batch_num is 32, batch_size is 2186087
read: 0.095589s
|E|=437217424
|V|=13593033
streaming total time 45.478432s
|V|=13593033
Intersection Graph Marked: 9.682406s
Version Time: 1.278640
direct hop total time 16.711899s
work sharing total time 10.152226s
CommonGraph total time 10.152226s
Running: build/SSNPbaseline /home/xyin014/graph/wen/snap_wen source/wen.txt 32 0.005 5
Error: Invalid line "% asym unweighted"
read: 177.117683s
loading graph /home/xyin014/graph/wen/snap_wen, root file is source/wen.txt, batch_num is 32, batch_size is 2186087
read: 0.093068s
|E|=437217424
|V|=13593033
streaming total time 37.901268s
|V|=13593033
Intersection Graph Marked: 10.908121s
Version Time: 1.479808
direct hop total time 16.580780s
work sharing total time 9.997496s
CommonGraph total time 9.997496s
Running: build/SSNPbaseline /home/xyin014/graph/wen/snap_wen source/wen.txt 32 0.005 6
Error: Invalid line "% asym unweighted"
read: 176.053735s
loading graph /home/xyin014/graph/wen/snap_wen, root file is source/wen.txt, batch_num is 32, batch_size is 2186087
read: 0.091056s
|E|=437217424
|V|=13593033
streaming total time 40.623016s
|V|=13593033
Intersection Graph Marked: 9.431309s
Version Time: 1.245180
direct hop total time 13.016151s
work sharing total time 8.086174s
CommonGraph total time 8.086174s
Running: build/SSNPbaseline /home/xyin014/graph/wen/snap_wen source/wen.txt 32 0.005 7
Error: Invalid line "% asym unweighted"
read: 176.103817s
loading graph /home/xyin014/graph/wen/snap_wen, root file is source/wen.txt, batch_num is 32, batch_size is 2186087
read: 0.092959s
|E|=437217424
|V|=13593033
streaming total time 38.306011s
|V|=13593033
Intersection Graph Marked: 10.187360s
Version Time: 1.305882
direct hop total time 16.475121s
work sharing total time 10.038832s
CommonGraph total time 10.038832s
Running: build/SSNPbaseline /home/xyin014/graph/wen/snap_wen source/wen.txt 32 0.005 8
Error: Invalid line "% asym unweighted"
read: 176.094600s
loading graph /home/xyin014/graph/wen/snap_wen, root file is source/wen.txt, batch_num is 32, batch_size is 2186087
read: 0.092007s
|E|=437217424
|V|=13593033
streaming total time 33.445072s
|V|=13593033
Intersection Graph Marked: 10.955586s
Version Time: 1.507531
direct hop total time 17.510561s
work sharing total time 10.824976s
CommonGraph total time 10.824976s
Running: build/SSNPbaseline /home/xyin014/graph/wen/snap_wen source/wen.txt 32 0.005 9
Error: Invalid line "% asym unweighted"
read: 175.975072s
loading graph /home/xyin014/graph/wen/snap_wen, root file is source/wen.txt, batch_num is 32, batch_size is 2186087
read: 0.090670s
|E|=437217424
|V|=13593033
streaming total time 33.758347s
|V|=13593033
Intersection Graph Marked: 11.048608s
Version Time: 1.459292
direct hop total time 11.747179s
work sharing total time 6.926234s
CommonGraph total time 6.926234s
Running: build/SSNPbaseline /home/xyin014/graph/wen/snap_wen source/wen.txt 32 0.005 10
Error: Invalid line "% asym unweighted"
read: 179.857328s
loading graph /home/xyin014/graph/wen/snap_wen, root file is source/wen.txt, batch_num is 32, batch_size is 2186087
read: 0.094560s
|E|=437217424
|V|=13593033
streaming total time 55.416470s
|V|=13593033
Intersection Graph Marked: 9.646751s
Version Time: 0.009020
direct hop total time 80.713089s
work sharing total time 50.131634s
CommonGraph total time 50.131634s
Running: build/SSNPbaseline /home/xyin014/graph/wen/snap_wen source/wen.txt 32 0.005 11
Error: Invalid line "% asym unweighted"
read: 175.939051s
loading graph /home/xyin014/graph/wen/snap_wen, root file is source/wen.txt, batch_num is 32, batch_size is 2186087
read: 0.091931s
|E|=437217424
|V|=13593033
Re Computing: 9 1716825 1081106
streaming total time 49.233826s
|V|=13593033
Intersection Graph Marked: 10.946623s
Version Time: 1.218995
direct hop total time 23.501745s
work sharing total time 18.498505s
CommonGraph total time 18.498505s
Running: build/SSNPbaseline /home/xyin014/graph/wen/snap_wen source/wen.txt 32 0.005 12
Error: Invalid line "% asym unweighted"
read: 176.318031s
loading graph /home/xyin014/graph/wen/snap_wen, root file is source/wen.txt, batch_num is 32, batch_size is 2186087
read: 0.091898s
|E|=437217424
|V|=13593033
streaming total time 36.733074s
|V|=13593033
Intersection Graph Marked: 11.224741s
Version Time: 0.017967
direct hop total time 24.603584s
work sharing total time 5.546303s
CommonGraph total time 5.546303s
Running: build/SSNPbaseline /home/xyin014/graph/wen/snap_wen source/wen.txt 32 0.005 13
Error: Invalid line "% asym unweighted"
read: 176.248484s
loading graph /home/xyin014/graph/wen/snap_wen, root file is source/wen.txt, batch_num is 32, batch_size is 2186087
read: 0.091504s
|E|=437217424
|V|=13593033
streaming total time 44.483444s
|V|=13593033
Intersection Graph Marked: 10.650595s
Version Time: 1.583064
direct hop total time 16.438866s
work sharing total time 9.991243s
CommonGraph total time 9.991243s
Running: build/SSNPbaseline /home/xyin014/graph/wen/snap_wen source/wen.txt 32 0.005 14
Error: Invalid line "% asym unweighted"
read: 175.749698s
loading graph /home/xyin014/graph/wen/snap_wen, root file is source/wen.txt, batch_num is 32, batch_size is 2186087
read: 0.094737s
|E|=437217424
|V|=13593033
streaming total time 39.670502s
|V|=13593033
Intersection Graph Marked: 10.943017s
Version Time: 1.316267
direct hop total time 14.943362s
work sharing total time 8.993107s
CommonGraph total time 8.993107s
Running: build/SSNPbaseline /home/xyin014/graph/wen/snap_wen source/wen.txt 32 0.005 15
Error: Invalid line "% asym unweighted"
read: 175.893339s
loading graph /home/xyin014/graph/wen/snap_wen, root file is source/wen.txt, batch_num is 32, batch_size is 2186087
read: 0.092443s
|E|=437217424
|V|=13593033
streaming total time 51.990021s
|V|=13593033
Intersection Graph Marked: 11.583760s
Version Time: 1.233625
direct hop total time 14.236109s
work sharing total time 8.597329s
CommonGraph total time 8.597329s
Running: build/SSNPbaseline /home/xyin014/graph/wen/snap_wen source/wen.txt 64 0.0025 0
Error: Invalid line "% asym unweighted"
read: 175.964818s
loading graph /home/xyin014/graph/wen/snap_wen, root file is source/wen.txt, batch_num is 64, batch_size is 1093043
read: 0.090738s
|E|=437217424
|V|=13593033
streaming total time 32.504391s
|V|=13593033
Intersection Graph Marked: 10.293704s
Version Time: 1.227000
direct hop total time 24.177031s
work sharing total time 13.968563s
CommonGraph total time 13.968563s
Running: build/SSNPbaseline /home/xyin014/graph/wen/snap_wen source/wen.txt 64 0.0025 1
Error: Invalid line "% asym unweighted"
read: 175.898295s
loading graph /home/xyin014/graph/wen/snap_wen, root file is source/wen.txt, batch_num is 64, batch_size is 1093043
read: 0.091388s
|E|=437217424
|V|=13593033
streaming total time 36.812866s
|V|=13593033
Intersection Graph Marked: 10.568268s
Version Time: 0.008423
direct hop total time 127.511467s
work sharing total time 108.584663s
CommonGraph total time 108.584663s
Running: build/SSNPbaseline /home/xyin014/graph/wen/snap_wen source/wen.txt 64 0.0025 2
Error: Invalid line "% asym unweighted"
read: 175.815372s
loading graph /home/xyin014/graph/wen/snap_wen, root file is source/wen.txt, batch_num is 64, batch_size is 1093043
read: 0.091848s
|E|=437217424
|V|=13593033
streaming total time 31.258280s
|V|=13593033
Intersection Graph Marked: 10.546355s
Version Time: 0.008490
direct hop total time 56.628094s
work sharing total time 8.140728s
CommonGraph total time 8.140728s
Running: build/SSNPbaseline /home/xyin014/graph/wen/snap_wen source/wen.txt 64 0.0025 3
Error: Invalid line "% asym unweighted"
read: 176.945963s
loading graph /home/xyin014/graph/wen/snap_wen, root file is source/wen.txt, batch_num is 64, batch_size is 1093043
read: 0.089940s
|E|=437217424
|V|=13593033
streaming total time 43.712864s
|V|=13593033
Intersection Graph Marked: 10.098441s
Version Time: 0.958327
direct hop total time 18.707672s
work sharing total time 11.382215s
CommonGraph total time 11.382215s
Running: build/SSNPbaseline /home/xyin014/graph/wen/snap_wen source/wen.txt 64 0.0025 4
Error: Invalid line "% asym unweighted"
read: 176.183681s
loading graph /home/xyin014/graph/wen/snap_wen, root file is source/wen.txt, batch_num is 64, batch_size is 1093043
read: 0.092474s
|E|=437217424
|V|=13593033
streaming total time 37.835957s
|V|=13593033
Intersection Graph Marked: 9.832619s
Version Time: 1.289210
direct hop total time 33.775478s
work sharing total time 19.629734s
CommonGraph total time 19.629734s
Running: build/SSNPbaseline /home/xyin014/graph/wen/snap_wen source/wen.txt 64 0.0025 5
Error: Invalid line "% asym unweighted"
read: 175.862385s
loading graph /home/xyin014/graph/wen/snap_wen, root file is source/wen.txt, batch_num is 64, batch_size is 1093043
read: 0.092397s
|E|=437217424
|V|=13593033
streaming total time 37.929993s
|V|=13593033
Intersection Graph Marked: 9.466091s
Version Time: 1.522852
direct hop total time 33.878120s
work sharing total time 19.469076s
CommonGraph total time 19.469076s
Running: build/SSNPbaseline /home/xyin014/graph/wen/snap_wen source/wen.txt 64 0.0025 6
Error: Invalid line "% asym unweighted"
read: 176.168818s
loading graph /home/xyin014/graph/wen/snap_wen, root file is source/wen.txt, batch_num is 64, batch_size is 1093043
read: 0.090327s
|E|=437217424
|V|=13593033
streaming total time 40.203754s
|V|=13593033
Intersection Graph Marked: 9.171474s
Version Time: 1.249496
direct hop total time 24.706621s
work sharing total time 14.446845s
CommonGraph total time 14.446845s
Running: build/SSNPbaseline /home/xyin014/graph/wen/snap_wen source/wen.txt 64 0.0025 7
Error: Invalid line "% asym unweighted"
read: 175.881580s
loading graph /home/xyin014/graph/wen/snap_wen, root file is source/wen.txt, batch_num is 64, batch_size is 1093043
read: 0.090195s
|E|=437217424
|V|=13593033
streaming total time 42.361095s
|V|=13593033
Intersection Graph Marked: 9.473256s
Version Time: 1.334520
direct hop total time 31.493631s
work sharing total time 19.067448s
CommonGraph total time 19.067448s
Running: build/SSNPbaseline /home/xyin014/graph/wen/snap_wen source/wen.txt 64 0.0025 8
Error: Invalid line "% asym unweighted"
read: 176.211430s
loading graph /home/xyin014/graph/wen/snap_wen, root file is source/wen.txt, batch_num is 64, batch_size is 1093043
read: 0.095457s
|E|=437217424
|V|=13593033
streaming total time 37.600407s
|V|=13593033
Intersection Graph Marked: 9.974980s
Version Time: 1.452040
direct hop total time 33.978462s
work sharing total time 19.935062s
CommonGraph total time 19.935062s
Running: build/SSNPbaseline /home/xyin014/graph/wen/snap_wen source/wen.txt 64 0.0025 9
Error: Invalid line "% asym unweighted"
read: 176.448357s
loading graph /home/xyin014/graph/wen/snap_wen, root file is source/wen.txt, batch_num is 64, batch_size is 1093043
read: 0.091532s
|E|=437217424
|V|=13593033
streaming total time 33.968365s
|V|=13593033
Intersection Graph Marked: 9.061142s
Version Time: 1.442770
direct hop total time 22.586678s
work sharing total time 13.176046s
CommonGraph total time 13.176046s
Running: build/SSNPbaseline /home/xyin014/graph/wen/snap_wen source/wen.txt 64 0.0025 10
Error: Invalid line "% asym unweighted"
read: 175.908752s
loading graph /home/xyin014/graph/wen/snap_wen, root file is source/wen.txt, batch_num is 64, batch_size is 1093043
read: 0.091220s
|E|=437217424
|V|=13593033
streaming total time 37.184631s
|V|=13593033
Intersection Graph Marked: 10.267846s
Version Time: 0.018914
direct hop total time 89.581688s
work sharing total time 97.945206s
CommonGraph total time 97.945206s
Running: build/SSNPbaseline /home/xyin014/graph/wen/snap_wen source/wen.txt 64 0.0025 11
Error: Invalid line "% asym unweighted"
read: 176.085363s
loading graph /home/xyin014/graph/wen/snap_wen, root file is source/wen.txt, batch_num is 64, batch_size is 1093043
read: 0.091768s
|E|=437217424
|V|=13593033
Re Computing: 9 1435840 1016486
streaming total time 35.068733s
|V|=13593033
Intersection Graph Marked: 10.505514s
Version Time: 1.199885
direct hop total time 46.201591s
work sharing total time 35.806973s
CommonGraph total time 35.806973s
Running: build/SSNPbaseline /home/xyin014/graph/wen/snap_wen source/wen.txt 64 0.0025 12
Error: Invalid line "% asym unweighted"
read: 175.906626s
loading graph /home/xyin014/graph/wen/snap_wen, root file is source/wen.txt, batch_num is 64, batch_size is 1093043
read: 0.093760s
|E|=437217424
|V|=13593033
streaming total time 33.210003s
|V|=13593033
Intersection Graph Marked: 10.449736s
Version Time: 0.008940
direct hop total time 51.812225s
work sharing total time 9.426357s
CommonGraph total time 9.426357s
Running: build/SSNPbaseline /home/xyin014/graph/wen/snap_wen source/wen.txt 64 0.0025 13
Error: Invalid line "% asym unweighted"
read: 176.092035s
loading graph /home/xyin014/graph/wen/snap_wen, root file is source/wen.txt, batch_num is 64, batch_size is 1093043
read: 0.093600s
|E|=437217424
|V|=13593033
streaming total time 34.471207s
|V|=13593033
Intersection Graph Marked: 10.734019s
Version Time: 1.596296
direct hop total time 33.581787s
work sharing total time 19.154520s
CommonGraph total time 19.154520s
Running: build/SSNPbaseline /home/xyin014/graph/wen/snap_wen source/wen.txt 64 0.0025 14
Error: Invalid line "% asym unweighted"
read: 175.881674s
loading graph /home/xyin014/graph/wen/snap_wen, root file is source/wen.txt, batch_num is 64, batch_size is 1093043
read: 0.093968s
|E|=437217424
|V|=13593033
streaming total time 35.692345s
|V|=13593033
Intersection Graph Marked: 9.707666s
Version Time: 1.339535
direct hop total time 29.351244s
work sharing total time 17.012547s
CommonGraph total time 17.012547s
Running: build/SSNPbaseline /home/xyin014/graph/wen/snap_wen source/wen.txt 64 0.0025 15
Error: Invalid line "% asym unweighted"
read: 175.809516s
loading graph /home/xyin014/graph/wen/snap_wen, root file is source/wen.txt, batch_num is 64, batch_size is 1093043
read: 0.092483s
|E|=437217424
|V|=13593033
streaming total time 35.762856s
|V|=13593033
Intersection Graph Marked: 9.832394s
Version Time: 1.209325
direct hop total time 26.741194s
work sharing total time 15.338292s
CommonGraph total time 15.338292s
Running: build/SSNPbaseline /home/xyin014/graph/dl/snap_dl source/dl_src.txt 8 0.02 0
Error: Invalid line "% asym positive"
Error: Invalid line "% 172308906 18268992 18268992"
read: 71.991249s
loading graph /home/xyin014/graph/dl/snap_dl, root file is source/dl_src.txt, batch_num is 8, batch_size is 3443679
read: 0.073678s
|E|=172183984
|V|=18268993
streaming total time 20.510900s
|V|=18268993
Intersection Graph Marked: 6.876436s
Version Time: 0.714223
direct hop total time 5.041968s
work sharing total time 3.265281s
CommonGraph total time 3.265281s
Running: build/SSNPbaseline /home/xyin014/graph/dl/snap_dl source/dl_src.txt 8 0.02 1
Error: Invalid line "% asym positive"
Error: Invalid line "% 172308906 18268992 18268992"
read: 72.760940s
loading graph /home/xyin014/graph/dl/snap_dl, root file is source/dl_src.txt, batch_num is 8, batch_size is 3443679
read: 0.071807s
|E|=172183984
|V|=18268993
streaming total time 19.363363s
|V|=18268993
Intersection Graph Marked: 5.460554s
Version Time: 0.561674
direct hop total time 3.595481s
work sharing total time 2.366338s
CommonGraph total time 2.366338s
Running: build/SSNPbaseline /home/xyin014/graph/dl/snap_dl source/dl_src.txt 8 0.02 2
Error: Invalid line "% asym positive"
Error: Invalid line "% 172308906 18268992 18268992"
read: 72.403224s
loading graph /home/xyin014/graph/dl/snap_dl, root file is source/dl_src.txt, batch_num is 8, batch_size is 3443679
read: 0.073612s
|E|=172183984
|V|=18268993
streaming total time 15.840919s
|V|=18268993
Intersection Graph Marked: 5.329908s
Version Time: 0.022325
direct hop total time 0.332807s
work sharing total time 0.228706s
CommonGraph total time 0.228706s
Running: build/SSNPbaseline /home/xyin014/graph/dl/snap_dl source/dl_src.txt 8 0.02 3
Error: Invalid line "% asym positive"
Error: Invalid line "% 172308906 18268992 18268992"
read: 72.253007s
loading graph /home/xyin014/graph/dl/snap_dl, root file is source/dl_src.txt, batch_num is 8, batch_size is 3443679
read: 0.072301s
|E|=172183984
|V|=18268993
streaming total time 12.728264s
|V|=18268993
Intersection Graph Marked: 5.063773s
Version Time: 0.032264
direct hop total time 0.357161s
work sharing total time 0.227316s
CommonGraph total time 0.227316s
Running: build/SSNPbaseline /home/xyin014/graph/dl/snap_dl source/dl_src.txt 8 0.02 4
Error: Invalid line "% asym positive"
Error: Invalid line "% 172308906 18268992 18268992"
read: 72.297784s
loading graph /home/xyin014/graph/dl/snap_dl, root file is source/dl_src.txt, batch_num is 8, batch_size is 3443679
read: 0.071238s
|E|=172183984
|V|=18268993
streaming total time 11.072814s
|V|=18268993
Intersection Graph Marked: 5.104686s
Version Time: 0.025628
direct hop total time 0.511051s
work sharing total time 0.309486s
CommonGraph total time 0.309486s
Running: build/SSNPbaseline /home/xyin014/graph/dl/snap_dl source/dl_src.txt 8 0.02 5
Error: Invalid line "% asym positive"
Error: Invalid line "% 172308906 18268992 18268992"
read: 71.967090s
loading graph /home/xyin014/graph/dl/snap_dl, root file is source/dl_src.txt, batch_num is 8, batch_size is 3443679
read: 0.072204s
|E|=172183984
|V|=18268993
streaming total time 19.332975s
|V|=18268993
Intersection Graph Marked: 5.011952s
Version Time: 0.549278
direct hop total time 3.662407s
work sharing total time 2.459670s
CommonGraph total time 2.459670s
Running: build/SSNPbaseline /home/xyin014/graph/dl/snap_dl source/dl_src.txt 8 0.02 6
Error: Invalid line "% asym positive"
Error: Invalid line "% 172308906 18268992 18268992"
read: 72.029660s
loading graph /home/xyin014/graph/dl/snap_dl, root file is source/dl_src.txt, batch_num is 8, batch_size is 3443679
read: 0.076327s
|E|=172183984
|V|=18268993
streaming total time 13.192676s
|V|=18268993
Intersection Graph Marked: 6.039615s
Version Time: 0.484907
direct hop total time 3.837385s
work sharing total time 2.442388s
CommonGraph total time 2.442388s
Running: build/SSNPbaseline /home/xyin014/graph/dl/snap_dl source/dl_src.txt 8 0.02 7
Error: Invalid line "% asym positive"
Error: Invalid line "% 172308906 18268992 18268992"
read: 72.129633s
loading graph /home/xyin014/graph/dl/snap_dl, root file is source/dl_src.txt, batch_num is 8, batch_size is 3443679
read: 0.073466s
|E|=172183984
|V|=18268993
streaming total time 22.490210s
|V|=18268993
Intersection Graph Marked: 5.233400s
Version Time: 0.788911
direct hop total time 5.127178s
work sharing total time 3.278883s
CommonGraph total time 3.278883s
Running: build/SSNPbaseline /home/xyin014/graph/dl/snap_dl source/dl_src.txt 8 0.02 8
Error: Invalid line "% asym positive"
Error: Invalid line "% 172308906 18268992 18268992"
read: 72.079800s
loading graph /home/xyin014/graph/dl/snap_dl, root file is source/dl_src.txt, batch_num is 8, batch_size is 3443679
read: 0.075148s
|E|=172183984
|V|=18268993
streaming total time 18.897419s
|V|=18268993
Intersection Graph Marked: 5.390320s
Version Time: 0.730421
direct hop total time 4.512121s
work sharing total time 2.958848s
CommonGraph total time 2.958848s
Running: build/SSNPbaseline /home/xyin014/graph/dl/snap_dl source/dl_src.txt 8 0.02 9
Error: Invalid line "% asym positive"
Error: Invalid line "% 172308906 18268992 18268992"
read: 71.923497s
loading graph /home/xyin014/graph/dl/snap_dl, root file is source/dl_src.txt, batch_num is 8, batch_size is 3443679
read: 0.071391s
|E|=172183984
|V|=18268993
streaming total time 19.532852s
|V|=18268993
Intersection Graph Marked: 5.583912s
Version Time: 0.882640
direct hop total time 4.557102s
work sharing total time 3.040210s
CommonGraph total time 3.040210s
Running: build/SSNPbaseline /home/xyin014/graph/dl/snap_dl source/dl_src.txt 8 0.02 10
Error: Invalid line "% asym positive"
Error: Invalid line "% 172308906 18268992 18268992"
read: 72.087328s
loading graph /home/xyin014/graph/dl/snap_dl, root file is source/dl_src.txt, batch_num is 8, batch_size is 3443679
read: 0.076152s
|E|=172183984
|V|=18268993
streaming total time 13.143444s
|V|=18268993
Intersection Graph Marked: 5.619683s
Version Time: 0.011835
direct hop total time 0.350684s
work sharing total time 0.317316s
CommonGraph total time 0.317316s
Running: build/SSNPbaseline /home/xyin014/graph/dl/snap_dl source/dl_src.txt 8 0.02 11
Error: Invalid line "% asym positive"
Error: Invalid line "% 172308906 18268992 18268992"
read: 72.031991s
loading graph /home/xyin014/graph/dl/snap_dl, root file is source/dl_src.txt, batch_num is 8, batch_size is 3443679
read: 0.073047s
|E|=172183984
|V|=18268993
streaming total time 18.417158s
|V|=18268993
Intersection Graph Marked: 5.236262s
Version Time: 0.014505
direct hop total time 0.405499s
work sharing total time 0.271805s
CommonGraph total time 0.271805s
Running: build/SSNPbaseline /home/xyin014/graph/dl/snap_dl source/dl_src.txt 8 0.02 12
Error: Invalid line "% asym positive"
Error: Invalid line "% 172308906 18268992 18268992"
read: 72.015249s
loading graph /home/xyin014/graph/dl/snap_dl, root file is source/dl_src.txt, batch_num is 8, batch_size is 3443679
read: 0.077754s
|E|=172183984
|V|=18268993
streaming total time 20.432068s
|V|=18268993
Intersection Graph Marked: 5.243968s
Version Time: 0.478966
direct hop total time 3.559581s
work sharing total time 2.301143s
CommonGraph total time 2.301143s
Running: build/SSNPbaseline /home/xyin014/graph/dl/snap_dl source/dl_src.txt 8 0.02 13
Error: Invalid line "% asym positive"
Error: Invalid line "% 172308906 18268992 18268992"
read: 71.982805s
loading graph /home/xyin014/graph/dl/snap_dl, root file is source/dl_src.txt, batch_num is 8, batch_size is 3443679
read: 0.079212s
|E|=172183984
|V|=18268993
Re Computing: 5 1479718 2006897
streaming total time 13.452698s
|V|=18268993
Intersection Graph Marked: 5.378375s
Version Time: 0.012047
direct hop total time 2.616471s
work sharing total time 2.399792s
CommonGraph total time 2.399792s
Running: build/SSNPbaseline /home/xyin014/graph/dl/snap_dl source/dl_src.txt 8 0.02 14
Error: Invalid line "% asym positive"
Error: Invalid line "% 172308906 18268992 18268992"
read: 72.075376s
loading graph /home/xyin014/graph/dl/snap_dl, root file is source/dl_src.txt, batch_num is 8, batch_size is 3443679
read: 0.071954s
|E|=172183984
|V|=18268993
streaming total time 12.221741s
|V|=18268993
Intersection Graph Marked: 5.199075s
Version Time: 0.017806
direct hop total time 0.337532s
work sharing total time 0.237422s
CommonGraph total time 0.237422s
Running: build/SSNPbaseline /home/xyin014/graph/dl/snap_dl source/dl_src.txt 8 0.02 15
Error: Invalid line "% asym positive"
Error: Invalid line "% 172308906 18268992 18268992"
read: 72.198348s
loading graph /home/xyin014/graph/dl/snap_dl, root file is source/dl_src.txt, batch_num is 8, batch_size is 3443679
read: 0.071445s
|E|=172183984
|V|=18268993
streaming total time 11.969744s
|V|=18268993
Intersection Graph Marked: 6.027987s
Version Time: 0.026561
direct hop total time 0.349472s
work sharing total time 0.231939s
CommonGraph total time 0.231939s
Running: build/SSNPbaseline /home/xyin014/graph/dl/snap_dl source/dl_src.txt 16 0.01 0
Error: Invalid line "% asym positive"
Error: Invalid line "% 172308906 18268992 18268992"
read: 72.785421s
loading graph /home/xyin014/graph/dl/snap_dl, root file is source/dl_src.txt, batch_num is 16, batch_size is 1721839
read: 0.079501s
|E|=172183984
|V|=18268993
streaming total time 15.194433s
|V|=18268993
Intersection Graph Marked: 5.316671s
Version Time: 0.739553
direct hop total time 8.984441s
work sharing total time 5.485544s
CommonGraph total time 5.485544s
Running: build/SSNPbaseline /home/xyin014/graph/dl/snap_dl source/dl_src.txt 16 0.01 1
Error: Invalid line "% asym positive"
Error: Invalid line "% 172308906 18268992 18268992"
read: 73.950865s
loading graph /home/xyin014/graph/dl/snap_dl, root file is source/dl_src.txt, batch_num is 16, batch_size is 1721839
read: 0.074309s
|E|=172183984
|V|=18268993
streaming total time 16.553123s
|V|=18268993
Intersection Graph Marked: 5.449995s
Version Time: 0.703643
direct hop total time 7.352545s
work sharing total time 4.384416s
CommonGraph total time 4.384416s
Running: build/SSNPbaseline /home/xyin014/graph/dl/snap_dl source/dl_src.txt 16 0.01 2
Error: Invalid line "% asym positive"
Error: Invalid line "% 172308906 18268992 18268992"
read: 72.339576s
loading graph /home/xyin014/graph/dl/snap_dl, root file is source/dl_src.txt, batch_num is 16, batch_size is 1721839
read: 0.075212s
|E|=172183984
|V|=18268993
streaming total time 10.961088s
|V|=18268993
Intersection Graph Marked: 5.555958s
Version Time: 0.011346
direct hop total time 0.658917s
work sharing total time 0.395792s
CommonGraph total time 0.395792s
Running: build/SSNPbaseline /home/xyin014/graph/dl/snap_dl source/dl_src.txt 16 0.01 3
Error: Invalid line "% asym positive"
Error: Invalid line "% 172308906 18268992 18268992"
read: 71.913299s
loading graph /home/xyin014/graph/dl/snap_dl, root file is source/dl_src.txt, batch_num is 16, batch_size is 1721839
read: 0.071460s
|E|=172183984
|V|=18268993
streaming total time 11.736609s
|V|=18268993
Intersection Graph Marked: 5.641994s
Version Time: 0.011270
direct hop total time 0.628389s
work sharing total time 0.367600s
CommonGraph total time 0.367600s
Running: build/SSNPbaseline /home/xyin014/graph/dl/snap_dl source/dl_src.txt 16 0.01 4
Error: Invalid line "% asym positive"
Error: Invalid line "% 172308906 18268992 18268992"
read: 71.893427s
loading graph /home/xyin014/graph/dl/snap_dl, root file is source/dl_src.txt, batch_num is 16, batch_size is 1721839
read: 0.072597s
|E|=172183984
|V|=18268993
streaming total time 9.748429s
|V|=18268993
Intersection Graph Marked: 5.837252s
Version Time: 0.026181
direct hop total time 0.848840s
work sharing total time 0.630919s
CommonGraph total time 0.630919s
Running: build/SSNPbaseline /home/xyin014/graph/dl/snap_dl source/dl_src.txt 16 0.01 5
Error: Invalid line "% asym positive"
Error: Invalid line "% 172308906 18268992 18268992"
read: 72.446105s
loading graph /home/xyin014/graph/dl/snap_dl, root file is source/dl_src.txt, batch_num is 16, batch_size is 1721839
read: 0.078145s
|E|=172183984
|V|=18268993
streaming total time 17.638123s
|V|=18268993
Intersection Graph Marked: 5.206803s
Version Time: 0.572114
direct hop total time 7.776368s
work sharing total time 4.635513s
CommonGraph total time 4.635513s
Running: build/SSNPbaseline /home/xyin014/graph/dl/snap_dl source/dl_src.txt 16 0.01 6
Error: Invalid line "% asym positive"
Error: Invalid line "% 172308906 18268992 18268992"
read: 72.707785s
loading graph /home/xyin014/graph/dl/snap_dl, root file is source/dl_src.txt, batch_num is 16, batch_size is 1721839
read: 0.078138s
|E|=172183984
|V|=18268993
streaming total time 22.216942s
|V|=18268993
Intersection Graph Marked: 5.870926s
Version Time: 0.477561
direct hop total time 6.948109s
work sharing total time 4.079889s
CommonGraph total time 4.079889s
Running: build/SSNPbaseline /home/xyin014/graph/dl/snap_dl source/dl_src.txt 16 0.01 7
Error: Invalid line "% asym positive"
Error: Invalid line "% 172308906 18268992 18268992"
read: 71.959903s
loading graph /home/xyin014/graph/dl/snap_dl, root file is source/dl_src.txt, batch_num is 16, batch_size is 1721839
read: 0.075815s
|E|=172183984
|V|=18268993
streaming total time 15.509537s
|V|=18268993
Intersection Graph Marked: 6.948419s
Version Time: 0.756912
direct hop total time 8.614205s
work sharing total time 5.251948s
CommonGraph total time 5.251948s
Running: build/SSNPbaseline /home/xyin014/graph/dl/snap_dl source/dl_src.txt 16 0.01 8
Error: Invalid line "% asym positive"
Error: Invalid line "% 172308906 18268992 18268992"
read: 72.016480s
loading graph /home/xyin014/graph/dl/snap_dl, root file is source/dl_src.txt, batch_num is 16, batch_size is 1721839
read: 0.079769s
|E|=172183984
|V|=18268993
streaming total time 21.807934s
|V|=18268993
Intersection Graph Marked: 5.042480s
Version Time: 0.727776
direct hop total time 9.374942s
work sharing total time 5.744153s
CommonGraph total time 5.744153s
Running: build/SSNPbaseline /home/xyin014/graph/dl/snap_dl source/dl_src.txt 16 0.01 9
Error: Invalid line "% asym positive"
Error: Invalid line "% 172308906 18268992 18268992"
read: 72.016723s
loading graph /home/xyin014/graph/dl/snap_dl, root file is source/dl_src.txt, batch_num is 16, batch_size is 1721839
read: 0.076961s
|E|=172183984
|V|=18268993
streaming total time 20.221449s
|V|=18268993
Intersection Graph Marked: 6.191136s
Version Time: 0.793286
direct hop total time 8.263493s
work sharing total time 5.194143s
CommonGraph total time 5.194143s
Running: build/SSNPbaseline /home/xyin014/graph/dl/snap_dl source/dl_src.txt 16 0.01 10
Error: Invalid line "% asym positive"
Error: Invalid line "% 172308906 18268992 18268992"
read: 72.118127s
loading graph /home/xyin014/graph/dl/snap_dl, root file is source/dl_src.txt, batch_num is 16, batch_size is 1721839
read: 0.075390s
|E|=172183984
|V|=18268993
streaming total time 15.768084s
|V|=18268993
Intersection Graph Marked: 5.566510s
Version Time: 0.061420
direct hop total time 0.634311s
work sharing total time 0.453909s
CommonGraph total time 0.453909s
Running: build/SSNPbaseline /home/xyin014/graph/dl/snap_dl source/dl_src.txt 16 0.01 11
Error: Invalid line "% asym positive"
Error: Invalid line "% 172308906 18268992 18268992"
read: 72.002247s
loading graph /home/xyin014/graph/dl/snap_dl, root file is source/dl_src.txt, batch_num is 16, batch_size is 1721839
read: 0.073176s
|E|=172183984
|V|=18268993
streaming total time 11.222035s
|V|=18268993
Intersection Graph Marked: 5.001545s
Version Time: 0.020822
direct hop total time 0.802544s
work sharing total time 0.492344s
CommonGraph total time 0.492344s
Running: build/SSNPbaseline /home/xyin014/graph/dl/snap_dl source/dl_src.txt 16 0.01 12
Error: Invalid line "% asym positive"
Error: Invalid line "% 172308906 18268992 18268992"
read: 72.072853s
loading graph /home/xyin014/graph/dl/snap_dl, root file is source/dl_src.txt, batch_num is 16, batch_size is 1721839
read: 0.070418s
|E|=172183984
|V|=18268993
streaming total time 13.688122s
|V|=18268993
Intersection Graph Marked: 5.207887s
Version Time: 0.504400
direct hop total time 6.853865s
work sharing total time 4.053768s
CommonGraph total time 4.053768s
Running: build/SSNPbaseline /home/xyin014/graph/dl/snap_dl source/dl_src.txt 16 0.01 13
Error: Invalid line "% asym positive"
Error: Invalid line "% 172308906 18268992 18268992"
read: 72.013473s
loading graph /home/xyin014/graph/dl/snap_dl, root file is source/dl_src.txt, batch_num is 16, batch_size is 1721839
read: 0.086910s
|E|=172183984
|V|=18268993
Re Computing: 5 1010698 1956807
streaming total time 15.503836s
|V|=18268993
Intersection Graph Marked: 6.663139s
Version Time: 0.011178
direct hop total time 4.754870s
work sharing total time 4.818035s
CommonGraph total time 4.818035s
Running: build/SSNPbaseline /home/xyin014/graph/dl/snap_dl source/dl_src.txt 16 0.01 14
Error: Invalid line "% asym positive"
Error: Invalid line "% 172308906 18268992 18268992"
read: 71.955315s
loading graph /home/xyin014/graph/dl/snap_dl, root file is source/dl_src.txt, batch_num is 16, batch_size is 1721839
read: 0.080795s
|E|=172183984
|V|=18268993
streaming total time 11.237647s
|V|=18268993
Intersection Graph Marked: 5.820821s
Version Time: 0.024024
direct hop total time 0.888605s
work sharing total time 0.509231s
CommonGraph total time 0.509231s
Running: build/SSNPbaseline /home/xyin014/graph/dl/snap_dl source/dl_src.txt 16 0.01 15
Error: Invalid line "% asym positive"
Error: Invalid line "% 172308906 18268992 18268992"
read: 72.131302s
loading graph /home/xyin014/graph/dl/snap_dl, root file is source/dl_src.txt, batch_num is 16, batch_size is 1721839
read: 0.073863s
|E|=172183984
|V|=18268993
streaming total time 11.493929s
|V|=18268993
Intersection Graph Marked: 5.907356s
Version Time: 0.075986
direct hop total time 0.786783s
work sharing total time 0.636130s
CommonGraph total time 0.636130s
Running: build/SSNPbaseline /home/xyin014/graph/dl/snap_dl source/dl_src.txt 32 0.005 0
Error: Invalid line "% asym positive"
Error: Invalid line "% 172308906 18268992 18268992"
read: 72.077450s
loading graph /home/xyin014/graph/dl/snap_dl, root file is source/dl_src.txt, batch_num is 32, batch_size is 860919
read: 0.071980s
|E|=172183984
|V|=18268993
streaming total time 24.515951s
|V|=18268993
Intersection Graph Marked: 4.622362s
Version Time: 0.730038
direct hop total time 15.315787s
work sharing total time 9.408275s
CommonGraph total time 9.408275s
Running: build/SSNPbaseline /home/xyin014/graph/dl/snap_dl source/dl_src.txt 32 0.005 1
Error: Invalid line "% asym positive"
Error: Invalid line "% 172308906 18268992 18268992"
read: 71.987561s
loading graph /home/xyin014/graph/dl/snap_dl, root file is source/dl_src.txt, batch_num is 32, batch_size is 860919
read: 0.069917s
|E|=172183984
|V|=18268993
streaming total time 16.990662s
|V|=18268993
Intersection Graph Marked: 6.721219s
Version Time: 0.681876
direct hop total time 15.231519s
work sharing total time 8.672104s
CommonGraph total time 8.672104s
Running: build/SSNPbaseline /home/xyin014/graph/dl/snap_dl source/dl_src.txt 32 0.005 2
Error: Invalid line "% asym positive"
Error: Invalid line "% 172308906 18268992 18268992"
read: 72.000096s
loading graph /home/xyin014/graph/dl/snap_dl, root file is source/dl_src.txt, batch_num is 32, batch_size is 860919
read: 0.080444s
|E|=172183984
|V|=18268993
streaming total time 15.161205s
|V|=18268993
Intersection Graph Marked: 5.087218s
Version Time: 0.060760
direct hop total time 1.572547s
work sharing total time 1.288692s
CommonGraph total time 1.288692s
Running: build/SSNPbaseline /home/xyin014/graph/dl/snap_dl source/dl_src.txt 32 0.005 3
Error: Invalid line "% asym positive"
Error: Invalid line "% 172308906 18268992 18268992"
read: 72.048997s
loading graph /home/xyin014/graph/dl/snap_dl, root file is source/dl_src.txt, batch_num is 32, batch_size is 860919
read: 0.071983s
|E|=172183984
|V|=18268993
streaming total time 16.894863s
|V|=18268993
Intersection Graph Marked: 5.344978s
Version Time: 0.025069
direct hop total time 1.217090s
work sharing total time 0.693039s
CommonGraph total time 0.693039s
Running: build/SSNPbaseline /home/xyin014/graph/dl/snap_dl source/dl_src.txt 32 0.005 4
Error: Invalid line "% asym positive"
Error: Invalid line "% 172308906 18268992 18268992"
read: 72.148420s
loading graph /home/xyin014/graph/dl/snap_dl, root file is source/dl_src.txt, batch_num is 32, batch_size is 860919
read: 0.071780s
|E|=172183984
|V|=18268993
streaming total time 11.858136s
|V|=18268993
Intersection Graph Marked: 5.215796s
Version Time: 0.011297
direct hop total time 1.176670s
work sharing total time 0.684983s
CommonGraph total time 0.684983s
Running: build/SSNPbaseline /home/xyin014/graph/dl/snap_dl source/dl_src.txt 32 0.005 5
Error: Invalid line "% asym positive"
Error: Invalid line "% 172308906 18268992 18268992"
read: 71.992416s
loading graph /home/xyin014/graph/dl/snap_dl, root file is source/dl_src.txt, batch_num is 32, batch_size is 860919
read: 0.079135s
|E|=172183984
|V|=18268993
streaming total time 18.340351s
|V|=18268993
Intersection Graph Marked: 6.447392s
Version Time: 0.562747
direct hop total time 15.186392s
work sharing total time 8.787615s
CommonGraph total time 8.787615s
Running: build/SSNPbaseline /home/xyin014/graph/dl/snap_dl source/dl_src.txt 32 0.005 6
Error: Invalid line "% asym positive"
Error: Invalid line "% 172308906 18268992 18268992"
read: 72.569377s
loading graph /home/xyin014/graph/dl/snap_dl, root file is source/dl_src.txt, batch_num is 32, batch_size is 860919
read: 0.075229s
|E|=172183984
|V|=18268993
streaming total time 19.353310s
|V|=18268993
Intersection Graph Marked: 5.226581s
Version Time: 0.488063
direct hop total time 12.404826s
work sharing total time 7.424229s
CommonGraph total time 7.424229s
Running: build/SSNPbaseline /home/xyin014/graph/dl/snap_dl source/dl_src.txt 32 0.005 7
Error: Invalid line "% asym positive"
Error: Invalid line "% 172308906 18268992 18268992"
read: 72.047793s
loading graph /home/xyin014/graph/dl/snap_dl, root file is source/dl_src.txt, batch_num is 32, batch_size is 860919
read: 0.073218s
|E|=172183984
|V|=18268993
streaming total time 20.389833s
|V|=18268993
Intersection Graph Marked: 8.389912s
Version Time: 0.897956
direct hop total time 20.421156s
work sharing total time 11.311470s
CommonGraph total time 11.311470s
Running: build/SSNPbaseline /home/xyin014/graph/dl/snap_dl source/dl_src.txt 32 0.005 8
Error: Invalid line "% asym positive"
Error: Invalid line "% 172308906 18268992 18268992"
read: 72.011028s
loading graph /home/xyin014/graph/dl/snap_dl, root file is source/dl_src.txt, batch_num is 32, batch_size is 860919
read: 0.071647s
|E|=172183984
|V|=18268993
streaming total time 19.736910s
|V|=18268993
Intersection Graph Marked: 6.086475s
Version Time: 0.796003
direct hop total time 18.071701s
work sharing total time 10.575871s
CommonGraph total time 10.575871s
Running: build/SSNPbaseline /home/xyin014/graph/dl/snap_dl source/dl_src.txt 32 0.005 9
Error: Invalid line "% asym positive"
Error: Invalid line "% 172308906 18268992 18268992"
read: 72.243465s
loading graph /home/xyin014/graph/dl/snap_dl, root file is source/dl_src.txt, batch_num is 32, batch_size is 860919
read: 0.069967s
|E|=172183984
|V|=18268993
streaming total time 20.863111s
|V|=18268993
Intersection Graph Marked: 5.619539s
Version Time: 0.932721
direct hop total time 17.884045s
work sharing total time 10.308455s
CommonGraph total time 10.308455s
Running: build/SSNPbaseline /home/xyin014/graph/dl/snap_dl source/dl_src.txt 32 0.005 10
Error: Invalid line "% asym positive"
Error: Invalid line "% 172308906 18268992 18268992"
read: 72.030719s
loading graph /home/xyin014/graph/dl/snap_dl, root file is source/dl_src.txt, batch_num is 32, batch_size is 860919
read: 0.073157s
|E|=172183984
|V|=18268993
streaming total time 12.991764s
|V|=18268993
Intersection Graph Marked: 5.009465s
Version Time: 0.011682
direct hop total time 1.209666s
work sharing total time 0.689567s
CommonGraph total time 0.689567s
Running: build/SSNPbaseline /home/xyin014/graph/dl/snap_dl source/dl_src.txt 32 0.005 11
Error: Invalid line "% asym positive"
Error: Invalid line "% 172308906 18268992 18268992"
read: 72.772859s
loading graph /home/xyin014/graph/dl/snap_dl, root file is source/dl_src.txt, batch_num is 32, batch_size is 860919
read: 0.070560s
|E|=172183984
|V|=18268993
streaming total time 9.656200s
|V|=18268993
Intersection Graph Marked: 5.960377s
Version Time: 0.023746
direct hop total time 1.222948s
work sharing total time 0.699021s
CommonGraph total time 0.699021s
Running: build/SSNPbaseline /home/xyin014/graph/dl/snap_dl source/dl_src.txt 32 0.005 12
Error: Invalid line "% asym positive"
Error: Invalid line "% 172308906 18268992 18268992"
read: 72.475288s
loading graph /home/xyin014/graph/dl/snap_dl, root file is source/dl_src.txt, batch_num is 32, batch_size is 860919
read: 0.073511s
|E|=172183984
|V|=18268993
streaming total time 22.314766s
|V|=18268993
Intersection Graph Marked: 5.591873s
Version Time: 0.622735
direct hop total time 11.887768s
work sharing total time 6.850422s
CommonGraph total time 6.850422s
Running: build/SSNPbaseline /home/xyin014/graph/dl/snap_dl source/dl_src.txt 32 0.005 13
Error: Invalid line "% asym positive"
Error: Invalid line "% 172308906 18268992 18268992"
read: 71.975946s
loading graph /home/xyin014/graph/dl/snap_dl, root file is source/dl_src.txt, batch_num is 32, batch_size is 860919
read: 0.072143s
|E|=172183984
|V|=18268993
Re Computing: 5 865654 1963594
streaming total time 16.328640s
|V|=18268993
Intersection Graph Marked: 5.493503s
Version Time: 0.022237
direct hop total time 10.086093s
work sharing total time 8.588058s
CommonGraph total time 8.588058s
Running: build/SSNPbaseline /home/xyin014/graph/dl/snap_dl source/dl_src.txt 32 0.005 14
Error: Invalid line "% asym positive"
Error: Invalid line "% 172308906 18268992 18268992"
read: 72.446322s
loading graph /home/xyin014/graph/dl/snap_dl, root file is source/dl_src.txt, batch_num is 32, batch_size is 860919
read: 0.076967s
|E|=172183984
|V|=18268993
streaming total time 14.700004s
|V|=18268993
Intersection Graph Marked: 5.259911s
Version Time: 0.011190
direct hop total time 1.221176s
work sharing total time 0.687143s
CommonGraph total time 0.687143s
Running: build/SSNPbaseline /home/xyin014/graph/dl/snap_dl source/dl_src.txt 32 0.005 15
Error: Invalid line "% asym positive"
Error: Invalid line "% 172308906 18268992 18268992"
read: 72.077674s
loading graph /home/xyin014/graph/dl/snap_dl, root file is source/dl_src.txt, batch_num is 32, batch_size is 860919
read: 0.076387s
|E|=172183984
|V|=18268993
streaming total time 10.813830s
|V|=18268993
Intersection Graph Marked: 5.384756s
Version Time: 0.012361
direct hop total time 1.220824s
work sharing total time 0.691323s
CommonGraph total time 0.691323s
Running: build/SSNPbaseline /home/xyin014/graph/dl/snap_dl source/dl_src.txt 64 0.0025 0
Error: Invalid line "% asym positive"
Error: Invalid line "% 172308906 18268992 18268992"
read: 71.920671s
loading graph /home/xyin014/graph/dl/snap_dl, root file is source/dl_src.txt, batch_num is 64, batch_size is 430459
read: 0.076656s
|E|=172183984
|V|=18268993
streaming total time 12.706508s
|V|=18268993
Intersection Graph Marked: 4.949610s
Version Time: 0.830226
direct hop total time 34.798965s
work sharing total time 19.452181s
CommonGraph total time 19.452181s
Running: build/SSNPbaseline /home/xyin014/graph/dl/snap_dl source/dl_src.txt 64 0.0025 1
Error: Invalid line "% asym positive"
Error: Invalid line "% 172308906 18268992 18268992"
read: 72.745600s
loading graph /home/xyin014/graph/dl/snap_dl, root file is source/dl_src.txt, batch_num is 64, batch_size is 430459
read: 0.071886s
|E|=172183984
|V|=18268993
streaming total time 12.418416s
|V|=18268993
Intersection Graph Marked: 6.756669s
Version Time: 0.540785
direct hop total time 27.213486s
work sharing total time 15.352209s
CommonGraph total time 15.352209s
Running: build/SSNPbaseline /home/xyin014/graph/dl/snap_dl source/dl_src.txt 64 0.0025 2
Error: Invalid line "% asym positive"
Error: Invalid line "% 172308906 18268992 18268992"
read: 72.026298s
loading graph /home/xyin014/graph/dl/snap_dl, root file is source/dl_src.txt, batch_num is 64, batch_size is 430459
read: 0.075873s
|E|=172183984
|V|=18268993
streaming total time 13.731922s
|V|=18268993
Intersection Graph Marked: 5.094845s
Version Time: 0.060988
direct hop total time 2.452570s
work sharing total time 1.341939s
CommonGraph total time 1.341939s
Running: build/SSNPbaseline /home/xyin014/graph/dl/snap_dl source/dl_src.txt 64 0.0025 3
Error: Invalid line "% asym positive"
Error: Invalid line "% 172308906 18268992 18268992"
read: 71.972246s
loading graph /home/xyin014/graph/dl/snap_dl, root file is source/dl_src.txt, batch_num is 64, batch_size is 430459
read: 0.072768s
|E|=172183984
|V|=18268993
streaming total time 9.141068s
|V|=18268993
Intersection Graph Marked: 5.316254s
Version Time: 0.011359
direct hop total time 2.343483s
work sharing total time 1.342729s
CommonGraph total time 1.342729s
Running: build/SSNPbaseline /home/xyin014/graph/dl/snap_dl source/dl_src.txt 64 0.0025 4
Error: Invalid line "% asym positive"
Error: Invalid line "% 172308906 18268992 18268992"
read: 71.942866s
loading graph /home/xyin014/graph/dl/snap_dl, root file is source/dl_src.txt, batch_num is 64, batch_size is 430459
read: 0.073688s
|E|=172183984
|V|=18268993
streaming total time 16.169359s
|V|=18268993
Intersection Graph Marked: 5.188658s
Version Time: 0.044069
direct hop total time 2.360550s
work sharing total time 1.304404s
CommonGraph total time 1.304404s
Running: build/SSNPbaseline /home/xyin014/graph/dl/snap_dl source/dl_src.txt 64 0.0025 5
Error: Invalid line "% asym positive"
Error: Invalid line "% 172308906 18268992 18268992"
read: 72.001677s
loading graph /home/xyin014/graph/dl/snap_dl, root file is source/dl_src.txt, batch_num is 64, batch_size is 430459
read: 0.084975s
|E|=172183984
|V|=18268993
streaming total time 11.899693s
|V|=18268993
Intersection Graph Marked: 4.574259s
Version Time: 0.703222
direct hop total time 25.573021s
work sharing total time 14.562506s
CommonGraph total time 14.562506s
Running: build/SSNPbaseline /home/xyin014/graph/dl/snap_dl source/dl_src.txt 64 0.0025 6
Error: Invalid line "% asym positive"
Error: Invalid line "% 172308906 18268992 18268992"
read: 72.732407s
loading graph /home/xyin014/graph/dl/snap_dl, root file is source/dl_src.txt, batch_num is 64, batch_size is 430459
read: 0.075946s
|E|=172183984
|V|=18268993
streaming total time 12.916394s
|V|=18268993
Intersection Graph Marked: 4.525064s
Version Time: 0.476274
direct hop total time 27.143803s
work sharing total time 15.206033s
CommonGraph total time 15.206033s
Running: build/SSNPbaseline /home/xyin014/graph/dl/snap_dl source/dl_src.txt 64 0.0025 7
Error: Invalid line "% asym positive"
Error: Invalid line "% 172308906 18268992 18268992"
read: 71.961341s
loading graph /home/xyin014/graph/dl/snap_dl, root file is source/dl_src.txt, batch_num is 64, batch_size is 430459
read: 0.081058s
|E|=172183984
|V|=18268993
streaming total time 13.721652s
|V|=18268993
Intersection Graph Marked: 5.453834s
Version Time: 0.748630
direct hop total time 32.697929s
work sharing total time 17.539783s
CommonGraph total time 17.539783s
Running: build/SSNPbaseline /home/xyin014/graph/dl/snap_dl source/dl_src.txt 64 0.0025 8
Error: Invalid line "% asym positive"
Error: Invalid line "% 172308906 18268992 18268992"
read: 71.998627s
loading graph /home/xyin014/graph/dl/snap_dl, root file is source/dl_src.txt, batch_num is 64, batch_size is 430459
read: 0.076726s
|E|=172183984
|V|=18268993
streaming total time 16.304279s
|V|=18268993
Intersection Graph Marked: 4.606792s
Version Time: 0.700136
direct hop total time 33.444305s
work sharing total time 18.955921s
CommonGraph total time 18.955921s
Running: build/SSNPbaseline /home/xyin014/graph/dl/snap_dl source/dl_src.txt 64 0.0025 9
Error: Invalid line "% asym positive"
Error: Invalid line "% 172308906 18268992 18268992"
read: 71.977720s
loading graph /home/xyin014/graph/dl/snap_dl, root file is source/dl_src.txt, batch_num is 64, batch_size is 430459
read: 0.071762s
|E|=172183984
|V|=18268993
streaming total time 15.334110s
|V|=18268993
Intersection Graph Marked: 5.719611s
Version Time: 0.755283
direct hop total time 32.751675s
work sharing total time 18.552855s
CommonGraph total time 18.552855s
Running: build/SSNPbaseline /home/xyin014/graph/dl/snap_dl source/dl_src.txt 64 0.0025 10
Error: Invalid line "% asym positive"
Error: Invalid line "% 172308906 18268992 18268992"
read: 72.033625s
loading graph /home/xyin014/graph/dl/snap_dl, root file is source/dl_src.txt, batch_num is 64, batch_size is 430459
read: 0.075602s
|E|=172183984
|V|=18268993
streaming total time 13.079895s
|V|=18268993
Intersection Graph Marked: 5.685399s
Version Time: 0.011847
direct hop total time 2.376491s
work sharing total time 1.302027s
CommonGraph total time 1.302027s
Running: build/SSNPbaseline /home/xyin014/graph/dl/snap_dl source/dl_src.txt 64 0.0025 11
Error: Invalid line "% asym positive"
Error: Invalid line "% 172308906 18268992 18268992"
read: 72.089772s
loading graph /home/xyin014/graph/dl/snap_dl, root file is source/dl_src.txt, batch_num is 64, batch_size is 430459
read: 0.082280s
|E|=172183984
|V|=18268993
streaming total time 14.073892s
|V|=18268993
Intersection Graph Marked: 5.778976s
Version Time: 0.011260
direct hop total time 2.320625s
work sharing total time 1.293937s
CommonGraph total time 1.293937s
Running: build/SSNPbaseline /home/xyin014/graph/dl/snap_dl source/dl_src.txt 64 0.0025 12
Error: Invalid line "% asym positive"
Error: Invalid line "% 172308906 18268992 18268992"
read: 71.824435s
loading graph /home/xyin014/graph/dl/snap_dl, root file is source/dl_src.txt, batch_num is 64, batch_size is 430459
read: 0.070241s
|E|=172183984
|V|=18268993
streaming total time 17.141285s
|V|=18268993
Intersection Graph Marked: 5.338878s
Version Time: 0.777125
direct hop total time 24.367733s
work sharing total time 13.599822s
CommonGraph total time 13.599822s
Running: build/SSNPbaseline /home/xyin014/graph/dl/snap_dl source/dl_src.txt 64 0.0025 13
Error: Invalid line "% asym positive"
Error: Invalid line "% 172308906 18268992 18268992"
read: 71.996288s
loading graph /home/xyin014/graph/dl/snap_dl, root file is source/dl_src.txt, batch_num is 64, batch_size is 430459
read: 0.078391s
|E|=172183984
|V|=18268993
Re Computing: 5 767572 1956164
streaming total time 11.967959s
|V|=18268993
Intersection Graph Marked: 5.253779s
Version Time: 0.011233
direct hop total time 17.354290s
work sharing total time 16.179050s
CommonGraph total time 16.179050s
Running: build/SSNPbaseline /home/xyin014/graph/dl/snap_dl source/dl_src.txt 64 0.0025 14
Error: Invalid line "% asym positive"
Error: Invalid line "% 172308906 18268992 18268992"
read: 71.998940s
loading graph /home/xyin014/graph/dl/snap_dl, root file is source/dl_src.txt, batch_num is 64, batch_size is 430459
read: 0.068871s
|E|=172183984
|V|=18268993
streaming total time 10.535780s
|V|=18268993
Intersection Graph Marked: 5.360296s
Version Time: 0.060918
direct hop total time 2.406792s
work sharing total time 1.312112s
CommonGraph total time 1.312112s
Running: build/SSNPbaseline /home/xyin014/graph/dl/snap_dl source/dl_src.txt 64 0.0025 15
Error: Invalid line "% asym positive"
Error: Invalid line "% 172308906 18268992 18268992"
read: 72.155379s
loading graph /home/xyin014/graph/dl/snap_dl, root file is source/dl_src.txt, batch_num is 64, batch_size is 430459
read: 0.067728s
|E|=172183984
|V|=18268993
streaming total time 13.922008s
|V|=18268993
Intersection Graph Marked: 6.372272s
Version Time: 0.011140
direct hop total time 2.375610s
work sharing total time 1.300501s
CommonGraph total time 1.300501s
Running: build/SSNPbaseline /home/xyin014/graph/or/snap_or source/or.txt 8 0.02 0
Error: Invalid line "% bip unweighted"
read: 132.913060s
loading graph /home/xyin014/graph/or/snap_or, root file is source/or.txt, batch_num is 8, batch_size is 6540749
read: 0.061871s
|E|=327037487
|V|=8730858
streaming total time 32.574203s
|V|=8730858
Intersection Graph Marked: 17.657623s
Version Time: 2.639674
direct hop total time 5.010446s
work sharing total time 3.512371s
CommonGraph total time 3.512371s
Running: build/SSNPbaseline /home/xyin014/graph/or/snap_or source/or.txt 8 0.02 1
Error: Invalid line "% bip unweighted"
read: 133.502372s
loading graph /home/xyin014/graph/or/snap_or, root file is source/or.txt, batch_num is 8, batch_size is 6540749
read: 0.061363s
|E|=327037487
|V|=8730858
streaming total time 44.841572s
|V|=8730858
Intersection Graph Marked: 17.072708s
Version Time: 2.068998
direct hop total time 5.811190s
work sharing total time 4.090744s
CommonGraph total time 4.090744s
Running: build/SSNPbaseline /home/xyin014/graph/or/snap_or source/or.txt 8 0.02 2
Error: Invalid line "% bip unweighted"
read: 133.345115s
loading graph /home/xyin014/graph/or/snap_or, root file is source/or.txt, batch_num is 8, batch_size is 6540749
read: 0.062339s
|E|=327037487
|V|=8730858
streaming total time 35.327297s
|V|=8730858
Intersection Graph Marked: 16.742354s
Version Time: 0.005754
direct hop total time 0.578812s
work sharing total time 0.483332s
CommonGraph total time 0.483332s
Running: build/SSNPbaseline /home/xyin014/graph/or/snap_or source/or.txt 8 0.02 3
Error: Invalid line "% bip unweighted"
read: 132.783346s
loading graph /home/xyin014/graph/or/snap_or, root file is source/or.txt, batch_num is 8, batch_size is 6540749
read: 0.061197s
|E|=327037487
|V|=8730858
streaming total time 36.831863s
|V|=8730858
Intersection Graph Marked: 16.374863s
Version Time: 2.035199
direct hop total time 5.562762s
work sharing total time 3.721784s
CommonGraph total time 3.721784s
Running: build/SSNPbaseline /home/xyin014/graph/or/snap_or source/or.txt 8 0.02 4
Error: Invalid line "% bip unweighted"
read: 132.949955s
loading graph /home/xyin014/graph/or/snap_or, root file is source/or.txt, batch_num is 8, batch_size is 6540749
read: 0.062290s
|E|=327037487
|V|=8730858
streaming total time 38.366169s
|V|=8730858
Intersection Graph Marked: 16.905024s
Version Time: 0.005781
direct hop total time 0.599375s
work sharing total time 0.332284s
CommonGraph total time 0.332284s
Running: build/SSNPbaseline /home/xyin014/graph/or/snap_or source/or.txt 8 0.02 5
Error: Invalid line "% bip unweighted"
read: 132.994010s
loading graph /home/xyin014/graph/or/snap_or, root file is source/or.txt, batch_num is 8, batch_size is 6540749
read: 0.063344s
|E|=327037487
|V|=8730858
streaming total time 41.507050s
|V|=8730858
Intersection Graph Marked: 19.075562s
Version Time: 0.005646
direct hop total time 0.517278s
work sharing total time 0.354199s
CommonGraph total time 0.354199s
Running: build/SSNPbaseline /home/xyin014/graph/or/snap_or source/or.txt 8 0.02 6
Error: Invalid line "% bip unweighted"
read: 132.928278s
loading graph /home/xyin014/graph/or/snap_or, root file is source/or.txt, batch_num is 8, batch_size is 6540749
read: 0.062283s
|E|=327037487
|V|=8730858
streaming total time 38.306046s
|V|=8730858
Intersection Graph Marked: 19.603194s
Version Time: 1.337522
direct hop total time 4.131601s
work sharing total time 2.836155s
CommonGraph total time 2.836155s
Running: build/SSNPbaseline /home/xyin014/graph/or/snap_or source/or.txt 8 0.02 7
Error: Invalid line "% bip unweighted"
read: 133.007400s
loading graph /home/xyin014/graph/or/snap_or, root file is source/or.txt, batch_num is 8, batch_size is 6540749
read: 0.062257s
|E|=327037487
|V|=8730858
streaming total time 35.716602s
|V|=8730858
Intersection Graph Marked: 13.791066s
Version Time: 0.862183
direct hop total time 10.298441s
work sharing total time 8.737874s
CommonGraph total time 8.737874s
Running: build/SSNPbaseline /home/xyin014/graph/or/snap_or source/or.txt 8 0.02 8
Error: Invalid line "% bip unweighted"
read: 132.856304s
loading graph /home/xyin014/graph/or/snap_or, root file is source/or.txt, batch_num is 8, batch_size is 6540749
read: 0.062105s
|E|=327037487
|V|=8730858
streaming total time 39.483006s
|V|=8730858
Intersection Graph Marked: 15.473349s
Version Time: 2.160453
direct hop total time 5.424137s
work sharing total time 3.769586s
CommonGraph total time 3.769586s
Running: build/SSNPbaseline /home/xyin014/graph/or/snap_or source/or.txt 8 0.02 9
Error: Invalid line "% bip unweighted"
read: 132.574228s
loading graph /home/xyin014/graph/or/snap_or, root file is source/or.txt, batch_num is 8, batch_size is 6540749
read: 0.063407s
|E|=327037487
|V|=8730858
streaming total time 28.439909s
|V|=8730858
Intersection Graph Marked: 18.092963s
Version Time: 0.005800
direct hop total time 0.538438s
work sharing total time 0.455522s
CommonGraph total time 0.455522s
Running: build/SSNPbaseline /home/xyin014/graph/or/snap_or source/or.txt 8 0.02 10
Error: Invalid line "% bip unweighted"
read: 133.039716s
loading graph /home/xyin014/graph/or/snap_or, root file is source/or.txt, batch_num is 8, batch_size is 6540749
read: 0.064265s
|E|=327037487
|V|=8730858
streaming total time 37.480164s
|V|=8730858
Intersection Graph Marked: 19.469486s
Version Time: 0.005688
direct hop total time 0.583170s
work sharing total time 0.423266s
CommonGraph total time 0.423266s
Running: build/SSNPbaseline /home/xyin014/graph/or/snap_or source/or.txt 8 0.02 11
Error: Invalid line "% bip unweighted"
read: 135.270948s
loading graph /home/xyin014/graph/or/snap_or, root file is source/or.txt, batch_num is 8, batch_size is 6540749
read: 0.092551s
|E|=327037487
|V|=8730858
streaming total time 26.403751s
|V|=8730858
Intersection Graph Marked: 13.503187s
Version Time: 1.862317
direct hop total time 4.867029s
work sharing total time 3.530657s
CommonGraph total time 3.530657s
Running: build/SSNPbaseline /home/xyin014/graph/or/snap_or source/or.txt 8 0.02 12
Error: Invalid line "% bip unweighted"
read: 145.657010s
loading graph /home/xyin014/graph/or/snap_or, root file is source/or.txt, batch_num is 8, batch_size is 6540749
read: 0.062394s
|E|=327037487
|V|=8730858
streaming total time 32.188499s
|V|=8730858
Intersection Graph Marked: 20.462753s
Version Time: 0.005656
direct hop total time 0.536931s
work sharing total time 0.398619s
CommonGraph total time 0.398619s
Running: build/SSNPbaseline /home/xyin014/graph/or/snap_or source/or.txt 8 0.02 13
Error: Invalid line "% bip unweighted"
read: 132.798210s
loading graph /home/xyin014/graph/or/snap_or, root file is source/or.txt, batch_num is 8, batch_size is 6540749
read: 0.062170s
|E|=327037487
|V|=8730858
streaming total time 41.040131s
|V|=8730858
Intersection Graph Marked: 14.110417s
Version Time: 1.541386
direct hop total time 7.233869s
work sharing total time 4.945873s
CommonGraph total time 4.945873s
Running: build/SSNPbaseline /home/xyin014/graph/or/snap_or source/or.txt 8 0.02 14
Error: Invalid line "% bip unweighted"
read: 134.253929s
loading graph /home/xyin014/graph/or/snap_or, root file is source/or.txt, batch_num is 8, batch_size is 6540749
read: 0.061227s
|E|=327037487
|V|=8730858
streaming total time 32.334991s
|V|=8730858
Intersection Graph Marked: 18.949722s
Version Time: 0.005719
direct hop total time 0.560832s
work sharing total time 0.460942s
CommonGraph total time 0.460942s
Running: build/SSNPbaseline /home/xyin014/graph/or/snap_or source/or.txt 8 0.02 15
Error: Invalid line "% bip unweighted"
read: 132.876449s
loading graph /home/xyin014/graph/or/snap_or, root file is source/or.txt, batch_num is 8, batch_size is 6540749
read: 0.062068s
|E|=327037487
|V|=8730858
streaming total time 38.615002s
|V|=8730858
Intersection Graph Marked: 19.163213s
Version Time: 0.055451
direct hop total time 0.492488s
work sharing total time 0.373317s
CommonGraph total time 0.373317s
Running: build/SSNPbaseline /home/xyin014/graph/or/snap_or source/or.txt 16 0.01 0
Error: Invalid line "% bip unweighted"
read: 134.354994s
loading graph /home/xyin014/graph/or/snap_or, root file is source/or.txt, batch_num is 16, batch_size is 3270374
read: 0.063280s
|E|=327037487
|V|=8730858
streaming total time 38.565670s
|V|=8730858
Intersection Graph Marked: 22.155005s
Version Time: 2.648925
direct hop total time 10.072029s
work sharing total time 6.368235s
CommonGraph total time 6.368235s
Running: build/SSNPbaseline /home/xyin014/graph/or/snap_or source/or.txt 16 0.01 1
Error: Invalid line "% bip unweighted"
read: 132.646786s
loading graph /home/xyin014/graph/or/snap_or, root file is source/or.txt, batch_num is 16, batch_size is 3270374
read: 0.061647s
|E|=327037487
|V|=8730858
streaming total time 41.845917s
|V|=8730858
Intersection Graph Marked: 16.767714s
Version Time: 2.076840
direct hop total time 10.283331s
work sharing total time 6.540103s
CommonGraph total time 6.540103s
Running: build/SSNPbaseline /home/xyin014/graph/or/snap_or source/or.txt 16 0.01 2
Error: Invalid line "% bip unweighted"
read: 132.720415s
loading graph /home/xyin014/graph/or/snap_or, root file is source/or.txt, batch_num is 16, batch_size is 3270374
read: 0.062116s
|E|=327037487
|V|=8730858
streaming total time 24.796930s
|V|=8730858
Intersection Graph Marked: 17.192403s
Version Time: 0.005686
direct hop total time 0.866650s
work sharing total time 0.518502s
CommonGraph total time 0.518502s
Running: build/SSNPbaseline /home/xyin014/graph/or/snap_or source/or.txt 16 0.01 3
Error: Invalid line "% bip unweighted"
read: 132.803186s
loading graph /home/xyin014/graph/or/snap_or, root file is source/or.txt, batch_num is 16, batch_size is 3270374
read: 0.060949s
|E|=327037487
|V|=8730858
streaming total time 36.250778s
|V|=8730858
Intersection Graph Marked: 18.897138s
Version Time: 1.950749
direct hop total time 10.855598s
work sharing total time 6.651478s
CommonGraph total time 6.651478s
Running: build/SSNPbaseline /home/xyin014/graph/or/snap_or source/or.txt 16 0.01 4
Error: Invalid line "% bip unweighted"
read: 132.872775s
loading graph /home/xyin014/graph/or/snap_or, root file is source/or.txt, batch_num is 16, batch_size is 3270374
read: 0.061316s
|E|=327037487
|V|=8730858
streaming total time 34.400589s
|V|=8730858
Intersection Graph Marked: 19.942107s
Version Time: 0.005728
direct hop total time 1.043164s
work sharing total time 0.518984s
CommonGraph total time 0.518984s
Running: build/SSNPbaseline /home/xyin014/graph/or/snap_or source/or.txt 16 0.01 5
Error: Invalid line "% bip unweighted"
read: 132.832949s
loading graph /home/xyin014/graph/or/snap_or, root file is source/or.txt, batch_num is 16, batch_size is 3270374
read: 0.062668s
|E|=327037487
|V|=8730858
streaming total time 36.439285s
|V|=8730858
Intersection Graph Marked: 18.085711s
Version Time: 0.056053
direct hop total time 0.807275s
work sharing total time 0.522343s
CommonGraph total time 0.522343s
Running: build/SSNPbaseline /home/xyin014/graph/or/snap_or source/or.txt 16 0.01 6
Error: Invalid line "% bip unweighted"
read: 132.931542s
loading graph /home/xyin014/graph/or/snap_or, root file is source/or.txt, batch_num is 16, batch_size is 3270374
read: 0.062632s
|E|=327037487
|V|=8730858
streaming total time 37.828907s
|V|=8730858
Intersection Graph Marked: 19.233603s
Version Time: 1.407286
direct hop total time 7.678430s
work sharing total time 4.735121s
CommonGraph total time 4.735121s
Running: build/SSNPbaseline /home/xyin014/graph/or/snap_or source/or.txt 16 0.01 7
Error: Invalid line "% bip unweighted"
read: 132.892795s
loading graph /home/xyin014/graph/or/snap_or, root file is source/or.txt, batch_num is 16, batch_size is 3270374
read: 0.062535s
|E|=327037487
|V|=8730858
streaming total time 43.168594s
|V|=8730858
Intersection Graph Marked: 16.702047s
Version Time: 0.903546
direct hop total time 20.208920s
work sharing total time 16.677784s
CommonGraph total time 16.677784s
Running: build/SSNPbaseline /home/xyin014/graph/or/snap_or source/or.txt 16 0.01 8
Error: Invalid line "% bip unweighted"
read: 132.735489s
loading graph /home/xyin014/graph/or/snap_or, root file is source/or.txt, batch_num is 16, batch_size is 3270374
read: 0.063596s
|E|=327037487
|V|=8730858
streaming total time 41.405632s
|V|=8730858
Intersection Graph Marked: 14.003802s
Version Time: 2.161001
direct hop total time 9.569426s
work sharing total time 6.125198s
CommonGraph total time 6.125198s
Running: build/SSNPbaseline /home/xyin014/graph/or/snap_or source/or.txt 16 0.01 9
Error: Invalid line "% bip unweighted"
read: 132.686893s
loading graph /home/xyin014/graph/or/snap_or, root file is source/or.txt, batch_num is 16, batch_size is 3270374
read: 0.062731s
|E|=327037487
|V|=8730858
streaming total time 37.002766s
|V|=8730858
Intersection Graph Marked: 19.150694s
Version Time: 0.005699
direct hop total time 0.945014s
work sharing total time 0.616634s
CommonGraph total time 0.616634s
Running: build/SSNPbaseline /home/xyin014/graph/or/snap_or source/or.txt 16 0.01 10
Error: Invalid line "% bip unweighted"
read: 132.695299s
loading graph /home/xyin014/graph/or/snap_or, root file is source/or.txt, batch_num is 16, batch_size is 3270374
read: 0.062580s
|E|=327037487
|V|=8730858
streaming total time 41.583920s
|V|=8730858
Intersection Graph Marked: 20.435929s
Version Time: 0.041253
direct hop total time 0.829189s
work sharing total time 0.503463s
CommonGraph total time 0.503463s
Running: build/SSNPbaseline /home/xyin014/graph/or/snap_or source/or.txt 16 0.01 11
Error: Invalid line "% bip unweighted"
read: 132.826668s
loading graph /home/xyin014/graph/or/snap_or, root file is source/or.txt, batch_num is 16, batch_size is 3270374
read: 0.062863s
|E|=327037487
|V|=8730858
streaming total time 38.501446s
|V|=8730858
Intersection Graph Marked: 18.750511s
Version Time: 1.898209
direct hop total time 9.766313s
work sharing total time 6.118222s
CommonGraph total time 6.118222s
Running: build/SSNPbaseline /home/xyin014/graph/or/snap_or source/or.txt 16 0.01 12
Error: Invalid line "% bip unweighted"
read: 132.915377s
loading graph /home/xyin014/graph/or/snap_or, root file is source/or.txt, batch_num is 16, batch_size is 3270374
read: 0.062971s
|E|=327037487
|V|=8730858
streaming total time 31.014688s
|V|=8730858
Intersection Graph Marked: 17.084636s
Version Time: 0.005597
direct hop total time 0.861855s
work sharing total time 0.508174s
CommonGraph total time 0.508174s
Running: build/SSNPbaseline /home/xyin014/graph/or/snap_or source/or.txt 16 0.01 13
Error: Invalid line "% bip unweighted"
read: 133.030304s
loading graph /home/xyin014/graph/or/snap_or, root file is source/or.txt, batch_num is 16, batch_size is 3270374
read: 0.062023s
|E|=327037487
|V|=8730858
streaming total time 38.878113s
|V|=8730858
Intersection Graph Marked: 13.088803s
Version Time: 1.526570
direct hop total time 13.603668s
work sharing total time 8.679742s
CommonGraph total time 8.679742s
Running: build/SSNPbaseline /home/xyin014/graph/or/snap_or source/or.txt 16 0.01 14
Error: Invalid line "% bip unweighted"
read: 132.697684s
loading graph /home/xyin014/graph/or/snap_or, root file is source/or.txt, batch_num is 16, batch_size is 3270374
read: 0.062571s
|E|=327037487
|V|=8730858
streaming total time 25.091269s
|V|=8730858
Intersection Graph Marked: 15.629817s
Version Time: 0.050986
direct hop total time 0.841346s
work sharing total time 0.540906s
CommonGraph total time 0.540906s
Running: build/SSNPbaseline /home/xyin014/graph/or/snap_or source/or.txt 16 0.01 15
Error: Invalid line "% bip unweighted"
read: 132.990405s
loading graph /home/xyin014/graph/or/snap_or, root file is source/or.txt, batch_num is 16, batch_size is 3270374
read: 0.061979s
|E|=327037487
|V|=8730858
streaming total time 28.443411s
|V|=8730858
Intersection Graph Marked: 18.767505s
Version Time: 0.006187
direct hop total time 0.809856s
work sharing total time 0.489510s
CommonGraph total time 0.489510s
Running: build/SSNPbaseline /home/xyin014/graph/or/snap_or source/or.txt 32 0.005 0
Error: Invalid line "% bip unweighted"
read: 132.675076s
loading graph /home/xyin014/graph/or/snap_or, root file is source/or.txt, batch_num is 32, batch_size is 1635187
read: 0.061210s
|E|=327037487
|V|=8730858
streaming total time 20.984224s
|V|=8730858
Intersection Graph Marked: 13.997740s
Version Time: 2.653774
direct hop total time 18.921143s
work sharing total time 11.501699s
CommonGraph total time 11.501699s
Running: build/SSNPbaseline /home/xyin014/graph/or/snap_or source/or.txt 32 0.005 1
Error: Invalid line "% bip unweighted"
read: 133.121960s
loading graph /home/xyin014/graph/or/snap_or, root file is source/or.txt, batch_num is 32, batch_size is 1635187
read: 0.062490s
|E|=327037487
|V|=8730858
streaming total time 35.215958s
|V|=8730858
Intersection Graph Marked: 16.985236s
Version Time: 2.059509
direct hop total time 18.359913s
work sharing total time 11.536148s
CommonGraph total time 11.536148s
Running: build/SSNPbaseline /home/xyin014/graph/or/snap_or source/or.txt 32 0.005 2
Error: Invalid line "% bip unweighted"
read: 132.789994s
loading graph /home/xyin014/graph/or/snap_or, root file is source/or.txt, batch_num is 32, batch_size is 1635187
read: 0.063368s
|E|=327037487
|V|=8730858
streaming total time 24.378366s
|V|=8730858
Intersection Graph Marked: 17.438076s
Version Time: 0.006106
direct hop total time 1.954314s
work sharing total time 1.387439s
CommonGraph total time 1.387439s
Running: build/SSNPbaseline /home/xyin014/graph/or/snap_or source/or.txt 32 0.005 3
Error: Invalid line "% bip unweighted"
read: 132.502347s
loading graph /home/xyin014/graph/or/snap_or, root file is source/or.txt, batch_num is 32, batch_size is 1635187
read: 0.062107s
|E|=327037487
|V|=8730858
streaming total time 23.768192s
|V|=8730858
Intersection Graph Marked: 14.071039s
Version Time: 1.968583
direct hop total time 19.916059s
work sharing total time 12.068663s
CommonGraph total time 12.068663s
Running: build/SSNPbaseline /home/xyin014/graph/or/snap_or source/or.txt 32 0.005 4
Error: Invalid line "% bip unweighted"
read: 133.770038s
loading graph /home/xyin014/graph/or/snap_or, root file is source/or.txt, batch_num is 32, batch_size is 1635187
read: 0.062485s
|E|=327037487
|V|=8730858
streaming total time 24.436916s
|V|=8730858
Intersection Graph Marked: 18.949207s
Version Time: 0.006033
direct hop total time 1.571263s
work sharing total time 0.907168s
CommonGraph total time 0.907168s
Running: build/SSNPbaseline /home/xyin014/graph/or/snap_or source/or.txt 32 0.005 5
Error: Invalid line "% bip unweighted"
read: 132.893115s
loading graph /home/xyin014/graph/or/snap_or, root file is source/or.txt, batch_num is 32, batch_size is 1635187
read: 0.062096s
|E|=327037487
|V|=8730858
streaming total time 23.191366s
|V|=8730858
Intersection Graph Marked: 17.395172s
Version Time: 0.015363
direct hop total time 1.840803s
work sharing total time 1.476488s
CommonGraph total time 1.476488s
Running: build/SSNPbaseline /home/xyin014/graph/or/snap_or source/or.txt 32 0.005 6
Error: Invalid line "% bip unweighted"
read: 132.849348s
loading graph /home/xyin014/graph/or/snap_or, root file is source/or.txt, batch_num is 32, batch_size is 1635187
read: 0.062114s
|E|=327037487
|V|=8730858
streaming total time 27.501789s
|V|=8730858
Intersection Graph Marked: 18.012251s
Version Time: 1.271760
direct hop total time 15.681359s
work sharing total time 9.076232s
CommonGraph total time 9.076232s
Running: build/SSNPbaseline /home/xyin014/graph/or/snap_or source/or.txt 32 0.005 7
Error: Invalid line "% bip unweighted"
read: 132.697594s
loading graph /home/xyin014/graph/or/snap_or, root file is source/or.txt, batch_num is 32, batch_size is 1635187
read: 0.062897s
|E|=327037487
|V|=8730858
streaming total time 30.911028s
|V|=8730858
Intersection Graph Marked: 17.381404s
Version Time: 0.915586
direct hop total time 39.087948s
work sharing total time 32.440304s
CommonGraph total time 32.440304s
Running: build/SSNPbaseline /home/xyin014/graph/or/snap_or source/or.txt 32 0.005 8
Error: Invalid line "% bip unweighted"
read: 145.788808s
loading graph /home/xyin014/graph/or/snap_or, root file is source/or.txt, batch_num is 32, batch_size is 1635187
read: 0.062235s
|E|=327037487
|V|=8730858
streaming total time 26.420935s
|V|=8730858
Intersection Graph Marked: 13.312878s
Version Time: 2.151029
direct hop total time 18.665373s
work sharing total time 11.699144s
CommonGraph total time 11.699144s
Running: build/SSNPbaseline /home/xyin014/graph/or/snap_or source/or.txt 32 0.005 9
Error: Invalid line "% bip unweighted"
read: 133.597471s
loading graph /home/xyin014/graph/or/snap_or, root file is source/or.txt, batch_num is 32, batch_size is 1635187
read: 0.062375s
|E|=327037487
|V|=8730858
streaming total time 26.575375s
|V|=8730858
Intersection Graph Marked: 17.645599s
Version Time: 0.015008
direct hop total time 1.592205s
work sharing total time 0.910361s
CommonGraph total time 0.910361s
Running: build/SSNPbaseline /home/xyin014/graph/or/snap_or source/or.txt 32 0.005 10
Error: Invalid line "% bip unweighted"
read: 132.670299s
loading graph /home/xyin014/graph/or/snap_or, root file is source/or.txt, batch_num is 32, batch_size is 1635187
read: 0.062725s
|E|=327037487
|V|=8730858
streaming total time 20.498642s
|V|=8730858
Intersection Graph Marked: 19.052357s
Version Time: 0.055991
direct hop total time 1.591090s
work sharing total time 1.053553s
CommonGraph total time 1.053553s
Running: build/SSNPbaseline /home/xyin014/graph/or/snap_or source/or.txt 32 0.005 11
Error: Invalid line "% bip unweighted"
read: 132.849815s
loading graph /home/xyin014/graph/or/snap_or, root file is source/or.txt, batch_num is 32, batch_size is 1635187
read: 0.062773s
|E|=327037487
|V|=8730858
streaming total time 21.147251s
|V|=8730858
Intersection Graph Marked: 13.677666s
Version Time: 1.876307
direct hop total time 19.551882s
work sharing total time 11.544106s
CommonGraph total time 11.544106s
Running: build/SSNPbaseline /home/xyin014/graph/or/snap_or source/or.txt 32 0.005 12
Error: Invalid line "% bip unweighted"
read: 132.972081s
loading graph /home/xyin014/graph/or/snap_or, root file is source/or.txt, batch_num is 32, batch_size is 1635187
read: 0.063254s
|E|=327037487
|V|=8730858
streaming total time 29.140484s
|V|=8730858
Intersection Graph Marked: 15.683178s
Version Time: 0.005973
direct hop total time 1.686006s
work sharing total time 0.919281s
CommonGraph total time 0.919281s
Running: build/SSNPbaseline /home/xyin014/graph/or/snap_or source/or.txt 32 0.005 13
Error: Invalid line "% bip unweighted"
read: 132.818327s
loading graph /home/xyin014/graph/or/snap_or, root file is source/or.txt, batch_num is 32, batch_size is 1635187
read: 0.062871s
|E|=327037487
|V|=8730858
streaming total time 30.002588s
|V|=8730858
Intersection Graph Marked: 13.587110s
Version Time: 1.557476
direct hop total time 26.249588s
work sharing total time 15.896822s
CommonGraph total time 15.896822s
Running: build/SSNPbaseline /home/xyin014/graph/or/snap_or source/or.txt 32 0.005 14
Error: Invalid line "% bip unweighted"
read: 133.627746s
loading graph /home/xyin014/graph/or/snap_or, root file is source/or.txt, batch_num is 32, batch_size is 1635187
read: 0.064124s
|E|=327037487
|V|=8730858
streaming total time 23.467276s
|V|=8730858
Intersection Graph Marked: 18.341742s
Version Time: 0.005666
direct hop total time 2.148642s
work sharing total time 1.492576s
CommonGraph total time 1.492576s
Running: build/SSNPbaseline /home/xyin014/graph/or/snap_or source/or.txt 32 0.005 15
Error: Invalid line "% bip unweighted"
read: 132.981627s
loading graph /home/xyin014/graph/or/snap_or, root file is source/or.txt, batch_num is 32, batch_size is 1635187
read: 0.065327s
|E|=327037487
|V|=8730858
streaming total time 24.074385s
|V|=8730858
Intersection Graph Marked: 17.488456s
Version Time: 0.006101
direct hop total time 1.630037s
work sharing total time 1.032660s
CommonGraph total time 1.032660s
Running: build/SSNPbaseline /home/xyin014/graph/or/snap_or source/or.txt 64 0.0025 0
Error: Invalid line "% bip unweighted"
read: 132.727525s
loading graph /home/xyin014/graph/or/snap_or, root file is source/or.txt, batch_num is 64, batch_size is 817593
read: 0.062298s
|E|=327037487
|V|=8730858
streaming total time 26.064877s
|V|=8730858
Intersection Graph Marked: 14.391105s
Version Time: 2.662484
direct hop total time 34.569431s
work sharing total time 20.898069s
CommonGraph total time 20.898069s
Running: build/SSNPbaseline /home/xyin014/graph/or/snap_or source/or.txt 64 0.0025 1
Error: Invalid line "% bip unweighted"
read: 134.110659s
loading graph /home/xyin014/graph/or/snap_or, root file is source/or.txt, batch_num is 64, batch_size is 817593
read: 0.063122s
|E|=327037487
|V|=8730858
streaming total time 23.607834s
|V|=8730858
Intersection Graph Marked: 14.519408s
Version Time: 2.060735
direct hop total time 37.411125s
work sharing total time 22.615877s
CommonGraph total time 22.615877s
Running: build/SSNPbaseline /home/xyin014/graph/or/snap_or source/or.txt 64 0.0025 2
Error: Invalid line "% bip unweighted"
read: 133.230729s
loading graph /home/xyin014/graph/or/snap_or, root file is source/or.txt, batch_num is 64, batch_size is 817593
read: 0.062307s
|E|=327037487
|V|=8730858
streaming total time 20.053410s
|V|=8730858
Intersection Graph Marked: 19.871224s
Version Time: 0.005610
direct hop total time 3.085746s
work sharing total time 1.702742s
CommonGraph total time 1.702742s
Running: build/SSNPbaseline /home/xyin014/graph/or/snap_or source/or.txt 64 0.0025 3
Error: Invalid line "% bip unweighted"
read: 132.935280s
loading graph /home/xyin014/graph/or/snap_or, root file is source/or.txt, batch_num is 64, batch_size is 817593
read: 0.061868s
|E|=327037487
|V|=8730858
streaming total time 25.042664s
|V|=8730858
Intersection Graph Marked: 14.529958s
Version Time: 2.118928
direct hop total time 36.477680s
work sharing total time 21.955183s
CommonGraph total time 21.955183s
Running: build/SSNPbaseline /home/xyin014/graph/or/snap_or source/or.txt 64 0.0025 4
Error: Invalid line "% bip unweighted"
read: 132.948549s
loading graph /home/xyin014/graph/or/snap_or, root file is source/or.txt, batch_num is 64, batch_size is 817593
read: 0.062777s
|E|=327037487
|V|=8730858
streaming total time 18.454111s
|V|=8730858
Intersection Graph Marked: 15.666459s
Version Time: 0.055695
direct hop total time 3.157248s
work sharing total time 1.703635s
CommonGraph total time 1.703635s
Running: build/SSNPbaseline /home/xyin014/graph/or/snap_or source/or.txt 64 0.0025 5
Error: Invalid line "% bip unweighted"
read: 133.061793s
loading graph /home/xyin014/graph/or/snap_or, root file is source/or.txt, batch_num is 64, batch_size is 817593
read: 0.062393s
|E|=327037487
|V|=8730858
streaming total time 20.144049s
|V|=8730858
Intersection Graph Marked: 14.943788s
Version Time: 0.055911
direct hop total time 3.079006s
work sharing total time 1.715840s
CommonGraph total time 1.715840s
Running: build/SSNPbaseline /home/xyin014/graph/or/snap_or source/or.txt 64 0.0025 6
Error: Invalid line "% bip unweighted"
read: 134.201538s
loading graph /home/xyin014/graph/or/snap_or, root file is source/or.txt, batch_num is 64, batch_size is 817593
read: 0.061440s
|E|=327037487
|V|=8730858
streaming total time 20.103659s
|V|=8730858
Intersection Graph Marked: 16.614082s
Version Time: 1.260552
direct hop total time 30.054523s
work sharing total time 17.901720s
CommonGraph total time 17.901720s
Running: build/SSNPbaseline /home/xyin014/graph/or/snap_or source/or.txt 64 0.0025 7
Error: Invalid line "% bip unweighted"
read: 133.165821s
loading graph /home/xyin014/graph/or/snap_or, root file is source/or.txt, batch_num is 64, batch_size is 817593
read: 0.062906s
|E|=327037487
|V|=8730858
streaming total time 24.078030s
|V|=8730858
Intersection Graph Marked: 15.138302s
Version Time: 0.856105
direct hop total time 77.281540s
work sharing total time 63.076443s
CommonGraph total time 63.076443s
Running: build/SSNPbaseline /home/xyin014/graph/or/snap_or source/or.txt 64 0.0025 8
Error: Invalid line "% bip unweighted"
read: 132.955202s
loading graph /home/xyin014/graph/or/snap_or, root file is source/or.txt, batch_num is 64, batch_size is 817593
read: 0.061277s
|E|=327037487
|V|=8730858
streaming total time 24.064819s
|V|=8730858
Intersection Graph Marked: 15.436991s
Version Time: 2.168543
direct hop total time 36.808685s
work sharing total time 22.242273s
CommonGraph total time 22.242273s
Running: build/SSNPbaseline /home/xyin014/graph/or/snap_or source/or.txt 64 0.0025 9
Error: Invalid line "% bip unweighted"
read: 133.066863s
loading graph /home/xyin014/graph/or/snap_or, root file is source/or.txt, batch_num is 64, batch_size is 817593
read: 0.062278s
|E|=327037487
|V|=8730858
streaming total time 19.549854s
|V|=8730858
Intersection Graph Marked: 16.313907s
Version Time: 0.039845
direct hop total time 3.159736s
work sharing total time 1.707209s
CommonGraph total time 1.707209s
Running: build/SSNPbaseline /home/xyin014/graph/or/snap_or source/or.txt 64 0.0025 10
Error: Invalid line "% bip unweighted"
read: 133.014212s
loading graph /home/xyin014/graph/or/snap_or, root file is source/or.txt, batch_num is 64, batch_size is 817593
read: 0.062507s
|E|=327037487
|V|=8730858
streaming total time 16.527718s
|V|=8730858
Intersection Graph Marked: 16.260234s
Version Time: 0.005699
direct hop total time 3.136547s
work sharing total time 1.721189s
CommonGraph total time 1.721189s
Running: build/SSNPbaseline /home/xyin014/graph/or/snap_or source/or.txt 64 0.0025 11
Error: Invalid line "% bip unweighted"
read: 133.051528s
loading graph /home/xyin014/graph/or/snap_or, root file is source/or.txt, batch_num is 64, batch_size is 817593
read: 0.062825s
|E|=327037487
|V|=8730858
streaming total time 21.945410s
|V|=8730858
Intersection Graph Marked: 14.859458s
Version Time: 1.878336
direct hop total time 37.799038s
work sharing total time 22.163105s
CommonGraph total time 22.163105s
Running: build/SSNPbaseline /home/xyin014/graph/or/snap_or source/or.txt 64 0.0025 12
Error: Invalid line "% bip unweighted"
read: 132.906926s
loading graph /home/xyin014/graph/or/snap_or, root file is source/or.txt, batch_num is 64, batch_size is 817593
read: 0.062606s
|E|=327037487
|V|=8730858
streaming total time 16.319695s
|V|=8730858
Intersection Graph Marked: 15.044422s
Version Time: 0.005526
direct hop total time 3.239098s
work sharing total time 1.910851s
CommonGraph total time 1.910851s
Running: build/SSNPbaseline /home/xyin014/graph/or/snap_or source/or.txt 64 0.0025 13
Error: Invalid line "% bip unweighted"
read: 136.688693s
loading graph /home/xyin014/graph/or/snap_or, root file is source/or.txt, batch_num is 64, batch_size is 817593
read: 0.062370s
|E|=327037487
|V|=8730858
streaming total time 28.984716s
|V|=8730858
Intersection Graph Marked: 14.584029s
Version Time: 1.575419
direct hop total time 53.990368s
work sharing total time 32.380798s
CommonGraph total time 32.380798s
Running: build/SSNPbaseline /home/xyin014/graph/or/snap_or source/or.txt 64 0.0025 14
Error: Invalid line "% bip unweighted"
read: 133.143702s
loading graph /home/xyin014/graph/or/snap_or, root file is source/or.txt, batch_num is 64, batch_size is 817593
read: 0.063133s
|E|=327037487
|V|=8730858
streaming total time 18.061863s
|V|=8730858
Intersection Graph Marked: 15.565065s
Version Time: 0.005709
direct hop total time 4.001314s
work sharing total time 2.977141s
CommonGraph total time 2.977141s
Running: build/SSNPbaseline /home/xyin014/graph/or/snap_or source/or.txt 64 0.0025 15
Error: Invalid line "% bip unweighted"
read: 133.148590s
loading graph /home/xyin014/graph/or/snap_or, root file is source/or.txt, batch_num is 64, batch_size is 817593
read: 0.062216s
|E|=327037487
|V|=8730858
streaming total time 19.994612s
|V|=8730858
Intersection Graph Marked: 17.819029s
Version Time: 0.005686
direct hop total time 3.091116s
work sharing total time 1.697471s
CommonGraph total time 1.697471s
Running: build/SSNPbaseline /home/xyin014/graph/ttw/ttw_snap source/TW_queries.txt 8 0.02 0
Error: Invalid line "% asym unweighted"
read: 624.787598s
loading graph /home/xyin014/graph/ttw/ttw_snap, root file is source/TW_queries.txt, batch_num is 8, batch_size is 29367303
read: 0.292492s
|E|=1468365182
|V|=41652231
streaming total time 179.762314s
|V|=41652231
Intersection Graph Marked: 33.831471s
Version Time: 5.500767
direct hop total time 16.856525s
work sharing total time 10.373303s
CommonGraph total time 10.373303s
Running: build/SSNPbaseline /home/xyin014/graph/ttw/ttw_snap source/TW_queries.txt 8 0.02 1
Error: Invalid line "% asym unweighted"
read: 618.594521s
loading graph /home/xyin014/graph/ttw/ttw_snap, root file is source/TW_queries.txt, batch_num is 8, batch_size is 29367303
read: 0.291719s
|E|=1468365182
|V|=41652231
streaming total time 191.833527s
|V|=41652231
Intersection Graph Marked: 33.659173s
Version Time: 5.347996
direct hop total time 21.401716s
work sharing total time 12.787810s
CommonGraph total time 12.787810s
Running: build/SSNPbaseline /home/xyin014/graph/ttw/ttw_snap source/TW_queries.txt 8 0.02 2
Error: Invalid line "% asym unweighted"
read: 629.430313s
loading graph /home/xyin014/graph/ttw/ttw_snap, root file is source/TW_queries.txt, batch_num is 8, batch_size is 29367303
read: 0.311219s
|E|=1468365182
|V|=41652231
Re Computing: 3 919782 1316852
streaming total time 192.223450s
|V|=41652231
Intersection Graph Marked: 33.695276s
Version Time: 5.217386
direct hop total time 27.157305s
work sharing total time 22.932055s
CommonGraph total time 22.932055s
Running: build/SSNPbaseline /home/xyin014/graph/ttw/ttw_snap source/TW_queries.txt 8 0.02 3
Error: Invalid line "% asym unweighted"
read: 618.624388s
loading graph /home/xyin014/graph/ttw/ttw_snap, root file is source/TW_queries.txt, batch_num is 8, batch_size is 29367303
read: 0.291530s
|E|=1468365182
|V|=41652231
streaming total time 191.106445s
|V|=41652231
Intersection Graph Marked: 34.236003s
Version Time: 5.789340
direct hop total time 23.753872s
work sharing total time 14.277202s
CommonGraph total time 14.277202s
Running: build/SSNPbaseline /home/xyin014/graph/ttw/ttw_snap source/TW_queries.txt 8 0.02 4
Error: Invalid line "% asym unweighted"
read: 617.967298s
loading graph /home/xyin014/graph/ttw/ttw_snap, root file is source/TW_queries.txt, batch_num is 8, batch_size is 29367303
read: 0.288691s
|E|=1468365182
|V|=41652231
streaming total time 198.363815s
|V|=41652231
Intersection Graph Marked: 33.723057s
Version Time: 5.723304
direct hop total time 22.416977s
work sharing total time 13.738417s
CommonGraph total time 13.738417s
Running: build/SSNPbaseline /home/xyin014/graph/ttw/ttw_snap source/TW_queries.txt 8 0.02 5
Error: Invalid line "% asym unweighted"
read: 617.491390s
loading graph /home/xyin014/graph/ttw/ttw_snap, root file is source/TW_queries.txt, batch_num is 8, batch_size is 29367303
read: 0.292175s
|E|=1468365182
|V|=41652231
streaming total time 182.809860s
|V|=41652231
Intersection Graph Marked: 33.891861s
Version Time: 5.579624
direct hop total time 15.926533s
work sharing total time 9.813269s
CommonGraph total time 9.813269s
Running: build/SSNPbaseline /home/xyin014/graph/ttw/ttw_snap source/TW_queries.txt 8 0.02 6
Error: Invalid line "% asym unweighted"
read: 617.648414s
loading graph /home/xyin014/graph/ttw/ttw_snap, root file is source/TW_queries.txt, batch_num is 8, batch_size is 29367303
read: 0.288603s
|E|=1468365182
|V|=41652231
streaming total time 191.628372s
|V|=41652231
Intersection Graph Marked: 33.668189s
Version Time: 0.025490
direct hop total time 3.298183s
work sharing total time 2.043972s
CommonGraph total time 2.043972s
Running: build/SSNPbaseline /home/xyin014/graph/ttw/ttw_snap source/TW_queries.txt 8 0.02 7
Error: Invalid line "% asym unweighted"
read: 623.950805s
loading graph /home/xyin014/graph/ttw/ttw_snap, root file is source/TW_queries.txt, batch_num is 8, batch_size is 29367303
read: 0.289452s
|E|=1468365182
|V|=41652231
streaming total time 190.863251s
|V|=41652231
Intersection Graph Marked: 33.441431s
Version Time: 5.372085
direct hop total time 9.695338s
work sharing total time 5.783384s
CommonGraph total time 5.783384s
Running: build/SSNPbaseline /home/xyin014/graph/ttw/ttw_snap source/TW_queries.txt 8 0.02 8
Error: Invalid line "% asym unweighted"
read: 617.499894s
loading graph /home/xyin014/graph/ttw/ttw_snap, root file is source/TW_queries.txt, batch_num is 8, batch_size is 29367303
read: 0.287286s
|E|=1468365182
|V|=41652231
streaming total time 191.058167s
|V|=41652231
Intersection Graph Marked: 34.030326s
Version Time: 5.587744
direct hop total time 29.713140s
work sharing total time 15.238673s
CommonGraph total time 15.238673s
Running: build/SSNPbaseline /home/xyin014/graph/ttw/ttw_snap source/TW_queries.txt 8 0.02 9
Error: Invalid line "% asym unweighted"
read: 618.124908s
loading graph /home/xyin014/graph/ttw/ttw_snap, root file is source/TW_queries.txt, batch_num is 8, batch_size is 29367303
read: 0.292642s
|E|=1468365182
|V|=41652231
streaming total time 203.309113s
|V|=41652231
Intersection Graph Marked: 33.420078s
Version Time: 6.714904
direct hop total time 22.193913s
work sharing total time 13.753690s
CommonGraph total time 13.753690s
Running: build/SSNPbaseline /home/xyin014/graph/ttw/ttw_snap source/TW_queries.txt 8 0.02 10
Error: Invalid line "% asym unweighted"
read: 622.033419s
loading graph /home/xyin014/graph/ttw/ttw_snap, root file is source/TW_queries.txt, batch_num is 8, batch_size is 29367303
read: 0.293742s
|E|=1468365182
|V|=41652231
streaming total time 199.345505s
|V|=41652231
Intersection Graph Marked: 34.058848s
Version Time: 5.589702
direct hop total time 41.550964s
work sharing total time 13.002060s
CommonGraph total time 13.002060s
Running: build/SSNPbaseline /home/xyin014/graph/ttw/ttw_snap source/TW_queries.txt 8 0.02 11
Error: Invalid line "% asym unweighted"
read: 618.413709s
loading graph /home/xyin014/graph/ttw/ttw_snap, root file is source/TW_queries.txt, batch_num is 8, batch_size is 29367303
read: 0.284735s
|E|=1468365182
|V|=41652231
streaming total time 193.690262s
|V|=41652231
Intersection Graph Marked: 34.009927s
Version Time: 5.337080
direct hop total time 7.314691s
work sharing total time 4.737713s
CommonGraph total time 4.737713s
Running: build/SSNPbaseline /home/xyin014/graph/ttw/ttw_snap source/TW_queries.txt 8 0.02 12
Error: Invalid line "% asym unweighted"
read: 618.815893s
loading graph /home/xyin014/graph/ttw/ttw_snap, root file is source/TW_queries.txt, batch_num is 8, batch_size is 29367303
read: 0.293375s
|E|=1468365182
|V|=41652231
Re Computing: 3 1613704 1185401
streaming total time 198.550415s
|V|=41652231
Intersection Graph Marked: 33.932255s
Version Time: 0.044987
direct hop total time 56.727913s
work sharing total time 62.120621s
CommonGraph total time 62.120621s
Running: build/SSNPbaseline /home/xyin014/graph/ttw/ttw_snap source/TW_queries.txt 8 0.02 13
Error: Invalid line "% asym unweighted"
read: 620.719736s
loading graph /home/xyin014/graph/ttw/ttw_snap, root file is source/TW_queries.txt, batch_num is 8, batch_size is 29367303
read: 0.294575s
|E|=1468365182
|V|=41652231
streaming total time 192.664383s
|V|=41652231
Intersection Graph Marked: 34.090256s
Version Time: 5.585563
direct hop total time 14.254840s
work sharing total time 8.679008s
CommonGraph total time 8.679008s
Running: build/SSNPbaseline /home/xyin014/graph/ttw/ttw_snap source/TW_queries.txt 8 0.02 14
Error: Invalid line "% asym unweighted"
read: 623.803727s
loading graph /home/xyin014/graph/ttw/ttw_snap, root file is source/TW_queries.txt, batch_num is 8, batch_size is 29367303
read: 0.294495s
|E|=1468365182
|V|=41652231
streaming total time 195.267838s
|V|=41652231
Intersection Graph Marked: 33.922001s
Version Time: 5.774313
direct hop total time 24.049219s
work sharing total time 14.382734s
CommonGraph total time 14.382734s
Running: build/SSNPbaseline /home/xyin014/graph/ttw/ttw_snap source/TW_queries.txt 8 0.02 15
Error: Invalid line "% asym unweighted"
read: 619.117913s
loading graph /home/xyin014/graph/ttw/ttw_snap, root file is source/TW_queries.txt, batch_num is 8, batch_size is 29367303
read: 0.292507s
|E|=1468365182
|V|=41652231
streaming total time 192.523163s
|V|=41652231
Intersection Graph Marked: 34.026704s
Version Time: 5.883006
direct hop total time 21.740070s
work sharing total time 13.613500s
CommonGraph total time 13.613500s
Running: build/SSNPbaseline /home/xyin014/graph/ttw/ttw_snap source/TW_queries.txt 16 0.01 0
Error: Invalid line "% asym unweighted"
read: 619.667316s
loading graph /home/xyin014/graph/ttw/ttw_snap, root file is source/TW_queries.txt, batch_num is 16, batch_size is 14683651
read: 0.285033s
|E|=1468365182
|V|=41652231
streaming total time 180.829086s
|V|=41652231
Intersection Graph Marked: 33.934483s
Version Time: 5.445088
direct hop total time 33.300549s
work sharing total time 18.406342s
CommonGraph total time 18.406342s
Running: build/SSNPbaseline /home/xyin014/graph/ttw/ttw_snap source/TW_queries.txt 16 0.01 1
Error: Invalid line "% asym unweighted"
read: 618.075578s
loading graph /home/xyin014/graph/ttw/ttw_snap, root file is source/TW_queries.txt, batch_num is 16, batch_size is 14683651
read: 0.291823s
|E|=1468365182
|V|=41652231
streaming total time 188.882935s
|V|=41652231
Intersection Graph Marked: 34.290312s
Version Time: 5.630277
direct hop total time 39.142757s
work sharing total time 22.124884s
CommonGraph total time 22.124884s
Running: build/SSNPbaseline /home/xyin014/graph/ttw/ttw_snap source/TW_queries.txt 16 0.01 2
Error: Invalid line "% asym unweighted"
read: 618.811293s
loading graph /home/xyin014/graph/ttw/ttw_snap, root file is source/TW_queries.txt, batch_num is 16, batch_size is 14683651
read: 0.297980s
|E|=1468365182
|V|=41652231
Re Computing: 4 1805854 3689346
streaming total time 201.244263s
|V|=41652231
Intersection Graph Marked: 33.793656s
Version Time: 5.406623
direct hop total time 53.275780s
work sharing total time 44.744347s
CommonGraph total time 44.744347s
Running: build/SSNPbaseline /home/xyin014/graph/ttw/ttw_snap source/TW_queries.txt 16 0.01 3
Error: Invalid line "% asym unweighted"
read: 618.551406s
loading graph /home/xyin014/graph/ttw/ttw_snap, root file is source/TW_queries.txt, batch_num is 16, batch_size is 14683651
read: 0.293918s
|E|=1468365182
|V|=41652231
streaming total time 185.879349s
|V|=41652231
Intersection Graph Marked: 34.152289s
Version Time: 5.583121
direct hop total time 42.750885s
work sharing total time 24.035271s
CommonGraph total time 24.035271s
Running: build/SSNPbaseline /home/xyin014/graph/ttw/ttw_snap source/TW_queries.txt 16 0.01 4
Error: Invalid line "% asym unweighted"
read: 617.631905s
loading graph /home/xyin014/graph/ttw/ttw_snap, root file is source/TW_queries.txt, batch_num is 16, batch_size is 14683651
read: 0.297218s
|E|=1468365182
|V|=41652231
streaming total time 199.433014s
|V|=41652231
Intersection Graph Marked: 34.036488s
Version Time: 5.687020
direct hop total time 42.800747s
work sharing total time 23.917593s
CommonGraph total time 23.917593s
Running: build/SSNPbaseline /home/xyin014/graph/ttw/ttw_snap source/TW_queries.txt 16 0.01 5
Error: Invalid line "% asym unweighted"
read: 618.386001s
loading graph /home/xyin014/graph/ttw/ttw_snap, root file is source/TW_queries.txt, batch_num is 16, batch_size is 14683651
read: 0.293918s
|E|=1468365182
|V|=41652231
streaming total time 173.754608s
|V|=41652231
Intersection Graph Marked: 33.394166s
Version Time: 5.579450
direct hop total time 30.468515s
work sharing total time 16.927355s
CommonGraph total time 16.927355s
Running: build/SSNPbaseline /home/xyin014/graph/ttw/ttw_snap source/TW_queries.txt 16 0.01 6
Error: Invalid line "% asym unweighted"
read: 617.758824s
loading graph /home/xyin014/graph/ttw/ttw_snap, root file is source/TW_queries.txt, batch_num is 16, batch_size is 14683651
read: 0.290930s
|E|=1468365182
|V|=41652231
streaming total time 171.803757s
|V|=41652231
Intersection Graph Marked: 34.045704s
Version Time: 0.075195
direct hop total time 6.766350s
work sharing total time 3.889491s
CommonGraph total time 3.889491s
Running: build/SSNPbaseline /home/xyin014/graph/ttw/ttw_snap source/TW_queries.txt 16 0.01 7
Error: Invalid line "% asym unweighted"
read: 617.872592s
loading graph /home/xyin014/graph/ttw/ttw_snap, root file is source/TW_queries.txt, batch_num is 16, batch_size is 14683651
read: 0.293282s
|E|=1468365182
|V|=41652231
streaming total time 168.901428s
|V|=41652231
Intersection Graph Marked: 33.784477s
Version Time: 5.318514
direct hop total time 18.922657s
work sharing total time 10.630183s
CommonGraph total time 10.630183s
Running: build/SSNPbaseline /home/xyin014/graph/ttw/ttw_snap source/TW_queries.txt 16 0.01 8
Error: Invalid line "% asym unweighted"
read: 617.649768s
loading graph /home/xyin014/graph/ttw/ttw_snap, root file is source/TW_queries.txt, batch_num is 16, batch_size is 14683651
read: 0.291665s
|E|=1468365182
|V|=41652231
streaming total time 179.406067s
|V|=41652231
Intersection Graph Marked: 33.909832s
Version Time: 5.516436
direct hop total time 60.733932s
work sharing total time 26.636635s
CommonGraph total time 26.636635s
Running: build/SSNPbaseline /home/xyin014/graph/ttw/ttw_snap source/TW_queries.txt 16 0.01 9
Error: Invalid line "% asym unweighted"
read: 618.870941s
loading graph /home/xyin014/graph/ttw/ttw_snap, root file is source/TW_queries.txt, batch_num is 16, batch_size is 14683651
read: 0.291892s
|E|=1468365182
|V|=41652231
streaming total time 182.065598s
|V|=41652231
Intersection Graph Marked: 33.714620s
Version Time: 6.267281
direct hop total time 47.724403s
work sharing total time 26.074326s
CommonGraph total time 26.074326s
Running: build/SSNPbaseline /home/xyin014/graph/ttw/ttw_snap source/TW_queries.txt 16 0.01 10
Error: Invalid line "% asym unweighted"
read: 620.136850s
loading graph /home/xyin014/graph/ttw/ttw_snap, root file is source/TW_queries.txt, batch_num is 16, batch_size is 14683651
read: 0.296594s
|E|=1468365182
|V|=41652231
streaming total time 179.079895s
|V|=41652231
Intersection Graph Marked: 33.997121s
Version Time: 5.597460
direct hop total time 72.134384s
work sharing total time 19.373613s
CommonGraph total time 19.373613s
Running: build/SSNPbaseline /home/xyin014/graph/ttw/ttw_snap source/TW_queries.txt 16 0.01 11
Error: Invalid line "% asym unweighted"
read: 617.569173s
loading graph /home/xyin014/graph/ttw/ttw_snap, root file is source/TW_queries.txt, batch_num is 16, batch_size is 14683651
read: 0.292272s
|E|=1468365182
|V|=41652231
streaming total time 197.612503s
|V|=41652231
Intersection Graph Marked: 34.128335s
Version Time: 5.270450
direct hop total time 14.715983s
work sharing total time 8.229024s
CommonGraph total time 8.229024s
Running: build/SSNPbaseline /home/xyin014/graph/ttw/ttw_snap source/TW_queries.txt 16 0.01 12
Error: Invalid line "% asym unweighted"
read: 618.154649s
loading graph /home/xyin014/graph/ttw/ttw_snap, root file is source/TW_queries.txt, batch_num is 16, batch_size is 14683651
read: 0.291213s
|E|=1468365182
|V|=41652231
Re Computing: 4 1356162 1686541
streaming total time 177.521118s
|V|=41652231
Intersection Graph Marked: 33.410475s
Version Time: 0.075609
direct hop total time 129.297714s
work sharing total time 94.447563s
CommonGraph total time 94.447563s
Running: build/SSNPbaseline /home/xyin014/graph/ttw/ttw_snap source/TW_queries.txt 16 0.01 13
Error: Invalid line "% asym unweighted"
read: 619.006444s
loading graph /home/xyin014/graph/ttw/ttw_snap, root file is source/TW_queries.txt, batch_num is 16, batch_size is 14683651
read: 0.298043s
|E|=1468365182
|V|=41652231
streaming total time 176.694412s
|V|=41652231
Intersection Graph Marked: 34.138425s
Version Time: 5.801231
direct hop total time 25.103537s
work sharing total time 13.902199s
CommonGraph total time 13.902199s
Running: build/SSNPbaseline /home/xyin014/graph/ttw/ttw_snap source/TW_queries.txt 16 0.01 14
Error: Invalid line "% asym unweighted"
read: 657.223088s
loading graph /home/xyin014/graph/ttw/ttw_snap, root file is source/TW_queries.txt, batch_num is 16, batch_size is 14683651
read: 0.297603s
|E|=1468365182
|V|=41652231
streaming total time 176.010803s
|V|=41652231
Intersection Graph Marked: 34.217584s
Version Time: 5.956766
direct hop total time 41.401802s
work sharing total time 23.042036s
CommonGraph total time 23.042036s
Running: build/SSNPbaseline /home/xyin014/graph/ttw/ttw_snap source/TW_queries.txt 16 0.01 15
Error: Invalid line "% asym unweighted"
read: 619.298603s
loading graph /home/xyin014/graph/ttw/ttw_snap, root file is source/TW_queries.txt, batch_num is 16, batch_size is 14683651
read: 0.295355s
|E|=1468365182
|V|=41652231
streaming total time 173.938141s
|V|=41652231
Intersection Graph Marked: 33.964297s
Version Time: 6.150411
direct hop total time 44.461918s
work sharing total time 24.472918s
CommonGraph total time 24.472918s
Running: build/SSNPbaseline /home/xyin014/graph/ttw/ttw_snap source/TW_queries.txt 32 0.005 0
Error: Invalid line "% asym unweighted"
read: 619.421280s
loading graph /home/xyin014/graph/ttw/ttw_snap, root file is source/TW_queries.txt, batch_num is 32, batch_size is 7341825
read: 0.295033s
|E|=1468365182
|V|=41652231
streaming total time 181.865417s
|V|=41652231
Intersection Graph Marked: 33.696667s
Version Time: 5.404863
direct hop total time 66.861900s
work sharing total time 35.078835s
CommonGraph total time 35.078835s
Running: build/SSNPbaseline /home/xyin014/graph/ttw/ttw_snap source/TW_queries.txt 32 0.005 1
Error: Invalid line "% asym unweighted"
read: 618.794998s
loading graph /home/xyin014/graph/ttw/ttw_snap, root file is source/TW_queries.txt, batch_num is 32, batch_size is 7341825
read: 0.294795s
|E|=1468365182
|V|=41652231
streaming total time 171.496307s
|V|=41652231
Intersection Graph Marked: 33.819537s
Version Time: 5.469192
direct hop total time 82.588814s
work sharing total time 43.274200s
CommonGraph total time 43.274200s
Running: build/SSNPbaseline /home/xyin014/graph/ttw/ttw_snap source/TW_queries.txt 32 0.005 2
Error: Invalid line "% asym unweighted"
read: 624.054212s
loading graph /home/xyin014/graph/ttw/ttw_snap, root file is source/TW_queries.txt, batch_num is 32, batch_size is 7341825
read: 0.294267s
|E|=1468365182
|V|=41652231
Re Computing: 4 1641856 3707668
streaming total time 188.525635s
|V|=41652231
Intersection Graph Marked: 33.754628s
Version Time: 5.379219
direct hop total time 126.592323s
work sharing total time 84.542496s
CommonGraph total time 84.542496s
Running: build/SSNPbaseline /home/xyin014/graph/ttw/ttw_snap source/TW_queries.txt 32 0.005 3
Error: Invalid line "% asym unweighted"
read: 618.642103s
loading graph /home/xyin014/graph/ttw/ttw_snap, root file is source/TW_queries.txt, batch_num is 32, batch_size is 7341825
read: 0.291719s
|E|=1468365182
|V|=41652231
streaming total time 162.495010s
|V|=41652231
Intersection Graph Marked: 33.748483s
Version Time: 5.676650
direct hop total time 79.801498s
work sharing total time 42.861843s
CommonGraph total time 42.861843s
Running: build/SSNPbaseline /home/xyin014/graph/ttw/ttw_snap source/TW_queries.txt 32 0.005 4
Error: Invalid line "% asym unweighted"
read: 618.770276s
loading graph /home/xyin014/graph/ttw/ttw_snap, root file is source/TW_queries.txt, batch_num is 32, batch_size is 7341825
read: 0.293930s
|E|=1468365182
|V|=41652231
streaming total time 172.075333s
|V|=41652231
Intersection Graph Marked: 34.042026s
Version Time: 5.745807
direct hop total time 82.365211s
work sharing total time 44.157066s
CommonGraph total time 44.157066s
Running: build/SSNPbaseline /home/xyin014/graph/ttw/ttw_snap source/TW_queries.txt 32 0.005 5
Error: Invalid line "% asym unweighted"
read: 619.098841s
loading graph /home/xyin014/graph/ttw/ttw_snap, root file is source/TW_queries.txt, batch_num is 32, batch_size is 7341825
read: 0.300185s
|E|=1468365182
|V|=41652231
streaming total time 173.761047s
|V|=41652231
Intersection Graph Marked: 34.000632s
Version Time: 5.392080
direct hop total time 58.254490s
work sharing total time 30.200325s
CommonGraph total time 30.200325s
Running: build/SSNPbaseline /home/xyin014/graph/ttw/ttw_snap source/TW_queries.txt 32 0.005 6
Error: Invalid line "% asym unweighted"
read: 618.233973s
loading graph /home/xyin014/graph/ttw/ttw_snap, root file is source/TW_queries.txt, batch_num is 32, batch_size is 7341825
read: 0.288155s
|E|=1468365182
|V|=41652231
streaming total time 161.569153s
|V|=41652231
Intersection Graph Marked: 33.744468s
Version Time: 0.069662
direct hop total time 12.418418s
work sharing total time 6.843165s
CommonGraph total time 6.843165s
Running: build/SSNPbaseline /home/xyin014/graph/ttw/ttw_snap source/TW_queries.txt 32 0.005 7
Error: Invalid line "% asym unweighted"
read: 618.564119s
loading graph /home/xyin014/graph/ttw/ttw_snap, root file is source/TW_queries.txt, batch_num is 32, batch_size is 7341825
read: 0.293426s
|E|=1468365182
|V|=41652231
streaming total time 170.866913s
|V|=41652231
Intersection Graph Marked: 33.958374s
Version Time: 5.296942
direct hop total time 37.402958s
work sharing total time 19.890621s
CommonGraph total time 19.890621s
Running: build/SSNPbaseline /home/xyin014/graph/ttw/ttw_snap source/TW_queries.txt 32 0.005 8
Error: Invalid line "% asym unweighted"
read: 617.840470s
loading graph /home/xyin014/graph/ttw/ttw_snap, root file is source/TW_queries.txt, batch_num is 32, batch_size is 7341825
read: 0.294585s
|E|=1468365182
|V|=41652231
streaming total time 171.374817s
|V|=41652231
Intersection Graph Marked: 33.617197s
Version Time: 5.549115
direct hop total time 104.458817s
work sharing total time 42.362167s
CommonGraph total time 42.362167s
Running: build/SSNPbaseline /home/xyin014/graph/ttw/ttw_snap source/TW_queries.txt 32 0.005 9
Error: Invalid line "% asym unweighted"
read: 617.524299s
loading graph /home/xyin014/graph/ttw/ttw_snap, root file is source/TW_queries.txt, batch_num is 32, batch_size is 7341825
read: 0.299952s
|E|=1468365182
|V|=41652231
streaming total time 165.481583s
|V|=41652231
Intersection Graph Marked: 33.714874s
Version Time: 6.236761
direct hop total time 80.155312s
work sharing total time 42.823830s
CommonGraph total time 42.823830s
Running: build/SSNPbaseline /home/xyin014/graph/ttw/ttw_snap source/TW_queries.txt 32 0.005 10
Error: Invalid line "% asym unweighted"
read: 617.596406s
loading graph /home/xyin014/graph/ttw/ttw_snap, root file is source/TW_queries.txt, batch_num is 32, batch_size is 7341825
read: 0.293320s
|E|=1468365182
|V|=41652231
streaming total time 166.574768s
|V|=41652231
Intersection Graph Marked: 34.127228s
Version Time: 5.770500
direct hop total time 148.739227s
work sharing total time 33.328121s
CommonGraph total time 33.328121s
Running: build/SSNPbaseline /home/xyin014/graph/ttw/ttw_snap source/TW_queries.txt 32 0.005 11
Error: Invalid line "% asym unweighted"
read: 620.210030s
loading graph /home/xyin014/graph/ttw/ttw_snap, root file is source/TW_queries.txt, batch_num is 32, batch_size is 7341825
read: 0.298315s
|E|=1468365182
|V|=41652231
streaming total time 165.558426s
|V|=41652231
Intersection Graph Marked: 33.685313s
Version Time: 5.371154
direct hop total time 28.226019s
work sharing total time 15.070145s
CommonGraph total time 15.070145s
Running: build/SSNPbaseline /home/xyin014/graph/ttw/ttw_snap source/TW_queries.txt 32 0.005 12
Error: Invalid line "% asym unweighted"
read: 618.766441s
loading graph /home/xyin014/graph/ttw/ttw_snap, root file is source/TW_queries.txt, batch_num is 32, batch_size is 7341825
read: 0.293296s
|E|=1468365182
|V|=41652231
Re Computing: 4 824488 1736602
streaming total time 176.862488s
|V|=41652231
Intersection Graph Marked: 33.624048s
Version Time: 0.076213
direct hop total time 205.985413s
work sharing total time 215.700058s
CommonGraph total time 215.700058s
Running: build/SSNPbaseline /home/xyin014/graph/ttw/ttw_snap source/TW_queries.txt 32 0.005 13
Error: Invalid line "% asym unweighted"
read: 619.817257s
loading graph /home/xyin014/graph/ttw/ttw_snap, root file is source/TW_queries.txt, batch_num is 32, batch_size is 7341825
read: 0.290701s
|E|=1468365182
|V|=41652231
streaming total time 166.411133s
|V|=41652231
Intersection Graph Marked: 33.899891s
Version Time: 5.698684
direct hop total time 49.064259s
work sharing total time 25.850336s
CommonGraph total time 25.850336s
Running: build/SSNPbaseline /home/xyin014/graph/ttw/ttw_snap source/TW_queries.txt 32 0.005 14
Error: Invalid line "% asym unweighted"
read: 618.294503s
loading graph /home/xyin014/graph/ttw/ttw_snap, root file is source/TW_queries.txt, batch_num is 32, batch_size is 7341825
read: 0.291494s
|E|=1468365182
|V|=41652231
streaming total time 175.279831s
|V|=41652231
Intersection Graph Marked: 33.840050s
Version Time: 5.773643
direct hop total time 80.866394s
work sharing total time 42.598995s
CommonGraph total time 42.598995s
Running: build/SSNPbaseline /home/xyin014/graph/ttw/ttw_snap source/TW_queries.txt 32 0.005 15
Error: Invalid line "% asym unweighted"
read: 618.131458s
loading graph /home/xyin014/graph/ttw/ttw_snap, root file is source/TW_queries.txt, batch_num is 32, batch_size is 7341825
read: 0.297424s
|E|=1468365182
|V|=41652231
streaming total time 162.238632s
|V|=41652231
Intersection Graph Marked: 33.804783s
Version Time: 5.968638
direct hop total time 90.632843s
work sharing total time 47.782368s
CommonGraph total time 47.782368s
Running: build/SSNPbaseline /home/xyin014/graph/ttw/ttw_snap source/TW_queries.txt 64 0.0025 0
Error: Invalid line "% asym unweighted"
read: 618.605610s
loading graph /home/xyin014/graph/ttw/ttw_snap, root file is source/TW_queries.txt, batch_num is 64, batch_size is 3670912
read: 0.290929s
|E|=1468365182
|V|=41652231
streaming total time 140.956085s
|V|=41652231
Intersection Graph Marked: 33.779342s
Version Time: 5.615152
direct hop total time 129.132980s
work sharing total time 65.043159s
CommonGraph total time 65.043159s
Running: build/SSNPbaseline /home/xyin014/graph/ttw/ttw_snap source/TW_queries.txt 64 0.0025 1
Error: Invalid line "% asym unweighted"
read: 617.715415s
loading graph /home/xyin014/graph/ttw/ttw_snap, root file is source/TW_queries.txt, batch_num is 64, batch_size is 3670912
read: 0.292050s
|E|=1468365182
|V|=41652231
streaming total time 146.860947s
|V|=41652231
Intersection Graph Marked: 33.808318s
Version Time: 5.454778
direct hop total time 158.756470s
work sharing total time 80.734436s
CommonGraph total time 80.734436s
Running: build/SSNPbaseline /home/xyin014/graph/ttw/ttw_snap source/TW_queries.txt 64 0.0025 2
Error: Invalid line "% asym unweighted"
read: 618.927829s
loading graph /home/xyin014/graph/ttw/ttw_snap, root file is source/TW_queries.txt, batch_num is 64, batch_size is 3670912
read: 0.291194s
|E|=1468365182
|V|=41652231
Re Computing: 4 1569534 3711294
streaming total time 162.757645s
|V|=41652231
Intersection Graph Marked: 33.750349s
Version Time: 5.359784
direct hop total time 281.703430s
work sharing total time 179.598282s
CommonGraph total time 179.598282s
Running: build/SSNPbaseline /home/xyin014/graph/ttw/ttw_snap source/TW_queries.txt 64 0.0025 3
Error: Invalid line "% asym unweighted"
read: 618.989621s
loading graph /home/xyin014/graph/ttw/ttw_snap, root file is source/TW_queries.txt, batch_num is 64, batch_size is 3670912
read: 0.289915s
|E|=1468365182
|V|=41652231
streaming total time 150.595306s
|V|=41652231
Intersection Graph Marked: 33.599057s
Version Time: 5.754468
direct hop total time 167.441010s
work sharing total time 86.059372s
CommonGraph total time 86.059372s
Running: build/SSNPbaseline /home/xyin014/graph/ttw/ttw_snap source/TW_queries.txt 64 0.0025 4
Error: Invalid line "% asym unweighted"
read: 618.098974s
loading graph /home/xyin014/graph/ttw/ttw_snap, root file is source/TW_queries.txt, batch_num is 64, batch_size is 3670912
read: 0.288481s
|E|=1468365182
|V|=41652231
streaming total time 165.648209s
|V|=41652231
Intersection Graph Marked: 33.846765s
Version Time: 5.753588
direct hop total time 156.725723s
work sharing total time 81.017921s
CommonGraph total time 81.017921s
Running: build/SSNPbaseline /home/xyin014/graph/ttw/ttw_snap source/TW_queries.txt 64 0.0025 5
Error: Invalid line "% asym unweighted"
read: 618.432382s
loading graph /home/xyin014/graph/ttw/ttw_snap, root file is source/TW_queries.txt, batch_num is 64, batch_size is 3670912
read: 0.294413s
|E|=1468365182
|V|=41652231
streaming total time 157.191254s
|V|=41652231
Intersection Graph Marked: 33.913386s
Version Time: 5.432671
direct hop total time 119.950027s
work sharing total time 60.644592s
CommonGraph total time 60.644592s
Running: build/SSNPbaseline /home/xyin014/graph/ttw/ttw_snap source/TW_queries.txt 64 0.0025 6
Error: Invalid line "% asym unweighted"
read: 669.811337s
loading graph /home/xyin014/graph/ttw/ttw_snap, root file is source/TW_queries.txt, batch_num is 64, batch_size is 3670912
read: 0.301082s
|E|=1468365182
|V|=41652231
streaming total time 156.102982s
|V|=41652231
Intersection Graph Marked: 33.478320s
Version Time: 0.075158
direct hop total time 25.419165s
work sharing total time 14.226850s
CommonGraph total time 14.226850s
Running: build/SSNPbaseline /home/xyin014/graph/ttw/ttw_snap source/TW_queries.txt 64 0.0025 7
Error: Invalid line "% asym unweighted"
read: 618.536708s
loading graph /home/xyin014/graph/ttw/ttw_snap, root file is source/TW_queries.txt, batch_num is 64, batch_size is 3670912
read: 0.293108s
|E|=1468365182
|V|=41652231
streaming total time 157.478653s
|V|=41652231
Intersection Graph Marked: 34.038343s
Version Time: 5.375501
direct hop total time 73.648849s
work sharing total time 37.758072s
CommonGraph total time 37.758072s
Running: build/SSNPbaseline /home/xyin014/graph/ttw/ttw_snap source/TW_queries.txt 64 0.0025 8
Error: Invalid line "% asym unweighted"
read: 618.558913s
loading graph /home/xyin014/graph/ttw/ttw_snap, root file is source/TW_queries.txt, batch_num is 64, batch_size is 3670912
read: 0.263860s
|E|=1468365182
|V|=41652231
streaming total time 156.735031s
|V|=41652231
Intersection Graph Marked: 34.246261s
Version Time: 5.542656
direct hop total time 220.714462s
work sharing total time 83.461334s
CommonGraph total time 83.461334s
Running: build/SSNPbaseline /home/xyin014/graph/ttw/ttw_snap source/TW_queries.txt 64 0.0025 9
Error: Invalid line "% asym unweighted"
read: 618.384252s
loading graph /home/xyin014/graph/ttw/ttw_snap, root file is source/TW_queries.txt, batch_num is 64, batch_size is 3670912
read: 0.290043s
|E|=1468365182
|V|=41652231
streaming total time 170.328079s
|V|=41652231
Intersection Graph Marked: 33.602444s
Version Time: 6.406795
direct hop total time 172.648315s
work sharing total time 88.724586s
CommonGraph total time 88.724586s
Running: build/SSNPbaseline /home/xyin014/graph/ttw/ttw_snap source/TW_queries.txt 64 0.0025 10
Error: Invalid line "% asym unweighted"
read: 618.941217s
loading graph /home/xyin014/graph/ttw/ttw_snap, root file is source/TW_queries.txt, batch_num is 64, batch_size is 3670912
read: 0.293303s
|E|=1468365182
|V|=41652231
streaming total time 159.106308s
|V|=41652231
Intersection Graph Marked: 33.930725s
Version Time: 5.796799
direct hop total time 267.505798s
work sharing total time 58.733788s
CommonGraph total time 58.733788s
Running: build/SSNPbaseline /home/xyin014/graph/ttw/ttw_snap source/TW_queries.txt 64 0.0025 11
Error: Invalid line "% asym unweighted"
read: 617.312609s
loading graph /home/xyin014/graph/ttw/ttw_snap, root file is source/TW_queries.txt, batch_num is 64, batch_size is 3670912
read: 0.284753s
|E|=1468365182
|V|=41652231
streaming total time 157.609436s
|V|=41652231
Intersection Graph Marked: 33.803531s
Version Time: 5.561606
direct hop total time 55.548397s
work sharing total time 28.836857s
CommonGraph total time 28.836857s
Running: build/SSNPbaseline /home/xyin014/graph/ttw/ttw_snap source/TW_queries.txt 64 0.0025 12
Error: Invalid line "% asym unweighted"
read: 618.579853s
loading graph /home/xyin014/graph/ttw/ttw_snap, root file is source/TW_queries.txt, batch_num is 64, batch_size is 3670912
read: 0.293166s
|E|=1468365182
|V|=41652231
Re Computing: 4 515517 1696616
streaming total time 151.043198s
|V|=41652231
Intersection Graph Marked: 33.395274s
Version Time: 0.075354
direct hop total time 609.562500s
work sharing total time 411.398895s
CommonGraph total time 411.398895s
Running: build/SSNPbaseline /home/xyin014/graph/ttw/ttw_snap source/TW_queries.txt 64 0.0025 13
Error: Invalid line "% asym unweighted"
read: 617.820151s
loading graph /home/xyin014/graph/ttw/ttw_snap, root file is source/TW_queries.txt, batch_num is 64, batch_size is 3670912
read: 0.293432s
|E|=1468365182
|V|=41652231
streaming total time 162.028183s
|V|=41652231
Intersection Graph Marked: 33.735791s
Version Time: 5.691955
direct hop total time 96.353310s
work sharing total time 49.586739s
CommonGraph total time 49.586739s
Running: build/SSNPbaseline /home/xyin014/graph/ttw/ttw_snap source/TW_queries.txt 64 0.0025 14
Error: Invalid line "% asym unweighted"
read: 618.105444s
loading graph /home/xyin014/graph/ttw/ttw_snap, root file is source/TW_queries.txt, batch_num is 64, batch_size is 3670912
read: 0.292349s
|E|=1468365182
|V|=41652231
streaming total time 153.259705s
|V|=41652231
Intersection Graph Marked: 33.824857s
Version Time: 5.775148
direct hop total time 168.804810s
work sharing total time 86.629822s
CommonGraph total time 86.629822s
Running: build/SSNPbaseline /home/xyin014/graph/ttw/ttw_snap source/TW_queries.txt 64 0.0025 15
Error: Invalid line "% asym unweighted"
read: 618.582128s
loading graph /home/xyin014/graph/ttw/ttw_snap, root file is source/TW_queries.txt, batch_num is 64, batch_size is 3670912
read: 0.291893s
|E|=1468365182
|V|=41652231
streaming total time 151.520416s
|V|=41652231
Intersection Graph Marked: 33.744297s
Version Time: 5.884696
direct hop total time 156.102768s
work sharing total time 81.230812s
CommonGraph total time 81.230812s
