Running: build/SSSPbaseline /home/xyin014/graph/sx/stack_snap source/sx.txt 8 0.02 0
read: 15.392914s
loading graph /home/xyin014/graph/sx/stack_snap, root file is source/sx.txt, batch_num is 8, batch_size is 724668
read: 0.011533s
|E|=36233445
|V|=6024259
streaming total time 4.125480s
|V|=6024259
Intersection Graph Marked: 0.742234s
Root Time: 0.155414
direct hop total time 1.325782s
work sharing total time 1.023043s
CommonGraph total time 1.023043s
Running: build/SSSPbaseline /home/xyin014/graph/sx/stack_snap source/sx.txt 8 0.02 1
read: 15.157593s
loading graph /home/xyin014/graph/sx/stack_snap, root file is source/sx.txt, batch_num is 8, batch_size is 724668
read: 0.006465s
|E|=36233445
|V|=6024259
streaming total time 3.434574s
|V|=6024259
Intersection Graph Marked: 0.677073s
Root Time: 0.129871
direct hop total time 1.074526s
work sharing total time 0.929896s
CommonGraph total time 0.929896s
Running: build/SSSPbaseline /home/xyin014/graph/sx/stack_snap source/sx.txt 8 0.02 2
read: 15.149669s
loading graph /home/xyin014/graph/sx/stack_snap, root file is source/sx.txt, batch_num is 8, batch_size is 724668
read: 0.006650s
|E|=36233445
|V|=6024259
streaming total time 2.547342s
|V|=6024259
Intersection Graph Marked: 0.725145s
Root Time: 0.122900
direct hop total time 1.050487s
work sharing total time 0.865478s
CommonGraph total time 0.865478s
Running: build/SSSPbaseline /home/xyin014/graph/sx/stack_snap source/sx.txt 8 0.02 3
read: 15.161964s
loading graph /home/xyin014/graph/sx/stack_snap, root file is source/sx.txt, batch_num is 8, batch_size is 724668
read: 0.006445s
|E|=36233445
|V|=6024259
streaming total time 2.154563s
|V|=6024259
Intersection Graph Marked: 0.798398s
Root Time: 0.004351
direct hop total time 0.074894s
work sharing total time 0.040131s
CommonGraph total time 0.040131s
Running: build/SSSPbaseline /home/xyin014/graph/sx/stack_snap source/sx.txt 8 0.02 4
read: 15.133448s
loading graph /home/xyin014/graph/sx/stack_snap, root file is source/sx.txt, batch_num is 8, batch_size is 724668
read: 0.006498s
|E|=36233445
|V|=6024259
streaming total time 2.527961s
|V|=6024259
Intersection Graph Marked: 0.743707s
Root Time: 0.243979
direct hop total time 1.367169s
work sharing total time 0.999750s
CommonGraph total time 0.999750s
Running: build/SSSPbaseline /home/xyin014/graph/sx/stack_snap source/sx.txt 8 0.02 5
read: 15.172081s
loading graph /home/xyin014/graph/sx/stack_snap, root file is source/sx.txt, batch_num is 8, batch_size is 724668
read: 0.006459s
|E|=36233445
|V|=6024259
streaming total time 3.631465s
|V|=6024259
Intersection Graph Marked: 0.789024s
Root Time: 0.126768
direct hop total time 1.298124s
work sharing total time 0.976967s
CommonGraph total time 0.976967s
Running: build/SSSPbaseline /home/xyin014/graph/sx/stack_snap source/sx.txt 8 0.02 6
read: 15.164809s
loading graph /home/xyin014/graph/sx/stack_snap, root file is source/sx.txt, batch_num is 8, batch_size is 724668
read: 0.006497s
|E|=36233445
|V|=6024259
streaming total time 1.824429s
|V|=6024259
Intersection Graph Marked: 0.833857s
Root Time: 0.004306
direct hop total time 0.069678s
work sharing total time 0.040368s
CommonGraph total time 0.040368s
Running: build/SSSPbaseline /home/xyin014/graph/sx/stack_snap source/sx.txt 8 0.02 7
read: 15.196257s
loading graph /home/xyin014/graph/sx/stack_snap, root file is source/sx.txt, batch_num is 8, batch_size is 724668
read: 0.006702s
|E|=36233445
|V|=6024259
streaming total time 3.137481s
|V|=6024259
Intersection Graph Marked: 0.676502s
Root Time: 0.123131
direct hop total time 1.186964s
work sharing total time 0.929798s
CommonGraph total time 0.929798s
Running: build/SSSPbaseline /home/xyin014/graph/sx/stack_snap source/sx.txt 8 0.02 8
read: 15.155630s
loading graph /home/xyin014/graph/sx/stack_snap, root file is source/sx.txt, batch_num is 8, batch_size is 724668
read: 0.006419s
|E|=36233445
|V|=6024259
streaming total time 2.373350s
|V|=6024259
Intersection Graph Marked: 0.700476s
Root Time: 0.132413
direct hop total time 1.226044s
work sharing total time 0.905175s
CommonGraph total time 0.905175s
Running: build/SSSPbaseline /home/xyin014/graph/sx/stack_snap source/sx.txt 8 0.02 9
read: 15.159362s
loading graph /home/xyin014/graph/sx/stack_snap, root file is source/sx.txt, batch_num is 8, batch_size is 724668
read: 0.006460s
|E|=36233445
|V|=6024259
streaming total time 3.659063s
|V|=6024259
Intersection Graph Marked: 0.826722s
Root Time: 0.141630
direct hop total time 1.218304s
work sharing total time 0.914334s
CommonGraph total time 0.914334s
Running: build/SSSPbaseline /home/xyin014/graph/sx/stack_snap source/sx.txt 8 0.02 10
read: 15.125068s
loading graph /home/xyin014/graph/sx/stack_snap, root file is source/sx.txt, batch_num is 8, batch_size is 724668
read: 0.006638s
|E|=36233445
|V|=6024259
streaming total time 3.483840s
|V|=6024259
Intersection Graph Marked: 0.719036s
Root Time: 0.131439
direct hop total time 1.059731s
work sharing total time 0.870361s
CommonGraph total time 0.870361s
Running: build/SSSPbaseline /home/xyin014/graph/sx/stack_snap source/sx.txt 8 0.02 11
read: 15.169776s
loading graph /home/xyin014/graph/sx/stack_snap, root file is source/sx.txt, batch_num is 8, batch_size is 724668
read: 0.006509s
|E|=36233445
|V|=6024259
streaming total time 2.423417s
|V|=6024259
Intersection Graph Marked: 0.846455s
Root Time: 0.004644
direct hop total time 0.070082s
work sharing total time 0.039976s
CommonGraph total time 0.039976s
Running: build/SSSPbaseline /home/xyin014/graph/sx/stack_snap source/sx.txt 8 0.02 12
read: 15.154933s
loading graph /home/xyin014/graph/sx/stack_snap, root file is source/sx.txt, batch_num is 8, batch_size is 724668
read: 0.006421s
|E|=36233445
|V|=6024259
streaming total time 2.709039s
|V|=6024259
Intersection Graph Marked: 0.655812s
Root Time: 0.018797
direct hop total time 0.075618s
work sharing total time 0.058018s
CommonGraph total time 0.058018s
Running: build/SSSPbaseline /home/xyin014/graph/sx/stack_snap source/sx.txt 8 0.02 13
read: 15.132045s
loading graph /home/xyin014/graph/sx/stack_snap, root file is source/sx.txt, batch_num is 8, batch_size is 724668
read: 0.006593s
|E|=36233445
|V|=6024259
streaming total time 2.069466s
|V|=6024259
Intersection Graph Marked: 0.753056s
Root Time: 0.004336
direct hop total time 0.057943s
work sharing total time 0.065695s
CommonGraph total time 0.065695s
Running: build/SSSPbaseline /home/xyin014/graph/sx/stack_snap source/sx.txt 8 0.02 14
read: 15.134564s
loading graph /home/xyin014/graph/sx/stack_snap, root file is source/sx.txt, batch_num is 8, batch_size is 724668
read: 0.006480s
|E|=36233445
|V|=6024259
streaming total time 2.023520s
|V|=6024259
Intersection Graph Marked: 0.667040s
Root Time: 0.007514
direct hop total time 0.070041s
work sharing total time 0.056237s
CommonGraph total time 0.056237s
Running: build/SSSPbaseline /home/xyin014/graph/sx/stack_snap source/sx.txt 8 0.02 15
read: 15.159503s
loading graph /home/xyin014/graph/sx/stack_snap, root file is source/sx.txt, batch_num is 8, batch_size is 724668
read: 0.006591s
|E|=36233445
|V|=6024259
streaming total time 3.371565s
|V|=6024259
Intersection Graph Marked: 0.781502s
Root Time: 0.140821
direct hop total time 1.172562s
work sharing total time 0.916885s
CommonGraph total time 0.916885s
Running: build/SSSPbaseline /home/xyin014/graph/sx/stack_snap source/sx.txt 16 0.01 0
read: 15.190269s
loading graph /home/xyin014/graph/sx/stack_snap, root file is source/sx.txt, batch_num is 16, batch_size is 362334
read: 0.006726s
|E|=36233445
|V|=6024259
streaming total time 4.853788s
|V|=6024259
Intersection Graph Marked: 0.634687s
Root Time: 0.154803
direct hop total time 2.440179s
work sharing total time 1.954700s
CommonGraph total time 1.954700s
Running: build/SSSPbaseline /home/xyin014/graph/sx/stack_snap source/sx.txt 16 0.01 1
read: 15.169887s
loading graph /home/xyin014/graph/sx/stack_snap, root file is source/sx.txt, batch_num is 16, batch_size is 362334
read: 0.006745s
|E|=36233445
|V|=6024259
streaming total time 3.744987s
|V|=6024259
Intersection Graph Marked: 0.785205s
Root Time: 0.131224
direct hop total time 1.974162s
work sharing total time 1.844859s
CommonGraph total time 1.844859s
Running: build/SSSPbaseline /home/xyin014/graph/sx/stack_snap source/sx.txt 16 0.01 2
read: 15.125334s
loading graph /home/xyin014/graph/sx/stack_snap, root file is source/sx.txt, batch_num is 16, batch_size is 362334
read: 0.006571s
|E|=36233445
|V|=6024259
streaming total time 3.657917s
|V|=6024259
Intersection Graph Marked: 0.731428s
Root Time: 0.237731
direct hop total time 2.230277s
work sharing total time 1.807600s
CommonGraph total time 1.807600s
Running: build/SSSPbaseline /home/xyin014/graph/sx/stack_snap source/sx.txt 16 0.01 3
read: 15.147960s
loading graph /home/xyin014/graph/sx/stack_snap, root file is source/sx.txt, batch_num is 16, batch_size is 362334
read: 0.006527s
|E|=36233445
|V|=6024259
streaming total time 2.436850s
|V|=6024259
Intersection Graph Marked: 0.748214s
Root Time: 0.004366
direct hop total time 0.111378s
work sharing total time 0.069305s
CommonGraph total time 0.069305s
Running: build/SSSPbaseline /home/xyin014/graph/sx/stack_snap source/sx.txt 16 0.01 4
read: 15.149222s
loading graph /home/xyin014/graph/sx/stack_snap, root file is source/sx.txt, batch_num is 16, batch_size is 362334
read: 0.006412s
|E|=36233445
|V|=6024259
streaming total time 3.980692s
|V|=6024259
Intersection Graph Marked: 0.797714s
Root Time: 0.133030
direct hop total time 2.237228s
work sharing total time 1.746481s
CommonGraph total time 1.746481s
Running: build/SSSPbaseline /home/xyin014/graph/sx/stack_snap source/sx.txt 16 0.01 5
read: 15.181741s
loading graph /home/xyin014/graph/sx/stack_snap, root file is source/sx.txt, batch_num is 16, batch_size is 362334
read: 0.006866s
|E|=36233445
|V|=6024259
streaming total time 3.666432s
|V|=6024259
Intersection Graph Marked: 0.966442s
Root Time: 0.130912
direct hop total time 2.124945s
work sharing total time 1.663650s
CommonGraph total time 1.663650s
Running: build/SSSPbaseline /home/xyin014/graph/sx/stack_snap source/sx.txt 16 0.01 6
read: 15.132774s
loading graph /home/xyin014/graph/sx/stack_snap, root file is source/sx.txt, batch_num is 16, batch_size is 362334
read: 0.006673s
|E|=36233445
|V|=6024259
streaming total time 2.037473s
|V|=6024259
Intersection Graph Marked: 0.815175s
Root Time: 0.008386
direct hop total time 0.125340s
work sharing total time 0.083220s
CommonGraph total time 0.083220s
Running: build/SSSPbaseline /home/xyin014/graph/sx/stack_snap source/sx.txt 16 0.01 7
read: 15.140456s
loading graph /home/xyin014/graph/sx/stack_snap, root file is source/sx.txt, batch_num is 16, batch_size is 362334
read: 0.006666s
|E|=36233445
|V|=6024259
streaming total time 3.837928s
|V|=6024259
Intersection Graph Marked: 0.789153s
Root Time: 0.225263
direct hop total time 2.348091s
work sharing total time 1.778193s
CommonGraph total time 1.778193s
Running: build/SSSPbaseline /home/xyin014/graph/sx/stack_snap source/sx.txt 16 0.01 8
read: 15.152226s
loading graph /home/xyin014/graph/sx/stack_snap, root file is source/sx.txt, batch_num is 16, batch_size is 362334
read: 0.006460s
|E|=36233445
|V|=6024259
streaming total time 3.076014s
|V|=6024259
Intersection Graph Marked: 0.805911s
Root Time: 1.032692
direct hop total time 2.331921s
work sharing total time 1.675261s
CommonGraph total time 1.675261s
Running: build/SSSPbaseline /home/xyin014/graph/sx/stack_snap source/sx.txt 16 0.01 9
read: 15.178460s
loading graph /home/xyin014/graph/sx/stack_snap, root file is source/sx.txt, batch_num is 16, batch_size is 362334
read: 0.006542s
|E|=36233445
|V|=6024259
streaming total time 3.861136s
|V|=6024259
Intersection Graph Marked: 0.730445s
Root Time: 0.127329
direct hop total time 2.271451s
work sharing total time 1.684138s
CommonGraph total time 1.684138s
Running: build/SSSPbaseline /home/xyin014/graph/sx/stack_snap source/sx.txt 16 0.01 10
read: 15.166149s
loading graph /home/xyin014/graph/sx/stack_snap, root file is source/sx.txt, batch_num is 16, batch_size is 362334
read: 0.006662s
|E|=36233445
|V|=6024259
streaming total time 4.007404s
|V|=6024259
Intersection Graph Marked: 0.668659s
Root Time: 0.133061
direct hop total time 1.829774s
work sharing total time 1.620733s
CommonGraph total time 1.620733s
Running: build/SSSPbaseline /home/xyin014/graph/sx/stack_snap source/sx.txt 16 0.01 11
read: 15.166081s
loading graph /home/xyin014/graph/sx/stack_snap, root file is source/sx.txt, batch_num is 16, batch_size is 362334
read: 0.006570s
|E|=36233445
|V|=6024259
streaming total time 1.785538s
|V|=6024259
Intersection Graph Marked: 0.669103s
Root Time: 0.013732
direct hop total time 0.128688s
work sharing total time 0.068896s
CommonGraph total time 0.068896s
Running: build/SSSPbaseline /home/xyin014/graph/sx/stack_snap source/sx.txt 16 0.01 12
read: 15.218643s
loading graph /home/xyin014/graph/sx/stack_snap, root file is source/sx.txt, batch_num is 16, batch_size is 362334
read: 0.006934s
|E|=36233445
|V|=6024259
streaming total time 1.674826s
|V|=6024259
Intersection Graph Marked: 0.790368s
Root Time: 0.006464
direct hop total time 0.116099s
work sharing total time 0.069300s
CommonGraph total time 0.069300s
Running: build/SSSPbaseline /home/xyin014/graph/sx/stack_snap source/sx.txt 16 0.01 13
read: 15.151241s
loading graph /home/xyin014/graph/sx/stack_snap, root file is source/sx.txt, batch_num is 16, batch_size is 362334
read: 0.006448s
|E|=36233445
|V|=6024259
streaming total time 1.795735s
|V|=6024259
Intersection Graph Marked: 0.750164s
Root Time: 0.010575
direct hop total time 0.118892s
work sharing total time 0.088672s
CommonGraph total time 0.088672s
Running: build/SSSPbaseline /home/xyin014/graph/sx/stack_snap source/sx.txt 16 0.01 14
read: 15.129822s
loading graph /home/xyin014/graph/sx/stack_snap, root file is source/sx.txt, batch_num is 16, batch_size is 362334
read: 0.006502s
|E|=36233445
|V|=6024259
streaming total time 2.586642s
|V|=6024259
Intersection Graph Marked: 0.781002s
Root Time: 0.007070
direct hop total time 0.118924s
work sharing total time 0.068977s
CommonGraph total time 0.068977s
Running: build/SSSPbaseline /home/xyin014/graph/sx/stack_snap source/sx.txt 16 0.01 15
read: 15.131960s
loading graph /home/xyin014/graph/sx/stack_snap, root file is source/sx.txt, batch_num is 16, batch_size is 362334
read: 0.006569s
|E|=36233445
|V|=6024259
streaming total time 3.697282s
|V|=6024259
Intersection Graph Marked: 0.755424s
Root Time: 0.144975
direct hop total time 1.995552s
work sharing total time 1.753951s
CommonGraph total time 1.753951s
Running: build/SSSPbaseline /home/xyin014/graph/sx/stack_snap source/sx.txt 32 0.005 0
read: 15.120784s
loading graph /home/xyin014/graph/sx/stack_snap, root file is source/sx.txt, batch_num is 32, batch_size is 181167
read: 0.006512s
|E|=36233445
|V|=6024259
streaming total time 4.564900s
|V|=6024259
Intersection Graph Marked: 0.786014s
Root Time: 0.201488
direct hop total time 4.213601s
work sharing total time 3.563563s
CommonGraph total time 3.563563s
Running: build/SSSPbaseline /home/xyin014/graph/sx/stack_snap source/sx.txt 32 0.005 1
read: 15.236838s
loading graph /home/xyin014/graph/sx/stack_snap, root file is source/sx.txt, batch_num is 32, batch_size is 181167
read: 0.007323s
|E|=36233445
|V|=6024259
streaming total time 3.530909s
|V|=6024259
Intersection Graph Marked: 0.802490s
Root Time: 0.138196
direct hop total time 3.923862s
work sharing total time 3.251846s
CommonGraph total time 3.251846s
Running: build/SSSPbaseline /home/xyin014/graph/sx/stack_snap source/sx.txt 32 0.005 2
read: 15.151037s
loading graph /home/xyin014/graph/sx/stack_snap, root file is source/sx.txt, batch_num is 32, batch_size is 181167
read: 0.006553s
|E|=36233445
|V|=6024259
streaming total time 3.363932s
|V|=6024259
Intersection Graph Marked: 0.730828s
Root Time: 0.124762
direct hop total time 3.986276s
work sharing total time 3.095245s
CommonGraph total time 3.095245s
Running: build/SSSPbaseline /home/xyin014/graph/sx/stack_snap source/sx.txt 32 0.005 3
read: 15.299494s
loading graph /home/xyin014/graph/sx/stack_snap, root file is source/sx.txt, batch_num is 32, batch_size is 181167
read: 0.006855s
|E|=36233445
|V|=6024259
streaming total time 1.630450s
|V|=6024259
Intersection Graph Marked: 0.753188s
Root Time: 0.013601
direct hop total time 0.205881s
work sharing total time 0.123807s
CommonGraph total time 0.123807s
Running: build/SSSPbaseline /home/xyin014/graph/sx/stack_snap source/sx.txt 32 0.005 4
read: 15.146948s
loading graph /home/xyin014/graph/sx/stack_snap, root file is source/sx.txt, batch_num is 32, batch_size is 181167
read: 0.006424s
|E|=36233445
|V|=6024259
streaming total time 3.891742s
|V|=6024259
Intersection Graph Marked: 0.649843s
Root Time: 0.136418
direct hop total time 4.375931s
work sharing total time 3.304966s
CommonGraph total time 3.304966s
Running: build/SSSPbaseline /home/xyin014/graph/sx/stack_snap source/sx.txt 32 0.005 5
read: 15.151508s
loading graph /home/xyin014/graph/sx/stack_snap, root file is source/sx.txt, batch_num is 32, batch_size is 181167
read: 0.006605s
|E|=36233445
|V|=6024259
streaming total time 3.352252s
|V|=6024259
Intersection Graph Marked: 0.683727s
Root Time: 0.130873
direct hop total time 4.170696s
work sharing total time 3.274230s
CommonGraph total time 3.274230s
Running: build/SSSPbaseline /home/xyin014/graph/sx/stack_snap source/sx.txt 32 0.005 6
read: 15.121779s
loading graph /home/xyin014/graph/sx/stack_snap, root file is source/sx.txt, batch_num is 32, batch_size is 181167
read: 0.006501s
|E|=36233445
|V|=6024259
streaming total time 1.463316s
|V|=6024259
Intersection Graph Marked: 0.779456s
Root Time: 0.008128
direct hop total time 0.229922s
work sharing total time 0.127968s
CommonGraph total time 0.127968s
Running: build/SSSPbaseline /home/xyin014/graph/sx/stack_snap source/sx.txt 32 0.005 7
read: 15.219836s
loading graph /home/xyin014/graph/sx/stack_snap, root file is source/sx.txt, batch_num is 32, batch_size is 181167
read: 0.006467s
|E|=36233445
|V|=6024259
streaming total time 3.729599s
|V|=6024259
Intersection Graph Marked: 0.792886s
Root Time: 0.123522
direct hop total time 4.672037s
work sharing total time 3.290774s
CommonGraph total time 3.290774s
Running: build/SSSPbaseline /home/xyin014/graph/sx/stack_snap source/sx.txt 32 0.005 8
read: 15.147206s
loading graph /home/xyin014/graph/sx/stack_snap, root file is source/sx.txt, batch_num is 32, batch_size is 181167
read: 0.006479s
|E|=36233445
|V|=6024259
streaming total time 2.971576s
|V|=6024259
Intersection Graph Marked: 0.735000s
Root Time: 0.661299
direct hop total time 4.496357s
work sharing total time 3.113865s
CommonGraph total time 3.113865s
Running: build/SSSPbaseline /home/xyin014/graph/sx/stack_snap source/sx.txt 32 0.005 9
read: 15.168848s
loading graph /home/xyin014/graph/sx/stack_snap, root file is source/sx.txt, batch_num is 32, batch_size is 181167
read: 0.006441s
|E|=36233445
|V|=6024259
streaming total time 3.500827s
|V|=6024259
Intersection Graph Marked: 0.747936s
Root Time: 0.121173
direct hop total time 3.851163s
work sharing total time 2.865561s
CommonGraph total time 2.865561s
Running: build/SSSPbaseline /home/xyin014/graph/sx/stack_snap source/sx.txt 32 0.005 10
read: 15.146126s
loading graph /home/xyin014/graph/sx/stack_snap, root file is source/sx.txt, batch_num is 32, batch_size is 181167
read: 0.006659s
|E|=36233445
|V|=6024259
streaming total time 2.754857s
|V|=6024259
Intersection Graph Marked: 0.785655s
Root Time: 0.132587
direct hop total time 4.117078s
work sharing total time 3.111473s
CommonGraph total time 3.111473s
Running: build/SSSPbaseline /home/xyin014/graph/sx/stack_snap source/sx.txt 32 0.005 11
read: 15.143567s
loading graph /home/xyin014/graph/sx/stack_snap, root file is source/sx.txt, batch_num is 32, batch_size is 181167
read: 0.006553s
|E|=36233445
|V|=6024259
streaming total time 1.356257s
|V|=6024259
Intersection Graph Marked: 0.760363s
Root Time: 0.004376
direct hop total time 0.214479s
work sharing total time 0.159531s
CommonGraph total time 0.159531s
Running: build/SSSPbaseline /home/xyin014/graph/sx/stack_snap source/sx.txt 32 0.005 12
read: 15.206914s
loading graph /home/xyin014/graph/sx/stack_snap, root file is source/sx.txt, batch_num is 32, batch_size is 181167
read: 0.006666s
|E|=36233445
|V|=6024259
streaming total time 1.468430s
|V|=6024259
Intersection Graph Marked: 0.655456s
Root Time: 0.004395
direct hop total time 0.215034s
work sharing total time 0.137091s
CommonGraph total time 0.137091s
Running: build/SSSPbaseline /home/xyin014/graph/sx/stack_snap source/sx.txt 32 0.005 13
read: 15.140795s
loading graph /home/xyin014/graph/sx/stack_snap, root file is source/sx.txt, batch_num is 32, batch_size is 181167
read: 0.006586s
|E|=36233445
|V|=6024259
streaming total time 1.524666s
|V|=6024259
Intersection Graph Marked: 0.777291s
Root Time: 0.004436
direct hop total time 0.225114s
work sharing total time 0.125281s
CommonGraph total time 0.125281s
Running: build/SSSPbaseline /home/xyin014/graph/sx/stack_snap source/sx.txt 32 0.005 14
read: 15.106029s
loading graph /home/xyin014/graph/sx/stack_snap, root file is source/sx.txt, batch_num is 32, batch_size is 181167
read: 0.006475s
|E|=36233445
|V|=6024259
streaming total time 1.534775s
|V|=6024259
Intersection Graph Marked: 0.810484s
Root Time: 0.004422
direct hop total time 0.226344s
work sharing total time 0.145928s
CommonGraph total time 0.145928s
Running: build/SSSPbaseline /home/xyin014/graph/sx/stack_snap source/sx.txt 32 0.005 15
read: 15.136382s
loading graph /home/xyin014/graph/sx/stack_snap, root file is source/sx.txt, batch_num is 32, batch_size is 181167
read: 0.006500s
|E|=36233445
|V|=6024259
streaming total time 3.222025s
|V|=6024259
Intersection Graph Marked: 0.707910s
Root Time: 1.037993
direct hop total time 4.333434s
work sharing total time 3.239710s
CommonGraph total time 3.239710s
Running: build/SSSPbaseline /home/xyin014/graph/sx/stack_snap source/sx.txt 64 0.0025 0
read: 15.167428s
loading graph /home/xyin014/graph/sx/stack_snap, root file is source/sx.txt, batch_num is 64, batch_size is 90583
read: 0.006741s
|E|=36233445
|V|=6024259
streaming total time 5.653622s
|V|=6024259
Intersection Graph Marked: 0.703145s
Root Time: 0.137450
direct hop total time 8.996157s
work sharing total time 7.278617s
CommonGraph total time 7.278617s
Running: build/SSSPbaseline /home/xyin014/graph/sx/stack_snap source/sx.txt 64 0.0025 1
read: 15.162898s
loading graph /home/xyin014/graph/sx/stack_snap, root file is source/sx.txt, batch_num is 64, batch_size is 90583
read: 0.006758s
|E|=36233445
|V|=6024259
streaming total time 4.640420s
|V|=6024259
Intersection Graph Marked: 0.893440s
Root Time: 0.129481
direct hop total time 7.501119s
work sharing total time 6.279475s
CommonGraph total time 6.279475s
Running: build/SSSPbaseline /home/xyin014/graph/sx/stack_snap source/sx.txt 64 0.0025 2
read: 15.171800s
loading graph /home/xyin014/graph/sx/stack_snap, root file is source/sx.txt, batch_num is 64, batch_size is 90583
read: 0.006396s
|E|=36233445
|V|=6024259
streaming total time 4.954376s
|V|=6024259
Intersection Graph Marked: 0.775241s
Root Time: 0.131606
direct hop total time 7.253560s
work sharing total time 5.730451s
CommonGraph total time 5.730451s
Running: build/SSSPbaseline /home/xyin014/graph/sx/stack_snap source/sx.txt 64 0.0025 3
read: 15.119744s
loading graph /home/xyin014/graph/sx/stack_snap, root file is source/sx.txt, batch_num is 64, batch_size is 90583
read: 0.006613s
|E|=36233445
|V|=6024259
streaming total time 1.235033s
|V|=6024259
Intersection Graph Marked: 0.790691s
Root Time: 0.008319
direct hop total time 0.405620s
work sharing total time 0.255582s
CommonGraph total time 0.255582s
Running: build/SSSPbaseline /home/xyin014/graph/sx/stack_snap source/sx.txt 64 0.0025 4
read: 15.124167s
loading graph /home/xyin014/graph/sx/stack_snap, root file is source/sx.txt, batch_num is 64, batch_size is 90583
read: 0.006496s
|E|=36233445
|V|=6024259
streaming total time 5.082677s
|V|=6024259
Intersection Graph Marked: 0.648794s
Root Time: 1.125803
direct hop total time 8.724903s
work sharing total time 6.412962s
CommonGraph total time 6.412962s
Running: build/SSSPbaseline /home/xyin014/graph/sx/stack_snap source/sx.txt 64 0.0025 5
read: 15.167775s
loading graph /home/xyin014/graph/sx/stack_snap, root file is source/sx.txt, batch_num is 64, batch_size is 90583
read: 0.006518s
|E|=36233445
|V|=6024259
streaming total time 4.884415s
|V|=6024259
Intersection Graph Marked: 0.813037s
Root Time: 0.135490
direct hop total time 9.643339s
work sharing total time 7.268636s
CommonGraph total time 7.268636s
Running: build/SSSPbaseline /home/xyin014/graph/sx/stack_snap source/sx.txt 64 0.0025 6
read: 15.140987s
loading graph /home/xyin014/graph/sx/stack_snap, root file is source/sx.txt, batch_num is 64, batch_size is 90583
read: 0.006675s
|E|=36233445
|V|=6024259
streaming total time 2.356895s
|V|=6024259
Intersection Graph Marked: 0.650645s
Root Time: 0.008859
direct hop total time 0.406393s
work sharing total time 0.243740s
CommonGraph total time 0.243740s
Running: build/SSSPbaseline /home/xyin014/graph/sx/stack_snap source/sx.txt 64 0.0025 7
read: 15.138875s
loading graph /home/xyin014/graph/sx/stack_snap, root file is source/sx.txt, batch_num is 64, batch_size is 90583
read: 0.006473s
|E|=36233445
|V|=6024259
streaming total time 4.408099s
|V|=6024259
Intersection Graph Marked: 0.774472s
Root Time: 0.130353
direct hop total time 7.848638s
work sharing total time 5.336996s
CommonGraph total time 5.336996s
Running: build/SSSPbaseline /home/xyin014/graph/sx/stack_snap source/sx.txt 64 0.0025 8
read: 15.137383s
loading graph /home/xyin014/graph/sx/stack_snap, root file is source/sx.txt, batch_num is 64, batch_size is 90583
read: 0.006439s
|E|=36233445
|V|=6024259
streaming total time 5.035033s
|V|=6024259
Intersection Graph Marked: 0.849002s
Root Time: 0.138575
direct hop total time 8.587444s
work sharing total time 5.813957s
CommonGraph total time 5.813957s
Running: build/SSSPbaseline /home/xyin014/graph/sx/stack_snap source/sx.txt 64 0.0025 9
read: 15.164016s
loading graph /home/xyin014/graph/sx/stack_snap, root file is source/sx.txt, batch_num is 64, batch_size is 90583
read: 0.006750s
|E|=36233445
|V|=6024259
streaming total time 4.431478s
|V|=6024259
Intersection Graph Marked: 0.744837s
Root Time: 0.134925
direct hop total time 8.299869s
work sharing total time 5.911172s
CommonGraph total time 5.911172s
Running: build/SSSPbaseline /home/xyin014/graph/sx/stack_snap source/sx.txt 64 0.0025 10
read: 15.173401s
loading graph /home/xyin014/graph/sx/stack_snap, root file is source/sx.txt, batch_num is 64, batch_size is 90583
read: 0.006767s
|E|=36233445
|V|=6024259
streaming total time 4.376528s
|V|=6024259
Intersection Graph Marked: 0.778339s
Root Time: 0.133179
direct hop total time 7.218032s
work sharing total time 5.578348s
CommonGraph total time 5.578348s
Running: build/SSSPbaseline /home/xyin014/graph/sx/stack_snap source/sx.txt 64 0.0025 11
read: 15.164811s
loading graph /home/xyin014/graph/sx/stack_snap, root file is source/sx.txt, batch_num is 64, batch_size is 90583
read: 0.006459s
|E|=36233445
|V|=6024259
streaming total time 2.143397s
|V|=6024259
Intersection Graph Marked: 0.645868s
Root Time: 0.004297
direct hop total time 0.418433s
work sharing total time 0.242290s
CommonGraph total time 0.242290s
Running: build/SSSPbaseline /home/xyin014/graph/sx/stack_snap source/sx.txt 64 0.0025 12
read: 15.232293s
loading graph /home/xyin014/graph/sx/stack_snap, root file is source/sx.txt, batch_num is 64, batch_size is 90583
read: 0.010543s
|E|=36233445
|V|=6024259
streaming total time 1.950345s
|V|=6024259
Intersection Graph Marked: 0.763786s
Root Time: 0.006634
direct hop total time 0.418545s
work sharing total time 0.245892s
CommonGraph total time 0.245892s
Running: build/SSSPbaseline /home/xyin014/graph/sx/stack_snap source/sx.txt 64 0.0025 13
read: 15.135351s
loading graph /home/xyin014/graph/sx/stack_snap, root file is source/sx.txt, batch_num is 64, batch_size is 90583
read: 0.006479s
|E|=36233445
|V|=6024259
streaming total time 1.848428s
|V|=6024259
Intersection Graph Marked: 0.739011s
Root Time: 0.006498
direct hop total time 0.415207s
work sharing total time 0.233934s
CommonGraph total time 0.233934s
Running: build/SSSPbaseline /home/xyin014/graph/sx/stack_snap source/sx.txt 64 0.0025 14
read: 15.182758s
loading graph /home/xyin014/graph/sx/stack_snap, root file is source/sx.txt, batch_num is 64, batch_size is 90583
read: 0.006881s
|E|=36233445
|V|=6024259
streaming total time 2.135781s
|V|=6024259
Intersection Graph Marked: 0.776602s
Root Time: 0.004332
direct hop total time 0.414983s
work sharing total time 0.250403s
CommonGraph total time 0.250403s
Running: build/SSSPbaseline /home/xyin014/graph/sx/stack_snap source/sx.txt 64 0.0025 15
read: 15.144112s
loading graph /home/xyin014/graph/sx/stack_snap, root file is source/sx.txt, batch_num is 64, batch_size is 90583
read: 0.006725s
|E|=36233445
|V|=6024259
streaming total time 5.146647s
|V|=6024259
Intersection Graph Marked: 0.786019s
Root Time: 0.135742
direct hop total time 7.828908s
work sharing total time 6.230788s
CommonGraph total time 6.230788s
Running: build/SSSPbaseline /home/xyin014/graph/wiki/snap_wiki source/wiki_src.txt 8 0.02 0
read: 5.932606s
loading graph /home/xyin014/graph/wiki/snap_wiki, root file is source/wiki_src.txt, batch_num is 8, batch_size is 292273
read: 0.002951s
|E|=14613674
|V|=1870709
streaming total time 9.769130s
|V|=1870709
Intersection Graph Marked: 25.916008s
Root Time: 0.001720
direct hop total time 0.518671s
work sharing total time 0.446356s
CommonGraph total time 0.446356s
Running: build/SSSPbaseline /home/xyin014/graph/wiki/snap_wiki source/wiki_src.txt 8 0.02 1
read: 5.882510s
loading graph /home/xyin014/graph/wiki/snap_wiki, root file is source/wiki_src.txt, batch_num is 8, batch_size is 292273
read: 0.002631s
|E|=14613674
|V|=1870709
streaming total time 10.836257s
|V|=1870709
Intersection Graph Marked: 29.533146s
Root Time: 0.488654
direct hop total time 0.990976s
work sharing total time 0.911121s
CommonGraph total time 0.911121s
Running: build/SSSPbaseline /home/xyin014/graph/wiki/snap_wiki source/wiki_src.txt 8 0.02 2
read: 5.875226s
loading graph /home/xyin014/graph/wiki/snap_wiki, root file is source/wiki_src.txt, batch_num is 8, batch_size is 292273
read: 0.002494s
|E|=14613674
|V|=1870709
streaming total time 15.500731s
|V|=1870709
Intersection Graph Marked: 25.584565s
Root Time: 0.369240
direct hop total time 0.992637s
work sharing total time 0.914403s
CommonGraph total time 0.914403s
Running: build/SSSPbaseline /home/xyin014/graph/wiki/snap_wiki source/wiki_src.txt 8 0.02 3
read: 5.868482s
loading graph /home/xyin014/graph/wiki/snap_wiki, root file is source/wiki_src.txt, batch_num is 8, batch_size is 292273
read: 0.003189s
|E|=14613674
|V|=1870709
streaming total time 10.963048s
|V|=1870709
Intersection Graph Marked: 49.768886s
Root Time: 0.344025
direct hop total time 0.991264s
work sharing total time 0.967553s
CommonGraph total time 0.967553s
Running: build/SSSPbaseline /home/xyin014/graph/wiki/snap_wiki source/wiki_src.txt 8 0.02 4
read: 5.874251s
loading graph /home/xyin014/graph/wiki/snap_wiki, root file is source/wiki_src.txt, batch_num is 8, batch_size is 292273
read: 0.002656s
|E|=14613674
|V|=1870709
streaming total time 15.044716s
|V|=1870709
Intersection Graph Marked: 24.593343s
Root Time: 0.510680
direct hop total time 0.928347s
work sharing total time 0.892911s
CommonGraph total time 0.892911s
Running: build/SSSPbaseline /home/xyin014/graph/wiki/snap_wiki source/wiki_src.txt 8 0.02 5
read: 5.885943s
loading graph /home/xyin014/graph/wiki/snap_wiki, root file is source/wiki_src.txt, batch_num is 8, batch_size is 292273
read: 0.002492s
|E|=14613674
|V|=1870709
streaming total time 11.164957s
|V|=1870709
Intersection Graph Marked: 24.136462s
Root Time: 0.419961
direct hop total time 1.263364s
work sharing total time 1.089927s
CommonGraph total time 1.089927s
Running: build/SSSPbaseline /home/xyin014/graph/wiki/snap_wiki source/wiki_src.txt 8 0.02 6
read: 5.875153s
loading graph /home/xyin014/graph/wiki/snap_wiki, root file is source/wiki_src.txt, batch_num is 8, batch_size is 292273
read: 0.002638s
|E|=14613674
|V|=1870709
streaming total time 11.423634s
|V|=1870709
Intersection Graph Marked: 25.897807s
Root Time: 0.448267
direct hop total time 0.916211s
work sharing total time 0.884363s
CommonGraph total time 0.884363s
Running: build/SSSPbaseline /home/xyin014/graph/wiki/snap_wiki source/wiki_src.txt 8 0.02 7
read: 5.879480s
loading graph /home/xyin014/graph/wiki/snap_wiki, root file is source/wiki_src.txt, batch_num is 8, batch_size is 292273
read: 0.002686s
|E|=14613674
|V|=1870709
streaming total time 11.601530s
|V|=1870709
Intersection Graph Marked: 50.281078s
Root Time: 0.425342
direct hop total time 0.933928s
work sharing total time 0.882302s
CommonGraph total time 0.882302s
Running: build/SSSPbaseline /home/xyin014/graph/wiki/snap_wiki source/wiki_src.txt 8 0.02 8
read: 5.904780s
loading graph /home/xyin014/graph/wiki/snap_wiki, root file is source/wiki_src.txt, batch_num is 8, batch_size is 292273
read: 0.003102s
|E|=14613674
|V|=1870709
streaming total time 12.372561s
|V|=1870709
Intersection Graph Marked: 24.969191s
Root Time: 0.428357
direct hop total time 1.156394s
work sharing total time 1.024603s
CommonGraph total time 1.024603s
Running: build/SSSPbaseline /home/xyin014/graph/wiki/snap_wiki source/wiki_src.txt 8 0.02 9
read: 6.021567s
loading graph /home/xyin014/graph/wiki/snap_wiki, root file is source/wiki_src.txt, batch_num is 8, batch_size is 292273
read: 0.002562s
|E|=14613674
|V|=1870709
streaming total time 11.586196s
|V|=1870709
Intersection Graph Marked: 24.270619s
Root Time: 0.435768
direct hop total time 1.034722s
work sharing total time 0.939192s
CommonGraph total time 0.939192s
Running: build/SSSPbaseline /home/xyin014/graph/wiki/snap_wiki source/wiki_src.txt 8 0.02 10
read: 5.882021s
loading graph /home/xyin014/graph/wiki/snap_wiki, root file is source/wiki_src.txt, batch_num is 8, batch_size is 292273
read: 0.002559s
|E|=14613674
|V|=1870709
streaming total time 9.849763s
|V|=1870709
Intersection Graph Marked: 25.006001s
Root Time: 0.432675
direct hop total time 1.000645s
work sharing total time 0.936246s
CommonGraph total time 0.936246s
Running: build/SSSPbaseline /home/xyin014/graph/wiki/snap_wiki source/wiki_src.txt 8 0.02 11
read: 5.899786s
loading graph /home/xyin014/graph/wiki/snap_wiki, root file is source/wiki_src.txt, batch_num is 8, batch_size is 292273
read: 0.002609s
|E|=14613674
|V|=1870709
streaming total time 12.378651s
|V|=1870709
Intersection Graph Marked: 24.948892s
Root Time: 0.469348
direct hop total time 0.957826s
work sharing total time 0.965052s
CommonGraph total time 0.965052s
Running: build/SSSPbaseline /home/xyin014/graph/wiki/snap_wiki source/wiki_src.txt 8 0.02 12
read: 5.880850s
loading graph /home/xyin014/graph/wiki/snap_wiki, root file is source/wiki_src.txt, batch_num is 8, batch_size is 292273
read: 0.002615s
|E|=14613674
|V|=1870709
streaming total time 11.966416s
|V|=1870709
Intersection Graph Marked: 37.666332s
Root Time: 0.484411
direct hop total time 0.934801s
work sharing total time 0.944905s
CommonGraph total time 0.944905s
Running: build/SSSPbaseline /home/xyin014/graph/wiki/snap_wiki source/wiki_src.txt 8 0.02 13
read: 5.875791s
loading graph /home/xyin014/graph/wiki/snap_wiki, root file is source/wiki_src.txt, batch_num is 8, batch_size is 292273
read: 0.002506s
|E|=14613674
|V|=1870709
streaming total time 12.160791s
|V|=1870709
Intersection Graph Marked: 25.495797s
Root Time: 0.442330
direct hop total time 1.230449s
work sharing total time 0.921558s
CommonGraph total time 0.921558s
Running: build/SSSPbaseline /home/xyin014/graph/wiki/snap_wiki source/wiki_src.txt 8 0.02 14
read: 5.903409s
loading graph /home/xyin014/graph/wiki/snap_wiki, root file is source/wiki_src.txt, batch_num is 8, batch_size is 292273
read: 0.002531s
|E|=14613674
|V|=1870709
streaming total time 14.661427s
|V|=1870709
Intersection Graph Marked: 24.610170s
Root Time: 0.353096
direct hop total time 1.023669s
work sharing total time 0.998323s
CommonGraph total time 0.998323s
Running: build/SSSPbaseline /home/xyin014/graph/wiki/snap_wiki source/wiki_src.txt 8 0.02 15
read: 5.879301s
loading graph /home/xyin014/graph/wiki/snap_wiki, root file is source/wiki_src.txt, batch_num is 8, batch_size is 292273
read: 0.002620s
|E|=14613674
|V|=1870709
streaming total time 12.204743s
|V|=1870709
Intersection Graph Marked: 27.583930s
Root Time: 0.452087
direct hop total time 1.002298s
work sharing total time 0.934967s
CommonGraph total time 0.934967s
Running: build/SSSPbaseline /home/xyin014/graph/wiki/snap_wiki source/wiki_src.txt 16 0.01 0
read: 5.925652s
loading graph /home/xyin014/graph/wiki/snap_wiki, root file is source/wiki_src.txt, batch_num is 16, batch_size is 146136
read: 0.002573s
|E|=14613674
|V|=1870709
streaming total time 13.753756s
|V|=1870709
Intersection Graph Marked: 43.456859s
Root Time: 0.003132
direct hop total time 0.695239s
work sharing total time 0.665994s
CommonGraph total time 0.665994s
Running: build/SSSPbaseline /home/xyin014/graph/wiki/snap_wiki source/wiki_src.txt 16 0.01 1
read: 5.874963s
loading graph /home/xyin014/graph/wiki/snap_wiki, root file is source/wiki_src.txt, batch_num is 16, batch_size is 146136
read: 0.002581s
|E|=14613674
|V|=1870709
streaming total time 12.974087s
|V|=1870709
Intersection Graph Marked: 26.770189s
Root Time: 0.405264
direct hop total time 1.684509s
work sharing total time 1.739305s
CommonGraph total time 1.739305s
Running: build/SSSPbaseline /home/xyin014/graph/wiki/snap_wiki source/wiki_src.txt 16 0.01 2
read: 5.904048s
loading graph /home/xyin014/graph/wiki/snap_wiki, root file is source/wiki_src.txt, batch_num is 16, batch_size is 146136
read: 0.002544s
|E|=14613674
|V|=1870709
streaming total time 12.908744s
|V|=1870709
Intersection Graph Marked: 25.519979s
Root Time: 0.374242
direct hop total time 1.809947s
work sharing total time 1.817356s
CommonGraph total time 1.817356s
Running: build/SSSPbaseline /home/xyin014/graph/wiki/snap_wiki source/wiki_src.txt 16 0.01 3
read: 5.876423s
loading graph /home/xyin014/graph/wiki/snap_wiki, root file is source/wiki_src.txt, batch_num is 16, batch_size is 146136
read: 0.002596s
|E|=14613674
|V|=1870709
streaming total time 14.846912s
|V|=1870709
Intersection Graph Marked: 24.807759s
Root Time: 0.364910
direct hop total time 1.743352s
work sharing total time 1.815404s
CommonGraph total time 1.815404s
Running: build/SSSPbaseline /home/xyin014/graph/wiki/snap_wiki source/wiki_src.txt 16 0.01 4
read: 5.883744s
loading graph /home/xyin014/graph/wiki/snap_wiki, root file is source/wiki_src.txt, batch_num is 16, batch_size is 146136
read: 0.002611s
|E|=14613674
|V|=1870709
streaming total time 13.094306s
|V|=1870709
Intersection Graph Marked: 28.933718s
Root Time: 0.447247
direct hop total time 1.659875s
work sharing total time 1.894142s
CommonGraph total time 1.894142s
Running: build/SSSPbaseline /home/xyin014/graph/wiki/snap_wiki source/wiki_src.txt 16 0.01 5
read: 5.877097s
loading graph /home/xyin014/graph/wiki/snap_wiki, root file is source/wiki_src.txt, batch_num is 16, batch_size is 146136
read: 0.002568s
|E|=14613674
|V|=1870709
streaming total time 17.787062s
|V|=1870709
Intersection Graph Marked: 25.975403s
Root Time: 0.450522
direct hop total time 2.517509s
work sharing total time 2.156642s
CommonGraph total time 2.156642s
Running: build/SSSPbaseline /home/xyin014/graph/wiki/snap_wiki source/wiki_src.txt 16 0.01 6
read: 5.876628s
loading graph /home/xyin014/graph/wiki/snap_wiki, root file is source/wiki_src.txt, batch_num is 16, batch_size is 146136
read: 0.002661s
|E|=14613674
|V|=1870709
streaming total time 11.114387s
|V|=1870709
Intersection Graph Marked: 28.413188s
Root Time: 0.444382
direct hop total time 1.786541s
work sharing total time 1.826640s
CommonGraph total time 1.826640s
Running: build/SSSPbaseline /home/xyin014/graph/wiki/snap_wiki source/wiki_src.txt 16 0.01 7
read: 5.882955s
loading graph /home/xyin014/graph/wiki/snap_wiki, root file is source/wiki_src.txt, batch_num is 16, batch_size is 146136
read: 0.002670s
|E|=14613674
|V|=1870709
streaming total time 12.159420s
|V|=1870709
Intersection Graph Marked: 26.028545s
Root Time: 0.405405
direct hop total time 1.705239s
work sharing total time 1.878358s
CommonGraph total time 1.878358s
Running: build/SSSPbaseline /home/xyin014/graph/wiki/snap_wiki source/wiki_src.txt 16 0.01 8
read: 5.874065s
loading graph /home/xyin014/graph/wiki/snap_wiki, root file is source/wiki_src.txt, batch_num is 16, batch_size is 146136
read: 0.002666s
|E|=14613674
|V|=1870709
streaming total time 12.061290s
|V|=1870709
Intersection Graph Marked: 28.607258s
Root Time: 0.445668
direct hop total time 2.274949s
work sharing total time 1.973798s
CommonGraph total time 1.973798s
Running: build/SSSPbaseline /home/xyin014/graph/wiki/snap_wiki source/wiki_src.txt 16 0.01 9
read: 5.875849s
loading graph /home/xyin014/graph/wiki/snap_wiki, root file is source/wiki_src.txt, batch_num is 16, batch_size is 146136
read: 0.002574s
|E|=14613674
|V|=1870709
streaming total time 13.355040s
|V|=1870709
Intersection Graph Marked: 29.198873s
Root Time: 0.546839
direct hop total time 1.726887s
work sharing total time 1.813197s
CommonGraph total time 1.813197s
Running: build/SSSPbaseline /home/xyin014/graph/wiki/snap_wiki source/wiki_src.txt 16 0.01 10
read: 5.882979s
loading graph /home/xyin014/graph/wiki/snap_wiki, root file is source/wiki_src.txt, batch_num is 16, batch_size is 146136
read: 0.002571s
|E|=14613674
|V|=1870709
streaming total time 11.461624s
|V|=1870709
Intersection Graph Marked: 25.820868s
Root Time: 0.652681
direct hop total time 1.893721s
work sharing total time 1.977760s
CommonGraph total time 1.977760s
Running: build/SSSPbaseline /home/xyin014/graph/wiki/snap_wiki source/wiki_src.txt 16 0.01 11
read: 5.870313s
loading graph /home/xyin014/graph/wiki/snap_wiki, root file is source/wiki_src.txt, batch_num is 16, batch_size is 146136
read: 0.002585s
|E|=14613674
|V|=1870709
streaming total time 12.957024s
|V|=1870709
Intersection Graph Marked: 25.005618s
Root Time: 0.435029
direct hop total time 1.771644s
work sharing total time 1.876050s
CommonGraph total time 1.876050s
Running: build/SSSPbaseline /home/xyin014/graph/wiki/snap_wiki source/wiki_src.txt 16 0.01 12
read: 5.874537s
loading graph /home/xyin014/graph/wiki/snap_wiki, root file is source/wiki_src.txt, batch_num is 16, batch_size is 146136
read: 0.002584s
|E|=14613674
|V|=1870709
streaming total time 17.222383s
|V|=1870709
Intersection Graph Marked: 24.714233s
Root Time: 0.419858
direct hop total time 1.816711s
work sharing total time 1.862460s
CommonGraph total time 1.862460s
Running: build/SSSPbaseline /home/xyin014/graph/wiki/snap_wiki source/wiki_src.txt 16 0.01 13
read: 5.896525s
loading graph /home/xyin014/graph/wiki/snap_wiki, root file is source/wiki_src.txt, batch_num is 16, batch_size is 146136
read: 0.002625s
|E|=14613674
|V|=1870709
streaming total time 13.040416s
|V|=1870709
Intersection Graph Marked: 42.065124s
Root Time: 0.397712
direct hop total time 2.272081s
work sharing total time 1.848419s
CommonGraph total time 1.848419s
Running: build/SSSPbaseline /home/xyin014/graph/wiki/snap_wiki source/wiki_src.txt 16 0.01 14
read: 5.887655s
loading graph /home/xyin014/graph/wiki/snap_wiki, root file is source/wiki_src.txt, batch_num is 16, batch_size is 146136
read: 0.002522s
|E|=14613674
|V|=1870709
streaming total time 17.719240s
|V|=1870709
Intersection Graph Marked: 25.015333s
Root Time: 0.419268
direct hop total time 1.985560s
work sharing total time 1.977835s
CommonGraph total time 1.977835s
Running: build/SSSPbaseline /home/xyin014/graph/wiki/snap_wiki source/wiki_src.txt 16 0.01 15
read: 5.868645s
loading graph /home/xyin014/graph/wiki/snap_wiki, root file is source/wiki_src.txt, batch_num is 16, batch_size is 146136
read: 0.002534s
|E|=14613674
|V|=1870709
streaming total time 13.090222s
|V|=1870709
Intersection Graph Marked: 27.279830s
Root Time: 0.443625
direct hop total time 1.690455s
work sharing total time 1.851900s
CommonGraph total time 1.851900s
Running: build/SSSPbaseline /home/xyin014/graph/wiki/snap_wiki source/wiki_src.txt 32 0.005 0
read: 5.880745s
loading graph /home/xyin014/graph/wiki/snap_wiki, root file is source/wiki_src.txt, batch_num is 32, batch_size is 73068
read: 0.002527s
|E|=14613674
|V|=1870709
streaming total time 11.084614s
|V|=1870709
Intersection Graph Marked: 30.710589s
Root Time: 0.002192
direct hop total time 1.306643s
work sharing total time 1.266390s
CommonGraph total time 1.266390s
Running: build/SSSPbaseline /home/xyin014/graph/wiki/snap_wiki source/wiki_src.txt 32 0.005 1
read: 5.882198s
loading graph /home/xyin014/graph/wiki/snap_wiki, root file is source/wiki_src.txt, batch_num is 32, batch_size is 73068
read: 0.002577s
|E|=14613674
|V|=1870709
streaming total time 14.002108s
|V|=1870709
Intersection Graph Marked: 25.166268s
Root Time: 0.440587
direct hop total time 3.659508s
work sharing total time 3.790661s
CommonGraph total time 3.790661s
Running: build/SSSPbaseline /home/xyin014/graph/wiki/snap_wiki source/wiki_src.txt 32 0.005 2
read: 5.905618s
loading graph /home/xyin014/graph/wiki/snap_wiki, root file is source/wiki_src.txt, batch_num is 32, batch_size is 73068
read: 0.002643s
|E|=14613674
|V|=1870709
streaming total time 13.461797s
|V|=1870709
Intersection Graph Marked: 28.455031s
Root Time: 0.370889
direct hop total time 3.366126s
work sharing total time 3.713981s
CommonGraph total time 3.713981s
Running: build/SSSPbaseline /home/xyin014/graph/wiki/snap_wiki source/wiki_src.txt 32 0.005 3
read: 5.947366s
loading graph /home/xyin014/graph/wiki/snap_wiki, root file is source/wiki_src.txt, batch_num is 32, batch_size is 73068
read: 0.002660s
|E|=14613674
|V|=1870709
streaming total time 14.135528s
|V|=1870709
Intersection Graph Marked: 28.609390s
Root Time: 0.365876
direct hop total time 3.510925s
work sharing total time 3.676240s
CommonGraph total time 3.676240s
Running: build/SSSPbaseline /home/xyin014/graph/wiki/snap_wiki source/wiki_src.txt 32 0.005 4
read: 5.876234s
loading graph /home/xyin014/graph/wiki/snap_wiki, root file is source/wiki_src.txt, batch_num is 32, batch_size is 73068
read: 0.002557s
|E|=14613674
|V|=1870709
streaming total time 14.237960s
|V|=1870709
Intersection Graph Marked: 26.478810s
Root Time: 0.414334
direct hop total time 3.496260s
work sharing total time 3.862530s
CommonGraph total time 3.862530s
Running: build/SSSPbaseline /home/xyin014/graph/wiki/snap_wiki source/wiki_src.txt 32 0.005 5
read: 5.873982s
loading graph /home/xyin014/graph/wiki/snap_wiki, root file is source/wiki_src.txt, batch_num is 32, batch_size is 73068
read: 0.002584s
|E|=14613674
|V|=1870709
streaming total time 13.040053s
|V|=1870709
Intersection Graph Marked: 26.621702s
Root Time: 0.492360
direct hop total time 4.753108s
work sharing total time 4.617132s
CommonGraph total time 4.617132s
Running: build/SSSPbaseline /home/xyin014/graph/wiki/snap_wiki source/wiki_src.txt 32 0.005 6
read: 5.874374s
loading graph /home/xyin014/graph/wiki/snap_wiki, root file is source/wiki_src.txt, batch_num is 32, batch_size is 73068
read: 0.002560s
|E|=14613674
|V|=1870709
streaming total time 15.397137s
|V|=1870709
Intersection Graph Marked: 35.549060s
Root Time: 0.437540
direct hop total time 3.606868s
work sharing total time 3.765981s
CommonGraph total time 3.765981s
Running: build/SSSPbaseline /home/xyin014/graph/wiki/snap_wiki source/wiki_src.txt 32 0.005 7
read: 5.908034s
loading graph /home/xyin014/graph/wiki/snap_wiki, root file is source/wiki_src.txt, batch_num is 32, batch_size is 73068
read: 0.002743s
|E|=14613674
|V|=1870709
streaming total time 13.835512s
|V|=1870709
Intersection Graph Marked: 26.683709s
Root Time: 0.468179
direct hop total time 3.293113s
work sharing total time 3.756223s
CommonGraph total time 3.756223s
Running: build/SSSPbaseline /home/xyin014/graph/wiki/snap_wiki source/wiki_src.txt 32 0.005 8
read: 5.877049s
loading graph /home/xyin014/graph/wiki/snap_wiki, root file is source/wiki_src.txt, batch_num is 32, batch_size is 73068
read: 0.002610s
|E|=14613674
|V|=1870709
streaming total time 15.468008s
|V|=1870709
Intersection Graph Marked: 29.315984s
Root Time: 0.414211
direct hop total time 3.806243s
work sharing total time 4.045692s
CommonGraph total time 4.045692s
Running: build/SSSPbaseline /home/xyin014/graph/wiki/snap_wiki source/wiki_src.txt 32 0.005 9
read: 5.884625s
loading graph /home/xyin014/graph/wiki/snap_wiki, root file is source/wiki_src.txt, batch_num is 32, batch_size is 73068
read: 0.002580s
|E|=14613674
|V|=1870709
streaming total time 14.362531s
|V|=1870709
Intersection Graph Marked: 70.317151s
Root Time: 0.421644
direct hop total time 3.420093s
work sharing total time 3.816182s
CommonGraph total time 3.816182s
Running: build/SSSPbaseline /home/xyin014/graph/wiki/snap_wiki source/wiki_src.txt 32 0.005 10
read: 5.876967s
loading graph /home/xyin014/graph/wiki/snap_wiki, root file is source/wiki_src.txt, batch_num is 32, batch_size is 73068
read: 0.002551s
|E|=14613674
|V|=1870709
streaming total time 15.974920s
|V|=1870709
Intersection Graph Marked: 29.876634s
Root Time: 0.445838
direct hop total time 3.470896s
work sharing total time 3.919729s
CommonGraph total time 3.919729s
Running: build/SSSPbaseline /home/xyin014/graph/wiki/snap_wiki source/wiki_src.txt 32 0.005 11
read: 5.877537s
loading graph /home/xyin014/graph/wiki/snap_wiki, root file is source/wiki_src.txt, batch_num is 32, batch_size is 73068
read: 0.002576s
|E|=14613674
|V|=1870709
streaming total time 13.104807s
|V|=1870709
Intersection Graph Marked: 25.374226s
Root Time: 0.644253
direct hop total time 3.724490s
work sharing total time 3.978644s
CommonGraph total time 3.978644s
Running: build/SSSPbaseline /home/xyin014/graph/wiki/snap_wiki source/wiki_src.txt 32 0.005 12
read: 5.893343s
loading graph /home/xyin014/graph/wiki/snap_wiki, root file is source/wiki_src.txt, batch_num is 32, batch_size is 73068
read: 0.002589s
|E|=14613674
|V|=1870709
streaming total time 13.279490s
|V|=1870709
Intersection Graph Marked: 25.574767s
Root Time: 0.435727
direct hop total time 3.494420s
work sharing total time 3.893733s
CommonGraph total time 3.893733s
Running: build/SSSPbaseline /home/xyin014/graph/wiki/snap_wiki source/wiki_src.txt 32 0.005 13
read: 5.877799s
loading graph /home/xyin014/graph/wiki/snap_wiki, root file is source/wiki_src.txt, batch_num is 32, batch_size is 73068
read: 0.002546s
|E|=14613674
|V|=1870709
streaming total time 13.049702s
|V|=1870709
Intersection Graph Marked: 25.333475s
Root Time: 0.473083
direct hop total time 4.613777s
work sharing total time 3.875864s
CommonGraph total time 3.875864s
Running: build/SSSPbaseline /home/xyin014/graph/wiki/snap_wiki source/wiki_src.txt 32 0.005 14
read: 5.910819s
loading graph /home/xyin014/graph/wiki/snap_wiki, root file is source/wiki_src.txt, batch_num is 32, batch_size is 73068
read: 0.002600s
|E|=14613674
|V|=1870709
streaming total time 14.740497s
|V|=1870709
Intersection Graph Marked: 25.101378s
Root Time: 0.615444
direct hop total time 3.485474s
work sharing total time 4.113112s
CommonGraph total time 4.113112s
Running: build/SSSPbaseline /home/xyin014/graph/wiki/snap_wiki source/wiki_src.txt 32 0.005 15
read: 5.877946s
loading graph /home/xyin014/graph/wiki/snap_wiki, root file is source/wiki_src.txt, batch_num is 32, batch_size is 73068
read: 0.002542s
|E|=14613674
|V|=1870709
streaming total time 19.067015s
|V|=1870709
Intersection Graph Marked: 26.518327s
Root Time: 0.846176
direct hop total time 3.459985s
work sharing total time 3.796934s
CommonGraph total time 3.796934s
Running: build/SSSPbaseline /home/xyin014/graph/wiki/snap_wiki source/wiki_src.txt 64 0.0025 0
read: 5.871401s
loading graph /home/xyin014/graph/wiki/snap_wiki, root file is source/wiki_src.txt, batch_num is 64, batch_size is 36534
read: 0.002560s
|E|=14613674
|V|=1870709
streaming total time 10.419568s
|V|=1870709
Intersection Graph Marked: 41.154258s
Root Time: 0.009930
direct hop total time 2.399790s
work sharing total time 2.475001s
CommonGraph total time 2.475001s
Running: build/SSSPbaseline /home/xyin014/graph/wiki/snap_wiki source/wiki_src.txt 64 0.0025 1
read: 5.861689s
loading graph /home/xyin014/graph/wiki/snap_wiki, root file is source/wiki_src.txt, batch_num is 64, batch_size is 36534
read: 0.002608s
|E|=14613674
|V|=1870709
streaming total time 13.503983s
|V|=1870709
Intersection Graph Marked: 24.844594s
Root Time: 0.440868
direct hop total time 6.488705s
work sharing total time 5.803014s
CommonGraph total time 5.803014s
Running: build/SSSPbaseline /home/xyin014/graph/wiki/snap_wiki source/wiki_src.txt 64 0.0025 2
read: 5.872377s
loading graph /home/xyin014/graph/wiki/snap_wiki, root file is source/wiki_src.txt, batch_num is 64, batch_size is 36534
read: 0.002525s
|E|=14613674
|V|=1870709
streaming total time 13.958336s
|V|=1870709
Intersection Graph Marked: 26.375139s
Root Time: 0.341459
direct hop total time 6.944747s
work sharing total time 6.295776s
CommonGraph total time 6.295776s
Running: build/SSSPbaseline /home/xyin014/graph/wiki/snap_wiki source/wiki_src.txt 64 0.0025 3
read: 5.883004s
loading graph /home/xyin014/graph/wiki/snap_wiki, root file is source/wiki_src.txt, batch_num is 64, batch_size is 36534
read: 0.002505s
|E|=14613674
|V|=1870709
streaming total time 13.640642s
|V|=1870709
Intersection Graph Marked: 26.910209s
Root Time: 0.407404
direct hop total time 6.928813s
work sharing total time 6.578365s
CommonGraph total time 6.578365s
Running: build/SSSPbaseline /home/xyin014/graph/wiki/snap_wiki source/wiki_src.txt 64 0.0025 4
read: 5.900496s
loading graph /home/xyin014/graph/wiki/snap_wiki, root file is source/wiki_src.txt, batch_num is 64, batch_size is 36534
read: 0.002576s
|E|=14613674
|V|=1870709
streaming total time 13.934517s
|V|=1870709
Intersection Graph Marked: 28.501311s
Root Time: 0.429135
direct hop total time 7.201602s
work sharing total time 6.504719s
CommonGraph total time 6.504719s
Running: build/SSSPbaseline /home/xyin014/graph/wiki/snap_wiki source/wiki_src.txt 64 0.0025 5
read: 6.058041s
loading graph /home/xyin014/graph/wiki/snap_wiki, root file is source/wiki_src.txt, batch_num is 64, batch_size is 36534
read: 0.002635s
|E|=14613674
|V|=1870709
streaming total time 18.058046s
|V|=1870709
Intersection Graph Marked: 44.855430s
Root Time: 0.426488
direct hop total time 9.155095s
work sharing total time 7.364079s
CommonGraph total time 7.364079s
Running: build/SSSPbaseline /home/xyin014/graph/wiki/snap_wiki source/wiki_src.txt 64 0.0025 6
read: 5.875321s
loading graph /home/xyin014/graph/wiki/snap_wiki, root file is source/wiki_src.txt, batch_num is 64, batch_size is 36534
read: 0.002595s
|E|=14613674
|V|=1870709
streaming total time 14.223643s
|V|=1870709
Intersection Graph Marked: 24.717867s
Root Time: 0.443720
direct hop total time 6.537880s
work sharing total time 5.971760s
CommonGraph total time 5.971760s
Running: build/SSSPbaseline /home/xyin014/graph/wiki/snap_wiki source/wiki_src.txt 64 0.0025 7
read: 5.866151s
loading graph /home/xyin014/graph/wiki/snap_wiki, root file is source/wiki_src.txt, batch_num is 64, batch_size is 36534
read: 0.002618s
|E|=14613674
|V|=1870709
streaming total time 13.671936s
|V|=1870709
Intersection Graph Marked: 25.590697s
Root Time: 0.453284
direct hop total time 6.532270s
work sharing total time 6.036142s
CommonGraph total time 6.036142s
Running: build/SSSPbaseline /home/xyin014/graph/wiki/snap_wiki source/wiki_src.txt 64 0.0025 8
read: 5.931773s
loading graph /home/xyin014/graph/wiki/snap_wiki, root file is source/wiki_src.txt, batch_num is 64, batch_size is 36534
read: 0.002525s
|E|=14613674
|V|=1870709
streaming total time 14.392729s
|V|=1870709
Intersection Graph Marked: 24.776580s
Root Time: 0.475123
direct hop total time 7.883224s
work sharing total time 6.635959s
CommonGraph total time 6.635959s
Running: build/SSSPbaseline /home/xyin014/graph/wiki/snap_wiki source/wiki_src.txt 64 0.0025 9
read: 5.877923s
loading graph /home/xyin014/graph/wiki/snap_wiki, root file is source/wiki_src.txt, batch_num is 64, batch_size is 36534
read: 0.002513s
|E|=14613674
|V|=1870709
streaming total time 13.678007s
|V|=1870709
Intersection Graph Marked: 25.537364s
Root Time: 0.937208
direct hop total time 6.312040s
work sharing total time 6.207216s
CommonGraph total time 6.207216s
Running: build/SSSPbaseline /home/xyin014/graph/wiki/snap_wiki source/wiki_src.txt 64 0.0025 10
read: 5.873763s
loading graph /home/xyin014/graph/wiki/snap_wiki, root file is source/wiki_src.txt, batch_num is 64, batch_size is 36534
read: 0.002613s
|E|=14613674
|V|=1870709
streaming total time 14.987327s
|V|=1870709
Intersection Graph Marked: 41.003512s
Root Time: 0.405492
direct hop total time 6.619709s
work sharing total time 6.026960s
CommonGraph total time 6.026960s
Running: build/SSSPbaseline /home/xyin014/graph/wiki/snap_wiki source/wiki_src.txt 64 0.0025 11
read: 5.883269s
loading graph /home/xyin014/graph/wiki/snap_wiki, root file is source/wiki_src.txt, batch_num is 64, batch_size is 36534
read: 0.002791s
|E|=14613674
|V|=1870709
streaming total time 12.739496s
|V|=1870709
Intersection Graph Marked: 27.388398s
Root Time: 0.442096
direct hop total time 6.760482s
work sharing total time 6.506051s
CommonGraph total time 6.506051s
Running: build/SSSPbaseline /home/xyin014/graph/wiki/snap_wiki source/wiki_src.txt 64 0.0025 12
read: 5.882358s
loading graph /home/xyin014/graph/wiki/snap_wiki, root file is source/wiki_src.txt, batch_num is 64, batch_size is 36534
read: 0.002579s
|E|=14613674
|V|=1870709
streaming total time 14.093707s
|V|=1870709
Intersection Graph Marked: 26.189633s
Root Time: 0.436760
direct hop total time 6.633405s
work sharing total time 6.006309s
CommonGraph total time 6.006309s
Running: build/SSSPbaseline /home/xyin014/graph/wiki/snap_wiki source/wiki_src.txt 64 0.0025 13
read: 5.871758s
loading graph /home/xyin014/graph/wiki/snap_wiki, root file is source/wiki_src.txt, batch_num is 64, batch_size is 36534
read: 0.002625s
|E|=14613674
|V|=1870709
streaming total time 13.593328s
|V|=1870709
Intersection Graph Marked: 26.648311s
Root Time: 0.433322
direct hop total time 8.644023s
work sharing total time 6.506929s
CommonGraph total time 6.506929s
Running: build/SSSPbaseline /home/xyin014/graph/wiki/snap_wiki source/wiki_src.txt 64 0.0025 14
read: 5.878965s
loading graph /home/xyin014/graph/wiki/snap_wiki, root file is source/wiki_src.txt, batch_num is 64, batch_size is 36534
read: 0.002527s
|E|=14613674
|V|=1870709
streaming total time 20.230867s
|V|=1870709
Intersection Graph Marked: 38.359205s
Root Time: 0.350736
direct hop total time 7.120549s
work sharing total time 6.711820s
CommonGraph total time 6.711820s
Running: build/SSSPbaseline /home/xyin014/graph/wiki/snap_wiki source/wiki_src.txt 64 0.0025 15
read: 5.879685s
loading graph /home/xyin014/graph/wiki/snap_wiki, root file is source/wiki_src.txt, batch_num is 64, batch_size is 36534
read: 0.002529s
|E|=14613674
|V|=1870709
streaming total time 18.322170s
|V|=1870709
Intersection Graph Marked: 24.209311s
Root Time: 0.456369
direct hop total time 6.465054s
work sharing total time 6.292717s
CommonGraph total time 6.292717s
Running: build/SSSPbaseline /home/xyin014/graph/wen/snap_wen source/wen.txt 8 0.02 0
Error: Invalid line "% asym unweighted"
read: 180.820435s
loading graph /home/xyin014/graph/wen/snap_wen, root file is source/wen.txt, batch_num is 8, batch_size is 8744348
read: 0.091030s
|E|=437217424
|V|=13593033
streaming total time 46.432369s
|V|=13593033
Intersection Graph Marked: 10.769454s
Root Time: 1.698850
direct hop total time 5.996673s
work sharing total time 3.956429s
CommonGraph total time 3.956429s
Running: build/SSSPbaseline /home/xyin014/graph/wen/snap_wen source/wen.txt 8 0.02 1
Error: Invalid line "% asym unweighted"
read: 179.672739s
loading graph /home/xyin014/graph/wen/snap_wen, root file is source/wen.txt, batch_num is 8, batch_size is 8744348
read: 0.093415s
|E|=437217424
|V|=13593033
Re Computing: 6 1961553 1942890
streaming total time 49.822552s
|V|=13593033
Intersection Graph Marked: 11.117373s
Root Time: 0.010065
direct hop total time 35.688732s
work sharing total time 20.789286s
CommonGraph total time 20.789286s
Running: build/SSSPbaseline /home/xyin014/graph/wen/snap_wen source/wen.txt 8 0.02 2
Error: Invalid line "% asym unweighted"
read: 178.763771s
loading graph /home/xyin014/graph/wen/snap_wen, root file is source/wen.txt, batch_num is 8, batch_size is 8744348
read: 0.092043s
|E|=437217424
|V|=13593033
streaming total time 43.210140s
|V|=13593033
Intersection Graph Marked: 10.190536s
Root Time: 0.023487
direct hop total time 17.982742s
work sharing total time 2.869083s
CommonGraph total time 2.869083s
Running: build/SSSPbaseline /home/xyin014/graph/wen/snap_wen source/wen.txt 8 0.02 3
Error: Invalid line "% asym unweighted"
read: 178.641404s
loading graph /home/xyin014/graph/wen/snap_wen, root file is source/wen.txt, batch_num is 8, batch_size is 8744348
read: 0.093668s
|E|=437217424
|V|=13593033
Re Computing: 7 1669301 1330381
streaming total time 51.006294s
|V|=13593033
Intersection Graph Marked: 10.704304s
Root Time: 1.632274
direct hop total time 9.969203s
work sharing total time 6.979679s
CommonGraph total time 6.979679s
Running: build/SSSPbaseline /home/xyin014/graph/wen/snap_wen source/wen.txt 8 0.02 4
Error: Invalid line "% asym unweighted"
read: 178.544276s
loading graph /home/xyin014/graph/wen/snap_wen, root file is source/wen.txt, batch_num is 8, batch_size is 8744348
read: 0.091424s
|E|=437217424
|V|=13593033
streaming total time 38.139610s
|V|=13593033
Intersection Graph Marked: 9.868733s
Root Time: 1.506554
direct hop total time 5.896272s
work sharing total time 3.970321s
CommonGraph total time 3.970321s
Running: build/SSSPbaseline /home/xyin014/graph/wen/snap_wen source/wen.txt 8 0.02 5
Error: Invalid line "% asym unweighted"
read: 178.508744s
loading graph /home/xyin014/graph/wen/snap_wen, root file is source/wen.txt, batch_num is 8, batch_size is 8744348
read: 0.091249s
|E|=437217424
|V|=13593033
streaming total time 54.292595s
|V|=13593033
Intersection Graph Marked: 10.215183s
Root Time: 1.547172
direct hop total time 6.186559s
work sharing total time 4.026434s
CommonGraph total time 4.026434s
Running: build/SSSPbaseline /home/xyin014/graph/wen/snap_wen source/wen.txt 8 0.02 6
Error: Invalid line "% asym unweighted"
read: 178.195163s
loading graph /home/xyin014/graph/wen/snap_wen, root file is source/wen.txt, batch_num is 8, batch_size is 8744348
read: 0.092798s
|E|=437217424
|V|=13593033
streaming total time 49.948776s
|V|=13593033
Intersection Graph Marked: 11.391377s
Root Time: 1.532211
direct hop total time 5.875311s
work sharing total time 3.912041s
CommonGraph total time 3.912041s
Running: build/SSSPbaseline /home/xyin014/graph/wen/snap_wen source/wen.txt 8 0.02 7
Error: Invalid line "% asym unweighted"
read: 178.314526s
loading graph /home/xyin014/graph/wen/snap_wen, root file is source/wen.txt, batch_num is 8, batch_size is 8744348
read: 0.091956s
|E|=437217424
|V|=13593033
Re Computing: 6 1565436 521912
streaming total time 56.616688s
|V|=13593033
Intersection Graph Marked: 10.141175s
Root Time: 1.495219
direct hop total time 6.074303s
work sharing total time 4.116362s
CommonGraph total time 4.116362s
Running: build/SSSPbaseline /home/xyin014/graph/wen/snap_wen source/wen.txt 8 0.02 8
Error: Invalid line "% asym unweighted"
read: 179.173934s
loading graph /home/xyin014/graph/wen/snap_wen, root file is source/wen.txt, batch_num is 8, batch_size is 8744348
read: 0.090411s
|E|=437217424
|V|=13593033
streaming total time 44.825176s
|V|=13593033
Intersection Graph Marked: 9.925674s
Root Time: 1.649795
direct hop total time 6.613168s
work sharing total time 4.158032s
CommonGraph total time 4.158032s
Running: build/SSSPbaseline /home/xyin014/graph/wen/snap_wen source/wen.txt 8 0.02 9
Error: Invalid line "% asym unweighted"
read: 178.417608s
loading graph /home/xyin014/graph/wen/snap_wen, root file is source/wen.txt, batch_num is 8, batch_size is 8744348
read: 0.091290s
|E|=437217424
|V|=13593033
streaming total time 53.218662s
|V|=13593033
Intersection Graph Marked: 9.835422s
Root Time: 1.605868
direct hop total time 6.572576s
work sharing total time 4.385220s
CommonGraph total time 4.385220s
Running: build/SSSPbaseline /home/xyin014/graph/wen/snap_wen source/wen.txt 8 0.02 10
Error: Invalid line "% asym unweighted"
read: 178.482265s
loading graph /home/xyin014/graph/wen/snap_wen, root file is source/wen.txt, batch_num is 8, batch_size is 8744348
read: 0.091236s
|E|=437217424
|V|=13593033
Re Computing: 6 1980365 1910530
streaming total time 42.322037s
|V|=13593033
Intersection Graph Marked: 11.370423s
Root Time: 0.009247
direct hop total time 25.298330s
work sharing total time 11.872035s
CommonGraph total time 11.872035s
Running: build/SSSPbaseline /home/xyin014/graph/wen/snap_wen source/wen.txt 8 0.02 11
Error: Invalid line "% asym unweighted"
read: 178.482354s
loading graph /home/xyin014/graph/wen/snap_wen, root file is source/wen.txt, batch_num is 8, batch_size is 8744348
read: 0.093958s
|E|=437217424
|V|=13593033
Re Computing: 7 1230678 981002
streaming total time 46.923473s
|V|=13593033
Intersection Graph Marked: 10.595837s
Root Time: 1.561296
direct hop total time 10.287538s
work sharing total time 8.269024s
CommonGraph total time 8.269024s
Running: build/SSSPbaseline /home/xyin014/graph/wen/snap_wen source/wen.txt 8 0.02 12
Error: Invalid line "% asym unweighted"
read: 179.030195s
loading graph /home/xyin014/graph/wen/snap_wen, root file is source/wen.txt, batch_num is 8, batch_size is 8744348
read: 0.091483s
|E|=437217424
|V|=13593033
streaming total time 47.525555s
|V|=13593033
Intersection Graph Marked: 10.289549s
Root Time: 0.010149
direct hop total time 19.472290s
work sharing total time 3.214005s
CommonGraph total time 3.214005s
Running: build/SSSPbaseline /home/xyin014/graph/wen/snap_wen source/wen.txt 8 0.02 13
Error: Invalid line "% asym unweighted"
read: 178.402107s
loading graph /home/xyin014/graph/wen/snap_wen, root file is source/wen.txt, batch_num is 8, batch_size is 8744348
read: 0.093362s
|E|=437217424
|V|=13593033
streaming total time 51.198437s
|V|=13593033
Intersection Graph Marked: 10.948885s
Root Time: 1.638366
direct hop total time 5.838385s
work sharing total time 3.856966s
CommonGraph total time 3.856966s
Running: build/SSSPbaseline /home/xyin014/graph/wen/snap_wen source/wen.txt 8 0.02 14
Error: Invalid line "% asym unweighted"
read: 178.655581s
loading graph /home/xyin014/graph/wen/snap_wen, root file is source/wen.txt, batch_num is 8, batch_size is 8744348
read: 0.091669s
|E|=437217424
|V|=13593033
streaming total time 50.046432s
|V|=13593033
Intersection Graph Marked: 10.081927s
Root Time: 1.614205
direct hop total time 5.557148s
work sharing total time 3.680547s
CommonGraph total time 3.680547s
Running: build/SSSPbaseline /home/xyin014/graph/wen/snap_wen source/wen.txt 8 0.02 15
Error: Invalid line "% asym unweighted"
read: 178.635834s
loading graph /home/xyin014/graph/wen/snap_wen, root file is source/wen.txt, batch_num is 8, batch_size is 8744348
read: 0.089654s
|E|=437217424
|V|=13593033
streaming total time 59.772488s
|V|=13593033
Intersection Graph Marked: 10.890049s
Root Time: 1.527307
direct hop total time 5.961920s
work sharing total time 3.920753s
CommonGraph total time 3.920753s
Running: build/SSSPbaseline /home/xyin014/graph/wen/snap_wen source/wen.txt 16 0.01 0
Error: Invalid line "% asym unweighted"
read: 179.652876s
loading graph /home/xyin014/graph/wen/snap_wen, root file is source/wen.txt, batch_num is 16, batch_size is 4372174
read: 0.092534s
|E|=437217424
|V|=13593033
streaming total time 47.520420s
|V|=13593033
Intersection Graph Marked: 9.868466s
Root Time: 1.572085
direct hop total time 10.532067s
work sharing total time 6.732462s
CommonGraph total time 6.732462s
Running: build/SSSPbaseline /home/xyin014/graph/wen/snap_wen source/wen.txt 16 0.01 1
Error: Invalid line "% asym unweighted"
read: 178.491722s
loading graph /home/xyin014/graph/wen/snap_wen, root file is source/wen.txt, batch_num is 16, batch_size is 4372174
read: 0.092493s
|E|=437217424
|V|=13593033
Re Computing: 6 1624371 2002717
streaming total time 40.660912s
|V|=13593033
Intersection Graph Marked: 10.204923s
Root Time: 0.009269
direct hop total time 48.287239s
work sharing total time 37.204174s
CommonGraph total time 37.204174s
Running: build/SSSPbaseline /home/xyin014/graph/wen/snap_wen source/wen.txt 16 0.01 2
Error: Invalid line "% asym unweighted"
read: 179.391921s
loading graph /home/xyin014/graph/wen/snap_wen, root file is source/wen.txt, batch_num is 16, batch_size is 4372174
read: 0.089760s
|E|=437217424
|V|=13593033
streaming total time 48.395187s
|V|=13593033
Intersection Graph Marked: 10.316054s
Root Time: 0.056781
direct hop total time 26.564796s
work sharing total time 3.844996s
CommonGraph total time 3.844996s
Running: build/SSSPbaseline /home/xyin014/graph/wen/snap_wen source/wen.txt 16 0.01 3
Error: Invalid line "% asym unweighted"
read: 178.791943s
loading graph /home/xyin014/graph/wen/snap_wen, root file is source/wen.txt, batch_num is 16, batch_size is 4372174
read: 0.092957s
|E|=437217424
|V|=13593033
Re Computing: 7 1319757 1388594
streaming total time 48.708954s
|V|=13593033
Intersection Graph Marked: 9.885913s
Root Time: 1.575401
direct hop total time 18.934710s
work sharing total time 12.484256s
CommonGraph total time 12.484256s
Running: build/SSSPbaseline /home/xyin014/graph/wen/snap_wen source/wen.txt 16 0.01 4
Error: Invalid line "% asym unweighted"
read: 178.516056s
loading graph /home/xyin014/graph/wen/snap_wen, root file is source/wen.txt, batch_num is 16, batch_size is 4372174
read: 0.091735s
|E|=437217424
|V|=13593033
streaming total time 54.975929s
|V|=13593033
Intersection Graph Marked: 10.266588s
Root Time: 1.475371
direct hop total time 11.165215s
work sharing total time 6.897260s
CommonGraph total time 6.897260s
Running: build/SSSPbaseline /home/xyin014/graph/wen/snap_wen source/wen.txt 16 0.01 5
Error: Invalid line "% asym unweighted"
read: 178.530132s
loading graph /home/xyin014/graph/wen/snap_wen, root file is source/wen.txt, batch_num is 16, batch_size is 4372174
read: 0.092224s
|E|=437217424
|V|=13593033
streaming total time 40.892315s
|V|=13593033
Intersection Graph Marked: 10.652798s
Root Time: 1.540530
direct hop total time 10.929136s
work sharing total time 6.837043s
CommonGraph total time 6.837043s
Running: build/SSSPbaseline /home/xyin014/graph/wen/snap_wen source/wen.txt 16 0.01 6
Error: Invalid line "% asym unweighted"
read: 178.685781s
loading graph /home/xyin014/graph/wen/snap_wen, root file is source/wen.txt, batch_num is 16, batch_size is 4372174
read: 0.091966s
|E|=437217424
|V|=13593033
streaming total time 46.886982s
|V|=13593033
Intersection Graph Marked: 9.839521s
Root Time: 1.652219
direct hop total time 10.655632s
work sharing total time 6.955168s
CommonGraph total time 6.955168s
Running: build/SSSPbaseline /home/xyin014/graph/wen/snap_wen source/wen.txt 16 0.01 7
Error: Invalid line "% asym unweighted"
read: 178.629463s
loading graph /home/xyin014/graph/wen/snap_wen, root file is source/wen.txt, batch_num is 16, batch_size is 4372174
read: 0.092348s
|E|=437217424
|V|=13593033
Re Computing: 7 1934525 321013
streaming total time 48.745651s
|V|=13593033
Intersection Graph Marked: 9.667407s
Root Time: 1.499958
direct hop total time 10.861689s
work sharing total time 7.004758s
CommonGraph total time 7.004758s
Running: build/SSSPbaseline /home/xyin014/graph/wen/snap_wen source/wen.txt 16 0.01 8
Error: Invalid line "% asym unweighted"
read: 182.024382s
loading graph /home/xyin014/graph/wen/snap_wen, root file is source/wen.txt, batch_num is 16, batch_size is 4372174
read: 0.090206s
|E|=437217424
|V|=13593033
streaming total time 55.207161s
|V|=13593033
Intersection Graph Marked: 9.482142s
Root Time: 1.737895
direct hop total time 11.857022s
work sharing total time 6.907830s
CommonGraph total time 6.907830s
Running: build/SSSPbaseline /home/xyin014/graph/wen/snap_wen source/wen.txt 16 0.01 9
Error: Invalid line "% asym unweighted"
read: 178.613503s
loading graph /home/xyin014/graph/wen/snap_wen, root file is source/wen.txt, batch_num is 16, batch_size is 4372174
read: 0.088963s
|E|=437217424
|V|=13593033
streaming total time 54.966019s
|V|=13593033
Intersection Graph Marked: 9.978322s
Root Time: 1.676910
direct hop total time 11.860249s
work sharing total time 7.522420s
CommonGraph total time 7.522420s
Running: build/SSSPbaseline /home/xyin014/graph/wen/snap_wen source/wen.txt 16 0.01 10
Error: Invalid line "% asym unweighted"
read: 178.476128s
loading graph /home/xyin014/graph/wen/snap_wen, root file is source/wen.txt, batch_num is 16, batch_size is 4372174
read: 0.091184s
|E|=437217424
|V|=13593033
Re Computing: 6 1582371 1983391
streaming total time 46.605606s
|V|=13593033
Intersection Graph Marked: 10.969869s
Root Time: 0.058563
direct hop total time 39.358009s
work sharing total time 25.342600s
CommonGraph total time 25.342600s
Running: build/SSSPbaseline /home/xyin014/graph/wen/snap_wen source/wen.txt 16 0.01 11
Error: Invalid line "% asym unweighted"
read: 178.577762s
loading graph /home/xyin014/graph/wen/snap_wen, root file is source/wen.txt, batch_num is 16, batch_size is 4372174
read: 0.093369s
|E|=437217424
|V|=13593033
Re Computing: 8 1781454 1941073
streaming total time 52.226097s
|V|=13593033
Intersection Graph Marked: 10.577697s
Root Time: 1.489071
direct hop total time 19.904938s
work sharing total time 15.492559s
CommonGraph total time 15.492559s
Running: build/SSSPbaseline /home/xyin014/graph/wen/snap_wen source/wen.txt 16 0.01 12
Error: Invalid line "% asym unweighted"
read: 178.598502s
loading graph /home/xyin014/graph/wen/snap_wen, root file is source/wen.txt, batch_num is 16, batch_size is 4372174
read: 0.091123s
|E|=437217424
|V|=13593033
streaming total time 42.269554s
|V|=13593033
Intersection Graph Marked: 9.254890s
Root Time: 0.032841
direct hop total time 29.696732s
work sharing total time 4.724222s
CommonGraph total time 4.724222s
Running: build/SSSPbaseline /home/xyin014/graph/wen/snap_wen source/wen.txt 16 0.01 13
Error: Invalid line "% asym unweighted"
read: 178.577696s
loading graph /home/xyin014/graph/wen/snap_wen, root file is source/wen.txt, batch_num is 16, batch_size is 4372174
read: 0.090990s
|E|=437217424
|V|=13593033
streaming total time 51.726746s
|V|=13593033
Intersection Graph Marked: 10.277693s
Root Time: 1.641190
direct hop total time 10.685357s
work sharing total time 6.612325s
CommonGraph total time 6.612325s
Running: build/SSSPbaseline /home/xyin014/graph/wen/snap_wen source/wen.txt 16 0.01 14
Error: Invalid line "% asym unweighted"
read: 178.462071s
loading graph /home/xyin014/graph/wen/snap_wen, root file is source/wen.txt, batch_num is 16, batch_size is 4372174
read: 0.092667s
|E|=437217424
|V|=13593033
streaming total time 49.340771s
|V|=13593033
Intersection Graph Marked: 10.677743s
Root Time: 1.745043
direct hop total time 10.475821s
work sharing total time 6.814883s
CommonGraph total time 6.814883s
Running: build/SSSPbaseline /home/xyin014/graph/wen/snap_wen source/wen.txt 16 0.01 15
Error: Invalid line "% asym unweighted"
read: 178.445429s
loading graph /home/xyin014/graph/wen/snap_wen, root file is source/wen.txt, batch_num is 16, batch_size is 4372174
read: 0.089011s
|E|=437217424
|V|=13593033
streaming total time 51.580345s
|V|=13593033
Intersection Graph Marked: 10.589892s
Root Time: 1.511610
direct hop total time 10.539645s
work sharing total time 6.627395s
CommonGraph total time 6.627395s
Running: build/SSSPbaseline /home/xyin014/graph/wen/snap_wen source/wen.txt 32 0.005 0
Error: Invalid line "% asym unweighted"
read: 178.524780s
loading graph /home/xyin014/graph/wen/snap_wen, root file is source/wen.txt, batch_num is 32, batch_size is 2186087
read: 0.090558s
|E|=437217424
|V|=13593033
streaming total time 56.031700s
|V|=13593033
Intersection Graph Marked: 10.537858s
Root Time: 1.608790
direct hop total time 21.134396s
work sharing total time 13.080118s
CommonGraph total time 13.080118s
Running: build/SSSPbaseline /home/xyin014/graph/wen/snap_wen source/wen.txt 32 0.005 1
Error: Invalid line "% asym unweighted"
read: 179.531207s
loading graph /home/xyin014/graph/wen/snap_wen, root file is source/wen.txt, batch_num is 32, batch_size is 2186087
read: 0.091247s
|E|=437217424
|V|=13593033
Re Computing: 6 1485821 2023303
streaming total time 51.316086s
|V|=13593033
Intersection Graph Marked: 10.249887s
Root Time: 0.018073
direct hop total time 110.825935s
work sharing total time 69.971169s
CommonGraph total time 69.971169s
Running: build/SSSPbaseline /home/xyin014/graph/wen/snap_wen source/wen.txt 32 0.005 2
Error: Invalid line "% asym unweighted"
read: 178.969335s
loading graph /home/xyin014/graph/wen/snap_wen, root file is source/wen.txt, batch_num is 32, batch_size is 2186087
read: 0.108148s
|E|=437217424
|V|=13593033
streaming total time 40.941925s
|V|=13593033
Intersection Graph Marked: 10.927532s
Root Time: 0.009350
direct hop total time 50.259136s
work sharing total time 6.547913s
CommonGraph total time 6.547913s
Running: build/SSSPbaseline /home/xyin014/graph/wen/snap_wen source/wen.txt 32 0.005 3
Error: Invalid line "% asym unweighted"
read: 180.455781s
loading graph /home/xyin014/graph/wen/snap_wen, root file is source/wen.txt, batch_num is 32, batch_size is 2186087
read: 0.093830s
|E|=437217424
|V|=13593033
Re Computing: 7 1185536 1406422
streaming total time 43.329502s
|V|=13593033
Intersection Graph Marked: 10.372895s
Root Time: 1.753182
direct hop total time 36.936573s
work sharing total time 23.797331s
CommonGraph total time 23.797331s
Running: build/SSSPbaseline /home/xyin014/graph/wen/snap_wen source/wen.txt 32 0.005 4
Error: Invalid line "% asym unweighted"
read: 178.434972s
loading graph /home/xyin014/graph/wen/snap_wen, root file is source/wen.txt, batch_num is 32, batch_size is 2186087
read: 0.094595s
|E|=437217424
|V|=13593033
streaming total time 49.180336s
|V|=13593033
Intersection Graph Marked: 10.761712s
Root Time: 1.478832
direct hop total time 21.722322s
work sharing total time 13.398077s
CommonGraph total time 13.398077s
Running: build/SSSPbaseline /home/xyin014/graph/wen/snap_wen source/wen.txt 32 0.005 5
Error: Invalid line "% asym unweighted"
read: 178.751099s
loading graph /home/xyin014/graph/wen/snap_wen, root file is source/wen.txt, batch_num is 32, batch_size is 2186087
read: 0.091584s
|E|=437217424
|V|=13593033
streaming total time 50.320293s
|V|=13593033
Intersection Graph Marked: 9.558993s
Root Time: 1.549884
direct hop total time 22.492901s
work sharing total time 12.722472s
CommonGraph total time 12.722472s
Running: build/SSSPbaseline /home/xyin014/graph/wen/snap_wen source/wen.txt 32 0.005 6
Error: Invalid line "% asym unweighted"
read: 179.468647s
loading graph /home/xyin014/graph/wen/snap_wen, root file is source/wen.txt, batch_num is 32, batch_size is 2186087
read: 0.094479s
|E|=437217424
|V|=13593033
streaming total time 49.430359s
|V|=13593033
Intersection Graph Marked: 9.867986s
Root Time: 1.522941
direct hop total time 20.809694s
work sharing total time 12.596236s
CommonGraph total time 12.596236s
Running: build/SSSPbaseline /home/xyin014/graph/wen/snap_wen source/wen.txt 32 0.005 7
Error: Invalid line "% asym unweighted"
read: 178.581252s
loading graph /home/xyin014/graph/wen/snap_wen, root file is source/wen.txt, batch_num is 32, batch_size is 2186087
read: 0.092045s
|E|=437217424
|V|=13593033
Re Computing: 7 1837934 337127
streaming total time 47.656994s
|V|=13593033
Intersection Graph Marked: 10.176584s
Root Time: 1.505580
direct hop total time 21.951967s
work sharing total time 13.295171s
CommonGraph total time 13.295171s
Running: build/SSSPbaseline /home/xyin014/graph/wen/snap_wen source/wen.txt 32 0.005 8
Error: Invalid line "% asym unweighted"
read: 179.332427s
loading graph /home/xyin014/graph/wen/snap_wen, root file is source/wen.txt, batch_num is 32, batch_size is 2186087
read: 0.091010s
|E|=437217424
|V|=13593033
streaming total time 45.621170s
|V|=13593033
Intersection Graph Marked: 10.077223s
Root Time: 1.625532
direct hop total time 22.305214s
work sharing total time 12.646092s
CommonGraph total time 12.646092s
Running: build/SSSPbaseline /home/xyin014/graph/wen/snap_wen source/wen.txt 32 0.005 9
Error: Invalid line "% asym unweighted"
read: 178.417051s
loading graph /home/xyin014/graph/wen/snap_wen, root file is source/wen.txt, batch_num is 32, batch_size is 2186087
read: 0.090997s
|E|=437217424
|V|=13593033
streaming total time 43.196033s
|V|=13593033
Intersection Graph Marked: 10.662566s
Root Time: 1.628607
direct hop total time 23.827379s
work sharing total time 15.037005s
CommonGraph total time 15.037005s
Running: build/SSSPbaseline /home/xyin014/graph/wen/snap_wen source/wen.txt 32 0.005 10
Error: Invalid line "% asym unweighted"
read: 178.387240s
loading graph /home/xyin014/graph/wen/snap_wen, root file is source/wen.txt, batch_num is 32, batch_size is 2186087
read: 0.093090s
|E|=437217424
|V|=13593033
Re Computing: 6 1397340 2017772
streaming total time 38.629807s
|V|=13593033
Intersection Graph Marked: 10.519046s
Root Time: 0.059588
direct hop total time 76.873177s
work sharing total time 59.869736s
CommonGraph total time 59.869736s
Running: build/SSSPbaseline /home/xyin014/graph/wen/snap_wen source/wen.txt 32 0.005 11
Error: Invalid line "% asym unweighted"
read: 178.835682s
loading graph /home/xyin014/graph/wen/snap_wen, root file is source/wen.txt, batch_num is 32, batch_size is 2186087
read: 0.089901s
|E|=437217424
|V|=13593033
Re Computing: 8 1514169 2011103
streaming total time 41.015884s
|V|=13593033
Intersection Graph Marked: 10.008726s
Root Time: 1.632868
direct hop total time 37.701588s
work sharing total time 29.146858s
CommonGraph total time 29.146858s
Running: build/SSSPbaseline /home/xyin014/graph/wen/snap_wen source/wen.txt 32 0.005 12
Error: Invalid line "% asym unweighted"
read: 178.443701s
loading graph /home/xyin014/graph/wen/snap_wen, root file is source/wen.txt, batch_num is 32, batch_size is 2186087
read: 0.092830s
|E|=437217424
|V|=13593033
streaming total time 48.496639s
|V|=13593033
Intersection Graph Marked: 10.456181s
Root Time: 0.009564
direct hop total time 46.336079s
work sharing total time 6.642626s
CommonGraph total time 6.642626s
Running: build/SSSPbaseline /home/xyin014/graph/wen/snap_wen source/wen.txt 32 0.005 13
Error: Invalid line "% asym unweighted"
read: 178.621787s
loading graph /home/xyin014/graph/wen/snap_wen, root file is source/wen.txt, batch_num is 32, batch_size is 2186087
read: 0.091986s
|E|=437217424
|V|=13593033
streaming total time 40.400700s
|V|=13593033
Intersection Graph Marked: 10.180749s
Root Time: 1.820840
direct hop total time 21.244471s
work sharing total time 12.520974s
CommonGraph total time 12.520974s
Running: build/SSSPbaseline /home/xyin014/graph/wen/snap_wen source/wen.txt 32 0.005 14
Error: Invalid line "% asym unweighted"
read: 178.331004s
loading graph /home/xyin014/graph/wen/snap_wen, root file is source/wen.txt, batch_num is 32, batch_size is 2186087
read: 0.092188s
|E|=437217424
|V|=13593033
streaming total time 51.677959s
|V|=13593033
Intersection Graph Marked: 9.333168s
Root Time: 1.571515
direct hop total time 21.396858s
work sharing total time 13.177925s
CommonGraph total time 13.177925s
Running: build/SSSPbaseline /home/xyin014/graph/wen/snap_wen source/wen.txt 32 0.005 15
Error: Invalid line "% asym unweighted"
read: 178.315561s
loading graph /home/xyin014/graph/wen/snap_wen, root file is source/wen.txt, batch_num is 32, batch_size is 2186087
read: 0.088755s
|E|=437217424
|V|=13593033
streaming total time 40.722542s
|V|=13593033
Intersection Graph Marked: 9.088557s
Root Time: 1.559145
direct hop total time 20.568611s
work sharing total time 12.140323s
CommonGraph total time 12.140323s
Running: build/SSSPbaseline /home/xyin014/graph/wen/snap_wen source/wen.txt 64 0.0025 0
Error: Invalid line "% asym unweighted"
read: 179.173893s
loading graph /home/xyin014/graph/wen/snap_wen, root file is source/wen.txt, batch_num is 64, batch_size is 1093043
read: 0.090083s
|E|=437217424
|V|=13593033
streaming total time 50.980232s
|V|=13593033
Intersection Graph Marked: 10.208887s
Root Time: 1.564100
direct hop total time 41.831047s
work sharing total time 25.879793s
CommonGraph total time 25.879793s
Running: build/SSSPbaseline /home/xyin014/graph/wen/snap_wen source/wen.txt 64 0.0025 1
Error: Invalid line "% asym unweighted"
read: 178.322066s
loading graph /home/xyin014/graph/wen/snap_wen, root file is source/wen.txt, batch_num is 64, batch_size is 1093043
read: 0.091239s
|E|=437217424
|V|=13593033
Re Computing: 6 1406844 2037065
streaming total time 43.517433s
|V|=13593033
Intersection Graph Marked: 10.385876s
Root Time: 0.059185
direct hop total time 234.313736s
work sharing total time 138.862198s
CommonGraph total time 138.862198s
Running: build/SSSPbaseline /home/xyin014/graph/wen/snap_wen source/wen.txt 64 0.0025 2
Error: Invalid line "% asym unweighted"
read: 178.654584s
loading graph /home/xyin014/graph/wen/snap_wen, root file is source/wen.txt, batch_num is 64, batch_size is 1093043
read: 0.091337s
|E|=437217424
|V|=13593033
streaming total time 35.984295s
|V|=13593033
Intersection Graph Marked: 10.312135s
Root Time: 0.009323
direct hop total time 70.158768s
work sharing total time 11.037059s
CommonGraph total time 11.037059s
Running: build/SSSPbaseline /home/xyin014/graph/wen/snap_wen source/wen.txt 64 0.0025 3
Error: Invalid line "% asym unweighted"
read: 178.677949s
loading graph /home/xyin014/graph/wen/snap_wen, root file is source/wen.txt, batch_num is 64, batch_size is 1093043
read: 0.093688s
|E|=437217424
|V|=13593033
Re Computing: 7 1094696 1413806
streaming total time 58.992508s
|V|=13593033
Intersection Graph Marked: 8.566644s
Root Time: 1.600850
direct hop total time 71.078484s
work sharing total time 46.219921s
CommonGraph total time 46.219921s
Running: build/SSSPbaseline /home/xyin014/graph/wen/snap_wen source/wen.txt 64 0.0025 4
Error: Invalid line "% asym unweighted"
read: 178.693786s
loading graph /home/xyin014/graph/wen/snap_wen, root file is source/wen.txt, batch_num is 64, batch_size is 1093043
read: 0.090027s
|E|=437217424
|V|=13593033
streaming total time 57.775745s
|V|=13593033
Intersection Graph Marked: 9.718219s
Root Time: 1.489427
direct hop total time 44.685997s
work sharing total time 27.027328s
CommonGraph total time 27.027328s
Running: build/SSSPbaseline /home/xyin014/graph/wen/snap_wen source/wen.txt 64 0.0025 5
Error: Invalid line "% asym unweighted"
read: 178.809568s
loading graph /home/xyin014/graph/wen/snap_wen, root file is source/wen.txt, batch_num is 64, batch_size is 1093043
read: 0.093503s
|E|=437217424
|V|=13593033
streaming total time 40.583099s
|V|=13593033
Intersection Graph Marked: 9.908264s
Root Time: 1.568896
direct hop total time 42.295921s
work sharing total time 25.055540s
CommonGraph total time 25.055540s
Running: build/SSSPbaseline /home/xyin014/graph/wen/snap_wen source/wen.txt 64 0.0025 6
Error: Invalid line "% asym unweighted"
read: 179.003677s
loading graph /home/xyin014/graph/wen/snap_wen, root file is source/wen.txt, batch_num is 64, batch_size is 1093043
read: 0.090159s
|E|=437217424
|V|=13593033
streaming total time 48.138489s
|V|=13593033
Intersection Graph Marked: 10.479124s
Root Time: 1.556413
direct hop total time 39.998703s
work sharing total time 25.094879s
CommonGraph total time 25.094879s
Running: build/SSSPbaseline /home/xyin014/graph/wen/snap_wen source/wen.txt 64 0.0025 7
Error: Invalid line "% asym unweighted"
read: 178.213522s
loading graph /home/xyin014/graph/wen/snap_wen, root file is source/wen.txt, batch_num is 64, batch_size is 1093043
read: 0.093307s
|E|=437217424
|V|=13593033
Re Computing: 7 1794566 342360
streaming total time 45.145519s
|V|=13593033
Intersection Graph Marked: 10.326018s
Root Time: 1.496548
direct hop total time 42.468727s
work sharing total time 26.170393s
CommonGraph total time 26.170393s
Running: build/SSSPbaseline /home/xyin014/graph/wen/snap_wen source/wen.txt 64 0.0025 8
Error: Invalid line "% asym unweighted"
read: 178.688355s
loading graph /home/xyin014/graph/wen/snap_wen, root file is source/wen.txt, batch_num is 64, batch_size is 1093043
read: 0.093229s
|E|=437217424
|V|=13593033
streaming total time 45.993851s
|V|=13593033
Intersection Graph Marked: 10.746627s
Root Time: 1.619814
direct hop total time 48.068958s
work sharing total time 25.483818s
CommonGraph total time 25.483818s
Running: build/SSSPbaseline /home/xyin014/graph/wen/snap_wen source/wen.txt 64 0.0025 9
Error: Invalid line "% asym unweighted"
read: 178.686277s
loading graph /home/xyin014/graph/wen/snap_wen, root file is source/wen.txt, batch_num is 64, batch_size is 1093043
read: 0.089071s
|E|=437217424
|V|=13593033
streaming total time 47.189854s
|V|=13593033
Intersection Graph Marked: 10.376078s
Root Time: 1.607780
direct hop total time 46.286484s
work sharing total time 28.757669s
CommonGraph total time 28.757669s
Running: build/SSSPbaseline /home/xyin014/graph/wen/snap_wen source/wen.txt 64 0.0025 10
Error: Invalid line "% asym unweighted"
read: 178.211357s
loading graph /home/xyin014/graph/wen/snap_wen, root file is source/wen.txt, batch_num is 64, batch_size is 1093043
read: 0.091306s
|E|=437217424
|V|=13593033
Re Computing: 6 1320674 2030532
streaming total time 31.937153s
|V|=13593033
Intersection Graph Marked: 9.830499s
Root Time: 0.058647
direct hop total time 150.972183s
work sharing total time 96.892464s
CommonGraph total time 96.892464s
Running: build/SSSPbaseline /home/xyin014/graph/wen/snap_wen source/wen.txt 64 0.0025 11
Error: Invalid line "% asym unweighted"
read: 178.597197s
loading graph /home/xyin014/graph/wen/snap_wen, root file is source/wen.txt, batch_num is 64, batch_size is 1093043
read: 0.097745s
|E|=437217424
|V|=13593033
Re Computing: 8 1419784 2033458
streaming total time 56.754917s
|V|=13593033
Intersection Graph Marked: 10.070584s
Root Time: 1.482287
direct hop total time 82.767944s
work sharing total time 61.567421s
CommonGraph total time 61.567421s
Running: build/SSSPbaseline /home/xyin014/graph/wen/snap_wen source/wen.txt 64 0.0025 12
Error: Invalid line "% asym unweighted"
read: 178.467321s
loading graph /home/xyin014/graph/wen/snap_wen, root file is source/wen.txt, batch_num is 64, batch_size is 1093043
read: 0.090484s
|E|=437217424
|V|=13593033
streaming total time 38.348961s
|V|=13593033
Intersection Graph Marked: 10.515437s
Root Time: 0.059621
direct hop total time 60.688293s
work sharing total time 12.033322s
CommonGraph total time 12.033322s
Running: build/SSSPbaseline /home/xyin014/graph/wen/snap_wen source/wen.txt 64 0.0025 13
Error: Invalid line "% asym unweighted"
read: 178.866124s
loading graph /home/xyin014/graph/wen/snap_wen, root file is source/wen.txt, batch_num is 64, batch_size is 1093043
read: 0.104165s
|E|=437217424
|V|=13593033
streaming total time 45.925671s
|V|=13593033
Intersection Graph Marked: 9.302465s
Root Time: 1.815858
direct hop total time 41.502731s
work sharing total time 25.550299s
CommonGraph total time 25.550299s
Running: build/SSSPbaseline /home/xyin014/graph/wen/snap_wen source/wen.txt 64 0.0025 14
Error: Invalid line "% asym unweighted"
read: 178.581236s
loading graph /home/xyin014/graph/wen/snap_wen, root file is source/wen.txt, batch_num is 64, batch_size is 1093043
read: 0.091630s
|E|=437217424
|V|=13593033
streaming total time 49.671429s
|V|=13593033
Intersection Graph Marked: 9.696757s
Root Time: 1.577959
direct hop total time 42.493000s
work sharing total time 25.903246s
CommonGraph total time 25.903246s
Running: build/SSSPbaseline /home/xyin014/graph/wen/snap_wen source/wen.txt 64 0.0025 15
Error: Invalid line "% asym unweighted"
read: 178.307386s
loading graph /home/xyin014/graph/wen/snap_wen, root file is source/wen.txt, batch_num is 64, batch_size is 1093043
read: 0.090482s
|E|=437217424
|V|=13593033
streaming total time 42.382980s
|V|=13593033
Intersection Graph Marked: 10.472504s
Root Time: 1.501227
direct hop total time 40.964264s
work sharing total time 25.576019s
CommonGraph total time 25.576019s
Running: build/SSSPbaseline /home/xyin014/graph/dl/snap_dl source/dl_src.txt 8 0.02 0
Error: Invalid line "% asym positive"
Error: Invalid line "% 172308906 18268992 18268992"
read: 74.015095s
loading graph /home/xyin014/graph/dl/snap_dl, root file is source/dl_src.txt, batch_num is 8, batch_size is 3443679
read: 0.071306s
|E|=172183984
|V|=18268993
streaming total time 18.380417s
|V|=18268993
Intersection Graph Marked: 5.098148s
Root Time: 0.708428
direct hop total time 6.239094s
work sharing total time 4.010824s
CommonGraph total time 4.010824s
Running: build/SSSPbaseline /home/xyin014/graph/dl/snap_dl source/dl_src.txt 8 0.02 1
Error: Invalid line "% asym positive"
Error: Invalid line "% 172308906 18268992 18268992"
read: 73.250150s
loading graph /home/xyin014/graph/dl/snap_dl, root file is source/dl_src.txt, batch_num is 8, batch_size is 3443679
read: 0.069334s
|E|=172183984
|V|=18268993
streaming total time 21.374193s
|V|=18268993
Intersection Graph Marked: 5.131106s
Root Time: 0.804482
direct hop total time 5.578339s
work sharing total time 3.678236s
CommonGraph total time 3.678236s
Running: build/SSSPbaseline /home/xyin014/graph/dl/snap_dl source/dl_src.txt 8 0.02 2
Error: Invalid line "% asym positive"
Error: Invalid line "% 172308906 18268992 18268992"
read: 73.047264s
loading graph /home/xyin014/graph/dl/snap_dl, root file is source/dl_src.txt, batch_num is 8, batch_size is 3443679
read: 0.076884s
|E|=172183984
|V|=18268993
streaming total time 12.911852s
|V|=18268993
Intersection Graph Marked: 5.277179s
Root Time: 0.012568
direct hop total time 0.354282s
work sharing total time 0.225265s
CommonGraph total time 0.225265s
Running: build/SSSPbaseline /home/xyin014/graph/dl/snap_dl source/dl_src.txt 8 0.02 3
Error: Invalid line "% asym positive"
Error: Invalid line "% 172308906 18268992 18268992"
read: 73.127058s
loading graph /home/xyin014/graph/dl/snap_dl, root file is source/dl_src.txt, batch_num is 8, batch_size is 3443679
read: 0.071806s
|E|=172183984
|V|=18268993
streaming total time 19.788767s
|V|=18268993
Intersection Graph Marked: 5.655187s
Root Time: 0.059893
direct hop total time 0.334497s
work sharing total time 0.307471s
CommonGraph total time 0.307471s
Running: build/SSSPbaseline /home/xyin014/graph/dl/snap_dl source/dl_src.txt 8 0.02 4
Error: Invalid line "% asym positive"
Error: Invalid line "% 172308906 18268992 18268992"
read: 73.252301s
loading graph /home/xyin014/graph/dl/snap_dl, root file is source/dl_src.txt, batch_num is 8, batch_size is 3443679
read: 0.075263s
|E|=172183984
|V|=18268993
streaming total time 13.752510s
|V|=18268993
Intersection Graph Marked: 6.464894s
Root Time: 0.018983
direct hop total time 0.336405s
work sharing total time 0.228581s
CommonGraph total time 0.228581s
Running: build/SSSPbaseline /home/xyin014/graph/dl/snap_dl source/dl_src.txt 8 0.02 5
Error: Invalid line "% asym positive"
Error: Invalid line "% 172308906 18268992 18268992"
read: 73.343012s
loading graph /home/xyin014/graph/dl/snap_dl, root file is source/dl_src.txt, batch_num is 8, batch_size is 3443679
read: 0.068149s
|E|=172183984
|V|=18268993
streaming total time 20.841253s
|V|=18268993
Intersection Graph Marked: 4.598653s
Root Time: 0.824065
direct hop total time 6.612465s
work sharing total time 4.080774s
CommonGraph total time 4.080774s
Running: build/SSSPbaseline /home/xyin014/graph/dl/snap_dl source/dl_src.txt 8 0.02 6
Error: Invalid line "% asym positive"
Error: Invalid line "% 172308906 18268992 18268992"
read: 73.238010s
loading graph /home/xyin014/graph/dl/snap_dl, root file is source/dl_src.txt, batch_num is 8, batch_size is 3443679
read: 0.069143s
|E|=172183984
|V|=18268993
streaming total time 21.438162s
|V|=18268993
Intersection Graph Marked: 6.089415s
Root Time: 0.715349
direct hop total time 6.718124s
work sharing total time 4.337684s
CommonGraph total time 4.337684s
Running: build/SSSPbaseline /home/xyin014/graph/dl/snap_dl source/dl_src.txt 8 0.02 7
Error: Invalid line "% asym positive"
Error: Invalid line "% 172308906 18268992 18268992"
read: 73.472418s
loading graph /home/xyin014/graph/dl/snap_dl, root file is source/dl_src.txt, batch_num is 8, batch_size is 3443679
read: 0.074111s
|E|=172183984
|V|=18268993
streaming total time 19.620729s
|V|=18268993
Intersection Graph Marked: 5.172118s
Root Time: 0.798671
direct hop total time 7.031980s
work sharing total time 3.949402s
CommonGraph total time 3.949402s
Running: build/SSSPbaseline /home/xyin014/graph/dl/snap_dl source/dl_src.txt 8 0.02 8
Error: Invalid line "% asym positive"
Error: Invalid line "% 172308906 18268992 18268992"
read: 73.265229s
loading graph /home/xyin014/graph/dl/snap_dl, root file is source/dl_src.txt, batch_num is 8, batch_size is 3443679
read: 0.075637s
|E|=172183984
|V|=18268993
streaming total time 25.251305s
|V|=18268993
Intersection Graph Marked: 5.103025s
Root Time: 0.619832
direct hop total time 5.772520s
work sharing total time 3.870296s
CommonGraph total time 3.870296s
Running: build/SSSPbaseline /home/xyin014/graph/dl/snap_dl source/dl_src.txt 8 0.02 9
Error: Invalid line "% asym positive"
Error: Invalid line "% 172308906 18268992 18268992"
read: 73.180109s
loading graph /home/xyin014/graph/dl/snap_dl, root file is source/dl_src.txt, batch_num is 8, batch_size is 3443679
read: 0.075780s
|E|=172183984
|V|=18268993
streaming total time 21.928007s
|V|=18268993
Intersection Graph Marked: 4.789175s
Root Time: 0.698449
direct hop total time 5.438336s
work sharing total time 3.598138s
CommonGraph total time 3.598138s
Running: build/SSSPbaseline /home/xyin014/graph/dl/snap_dl source/dl_src.txt 8 0.02 10
Error: Invalid line "% asym positive"
Error: Invalid line "% 172308906 18268992 18268992"
read: 73.154703s
loading graph /home/xyin014/graph/dl/snap_dl, root file is source/dl_src.txt, batch_num is 8, batch_size is 3443679
read: 0.074822s
|E|=172183984
|V|=18268993
streaming total time 14.458528s
|V|=18268993
Intersection Graph Marked: 5.219079s
Root Time: 0.024700
direct hop total time 0.335022s
work sharing total time 0.281315s
CommonGraph total time 0.281315s
Running: build/SSSPbaseline /home/xyin014/graph/dl/snap_dl source/dl_src.txt 8 0.02 11
Error: Invalid line "% asym positive"
Error: Invalid line "% 172308906 18268992 18268992"
read: 73.156995s
loading graph /home/xyin014/graph/dl/snap_dl, root file is source/dl_src.txt, batch_num is 8, batch_size is 3443679
read: 0.077094s
|E|=172183984
|V|=18268993
streaming total time 14.039065s
|V|=18268993
Intersection Graph Marked: 8.185500s
Root Time: 0.055994
direct hop total time 0.416683s
work sharing total time 0.339801s
CommonGraph total time 0.339801s
Running: build/SSSPbaseline /home/xyin014/graph/dl/snap_dl source/dl_src.txt 8 0.02 12
Error: Invalid line "% asym positive"
Error: Invalid line "% 172308906 18268992 18268992"
read: 73.232976s
loading graph /home/xyin014/graph/dl/snap_dl, root file is source/dl_src.txt, batch_num is 8, batch_size is 3443679
read: 0.069181s
|E|=172183984
|V|=18268993
streaming total time 17.840921s
|V|=18268993
Intersection Graph Marked: 6.971176s
Root Time: 0.696800
direct hop total time 6.203994s
work sharing total time 4.027237s
CommonGraph total time 4.027237s
Running: build/SSSPbaseline /home/xyin014/graph/dl/snap_dl source/dl_src.txt 8 0.02 13
Error: Invalid line "% asym positive"
Error: Invalid line "% 172308906 18268992 18268992"
read: 74.287992s
loading graph /home/xyin014/graph/dl/snap_dl, root file is source/dl_src.txt, batch_num is 8, batch_size is 3443679
read: 0.071109s
|E|=172183984
|V|=18268993
Re Computing: 7 1960803 1713242
streaming total time 20.720539s
|V|=18268993
Intersection Graph Marked: 5.601937s
Root Time: 0.021902
direct hop total time 4.098900s
work sharing total time 3.953758s
CommonGraph total time 3.953758s
Running: build/SSSPbaseline /home/xyin014/graph/dl/snap_dl source/dl_src.txt 8 0.02 14
Error: Invalid line "% asym positive"
Error: Invalid line "% 172308906 18268992 18268992"
read: 73.264105s
loading graph /home/xyin014/graph/dl/snap_dl, root file is source/dl_src.txt, batch_num is 8, batch_size is 3443679
read: 0.073931s
|E|=172183984
|V|=18268993
streaming total time 19.090521s
|V|=18268993
Intersection Graph Marked: 5.367793s
Root Time: 0.018259
direct hop total time 0.333882s
work sharing total time 0.332780s
CommonGraph total time 0.332780s
Running: build/SSSPbaseline /home/xyin014/graph/dl/snap_dl source/dl_src.txt 8 0.02 15
Error: Invalid line "% asym positive"
Error: Invalid line "% 172308906 18268992 18268992"
read: 73.153186s
loading graph /home/xyin014/graph/dl/snap_dl, root file is source/dl_src.txt, batch_num is 8, batch_size is 3443679
read: 0.073043s
|E|=172183984
|V|=18268993
streaming total time 16.975979s
|V|=18268993
Intersection Graph Marked: 5.706472s
Root Time: 0.019779
direct hop total time 0.343505s
work sharing total time 0.245919s
CommonGraph total time 0.245919s
Running: build/SSSPbaseline /home/xyin014/graph/dl/snap_dl source/dl_src.txt 16 0.01 0
Error: Invalid line "% asym positive"
Error: Invalid line "% 172308906 18268992 18268992"
read: 73.077622s
loading graph /home/xyin014/graph/dl/snap_dl, root file is source/dl_src.txt, batch_num is 16, batch_size is 1721839
read: 0.070619s
|E|=172183984
|V|=18268993
streaming total time 19.720814s
|V|=18268993
Intersection Graph Marked: 5.976823s
Root Time: 0.725580
direct hop total time 10.098634s
work sharing total time 6.425688s
CommonGraph total time 6.425688s
Running: build/SSSPbaseline /home/xyin014/graph/dl/snap_dl source/dl_src.txt 16 0.01 1
Error: Invalid line "% asym positive"
Error: Invalid line "% 172308906 18268992 18268992"
read: 73.155689s
loading graph /home/xyin014/graph/dl/snap_dl, root file is source/dl_src.txt, batch_num is 16, batch_size is 1721839
read: 0.070969s
|E|=172183984
|V|=18268993
streaming total time 19.983347s
|V|=18268993
Intersection Graph Marked: 5.232158s
Root Time: 0.742425
direct hop total time 10.464940s
work sharing total time 6.420548s
CommonGraph total time 6.420548s
Running: build/SSSPbaseline /home/xyin014/graph/dl/snap_dl source/dl_src.txt 16 0.01 2
Error: Invalid line "% asym positive"
Error: Invalid line "% 172308906 18268992 18268992"
read: 73.167828s
loading graph /home/xyin014/graph/dl/snap_dl, root file is source/dl_src.txt, batch_num is 16, batch_size is 1721839
read: 0.076422s
|E|=172183984
|V|=18268993
streaming total time 17.114162s
|V|=18268993
Intersection Graph Marked: 6.485199s
Root Time: 0.035591
direct hop total time 0.618970s
work sharing total time 0.425965s
CommonGraph total time 0.425965s
Running: build/SSSPbaseline /home/xyin014/graph/dl/snap_dl source/dl_src.txt 16 0.01 3
Error: Invalid line "% asym positive"
Error: Invalid line "% 172308906 18268992 18268992"
read: 73.198992s
loading graph /home/xyin014/graph/dl/snap_dl, root file is source/dl_src.txt, batch_num is 16, batch_size is 1721839
read: 0.068495s
|E|=172183984
|V|=18268993
streaming total time 13.902068s
|V|=18268993
Intersection Graph Marked: 5.697496s
Root Time: 0.027258
direct hop total time 0.628247s
work sharing total time 0.378880s
CommonGraph total time 0.378880s
Running: build/SSSPbaseline /home/xyin014/graph/dl/snap_dl source/dl_src.txt 16 0.01 4
Error: Invalid line "% asym positive"
Error: Invalid line "% 172308906 18268992 18268992"
read: 73.208361s
loading graph /home/xyin014/graph/dl/snap_dl, root file is source/dl_src.txt, batch_num is 16, batch_size is 1721839
read: 0.081278s
|E|=172183984
|V|=18268993
streaming total time 10.795453s
|V|=18268993
Intersection Graph Marked: 5.379402s
Root Time: 0.012454
direct hop total time 0.707252s
work sharing total time 0.414576s
CommonGraph total time 0.414576s
Running: build/SSSPbaseline /home/xyin014/graph/dl/snap_dl source/dl_src.txt 16 0.01 5
Error: Invalid line "% asym positive"
Error: Invalid line "% 172308906 18268992 18268992"
read: 73.110426s
loading graph /home/xyin014/graph/dl/snap_dl, root file is source/dl_src.txt, batch_num is 16, batch_size is 1721839
read: 0.075373s
|E|=172183984
|V|=18268993
streaming total time 18.445732s
|V|=18268993
Intersection Graph Marked: 5.309637s
Root Time: 0.899258
direct hop total time 10.707553s
work sharing total time 6.319613s
CommonGraph total time 6.319613s
Running: build/SSSPbaseline /home/xyin014/graph/dl/snap_dl source/dl_src.txt 16 0.01 6
Error: Invalid line "% asym positive"
Error: Invalid line "% 172308906 18268992 18268992"
read: 73.121145s
loading graph /home/xyin014/graph/dl/snap_dl, root file is source/dl_src.txt, batch_num is 16, batch_size is 1721839
read: 0.066029s
|E|=172183984
|V|=18268993
streaming total time 17.707001s
|V|=18268993
Intersection Graph Marked: 5.656801s
Root Time: 0.688983
direct hop total time 12.017636s
work sharing total time 7.245751s
CommonGraph total time 7.245751s
Running: build/SSSPbaseline /home/xyin014/graph/dl/snap_dl source/dl_src.txt 16 0.01 7
Error: Invalid line "% asym positive"
Error: Invalid line "% 172308906 18268992 18268992"
read: 73.127655s
loading graph /home/xyin014/graph/dl/snap_dl, root file is source/dl_src.txt, batch_num is 16, batch_size is 1721839
read: 0.083171s
|E|=172183984
|V|=18268993
streaming total time 20.948263s
|V|=18268993
Intersection Graph Marked: 5.071117s
Root Time: 0.727413
direct hop total time 11.553443s
work sharing total time 6.244335s
CommonGraph total time 6.244335s
Running: build/SSSPbaseline /home/xyin014/graph/dl/snap_dl source/dl_src.txt 16 0.01 8
Error: Invalid line "% asym positive"
Error: Invalid line "% 172308906 18268992 18268992"
read: 73.059037s
loading graph /home/xyin014/graph/dl/snap_dl, root file is source/dl_src.txt, batch_num is 16, batch_size is 1721839
read: 0.076827s
|E|=172183984
|V|=18268993
streaming total time 21.640530s
|V|=18268993
Intersection Graph Marked: 5.239260s
Root Time: 0.641710
direct hop total time 10.534198s
work sharing total time 6.425295s
CommonGraph total time 6.425295s
Running: build/SSSPbaseline /home/xyin014/graph/dl/snap_dl source/dl_src.txt 16 0.01 9
Error: Invalid line "% asym positive"
Error: Invalid line "% 172308906 18268992 18268992"
read: 73.258356s
loading graph /home/xyin014/graph/dl/snap_dl, root file is source/dl_src.txt, batch_num is 16, batch_size is 1721839
read: 0.072877s
|E|=172183984
|V|=18268993
streaming total time 21.663250s
|V|=18268993
Intersection Graph Marked: 5.561419s
Root Time: 0.707222
direct hop total time 11.040642s
work sharing total time 6.603045s
CommonGraph total time 6.603045s
Running: build/SSSPbaseline /home/xyin014/graph/dl/snap_dl source/dl_src.txt 16 0.01 10
Error: Invalid line "% asym positive"
Error: Invalid line "% 172308906 18268992 18268992"
read: 73.087357s
loading graph /home/xyin014/graph/dl/snap_dl, root file is source/dl_src.txt, batch_num is 16, batch_size is 1721839
read: 0.075061s
|E|=172183984
|V|=18268993
streaming total time 7.939248s
|V|=18268993
Intersection Graph Marked: 6.763291s
Root Time: 0.023482
direct hop total time 0.726725s
work sharing total time 0.381487s
CommonGraph total time 0.381487s
Running: build/SSSPbaseline /home/xyin014/graph/dl/snap_dl source/dl_src.txt 16 0.01 11
Error: Invalid line "% asym positive"
Error: Invalid line "% 172308906 18268992 18268992"
read: 73.084203s
loading graph /home/xyin014/graph/dl/snap_dl, root file is source/dl_src.txt, batch_num is 16, batch_size is 1721839
read: 0.067775s
|E|=172183984
|V|=18268993
streaming total time 8.171644s
|V|=18268993
Intersection Graph Marked: 6.134052s
Root Time: 0.021743
direct hop total time 0.619665s
work sharing total time 0.378449s
CommonGraph total time 0.378449s
Running: build/SSSPbaseline /home/xyin014/graph/dl/snap_dl source/dl_src.txt 16 0.01 12
Error: Invalid line "% asym positive"
Error: Invalid line "% 172308906 18268992 18268992"
read: 73.149776s
loading graph /home/xyin014/graph/dl/snap_dl, root file is source/dl_src.txt, batch_num is 16, batch_size is 1721839
read: 0.078436s
|E|=172183984
|V|=18268993
streaming total time 15.794434s
|V|=18268993
Intersection Graph Marked: 8.326479s
Root Time: 0.868171
direct hop total time 10.991732s
work sharing total time 6.537133s
CommonGraph total time 6.537133s
Running: build/SSSPbaseline /home/xyin014/graph/dl/snap_dl source/dl_src.txt 16 0.01 13
Error: Invalid line "% asym positive"
Error: Invalid line "% 172308906 18268992 18268992"
read: 73.260412s
loading graph /home/xyin014/graph/dl/snap_dl, root file is source/dl_src.txt, batch_num is 16, batch_size is 1721839
read: 0.066794s
|E|=172183984
|V|=18268993
Re Computing: 7 1487928 1751931
streaming total time 19.065908s
|V|=18268993
Intersection Graph Marked: 5.639579s
Root Time: 0.014741
direct hop total time 7.423636s
work sharing total time 8.592049s
CommonGraph total time 8.592049s
Running: build/SSSPbaseline /home/xyin014/graph/dl/snap_dl source/dl_src.txt 16 0.01 14
Error: Invalid line "% asym positive"
Error: Invalid line "% 172308906 18268992 18268992"
read: 73.188127s
loading graph /home/xyin014/graph/dl/snap_dl, root file is source/dl_src.txt, batch_num is 16, batch_size is 1721839
read: 0.074102s
|E|=172183984
|V|=18268993
streaming total time 11.285976s
|V|=18268993
Intersection Graph Marked: 5.798683s
Root Time: 0.035400
direct hop total time 0.801687s
work sharing total time 0.464594s
CommonGraph total time 0.464594s
Running: build/SSSPbaseline /home/xyin014/graph/dl/snap_dl source/dl_src.txt 16 0.01 15
Error: Invalid line "% asym positive"
Error: Invalid line "% 172308906 18268992 18268992"
read: 73.179214s
loading graph /home/xyin014/graph/dl/snap_dl, root file is source/dl_src.txt, batch_num is 16, batch_size is 1721839
read: 0.074564s
|E|=172183984
|V|=18268993
streaming total time 8.621225s
|V|=18268993
Intersection Graph Marked: 5.379304s
Root Time: 0.012308
direct hop total time 0.616870s
work sharing total time 0.368018s
CommonGraph total time 0.368018s
Running: build/SSSPbaseline /home/xyin014/graph/dl/snap_dl source/dl_src.txt 32 0.005 0
Error: Invalid line "% asym positive"
Error: Invalid line "% 172308906 18268992 18268992"
read: 73.285317s
loading graph /home/xyin014/graph/dl/snap_dl, root file is source/dl_src.txt, batch_num is 32, batch_size is 860919
read: 0.080452s
|E|=172183984
|V|=18268993
streaming total time 21.531488s
|V|=18268993
Intersection Graph Marked: 5.069777s
Root Time: 0.690141
direct hop total time 22.956570s
work sharing total time 13.044138s
CommonGraph total time 13.044138s
Running: build/SSSPbaseline /home/xyin014/graph/dl/snap_dl source/dl_src.txt 32 0.005 1
Error: Invalid line "% asym positive"
Error: Invalid line "% 172308906 18268992 18268992"
read: 73.203943s
loading graph /home/xyin014/graph/dl/snap_dl, root file is source/dl_src.txt, batch_num is 32, batch_size is 860919
read: 0.073039s
|E|=172183984
|V|=18268993
streaming total time 22.134779s
|V|=18268993
Intersection Graph Marked: 4.986755s
Root Time: 0.666914
direct hop total time 24.188711s
work sharing total time 14.002476s
CommonGraph total time 14.002476s
Running: build/SSSPbaseline /home/xyin014/graph/dl/snap_dl source/dl_src.txt 32 0.005 2
Error: Invalid line "% asym positive"
Error: Invalid line "% 172308906 18268992 18268992"
read: 73.076374s
loading graph /home/xyin014/graph/dl/snap_dl, root file is source/dl_src.txt, batch_num is 32, batch_size is 860919
read: 0.077646s
|E|=172183984
|V|=18268993
streaming total time 12.340760s
|V|=18268993
Intersection Graph Marked: 5.649336s
Root Time: 0.061448
direct hop total time 1.209594s
work sharing total time 0.704657s
CommonGraph total time 0.704657s
Running: build/SSSPbaseline /home/xyin014/graph/dl/snap_dl source/dl_src.txt 32 0.005 3
Error: Invalid line "% asym positive"
Error: Invalid line "% 172308906 18268992 18268992"
read: 73.134665s
loading graph /home/xyin014/graph/dl/snap_dl, root file is source/dl_src.txt, batch_num is 32, batch_size is 860919
read: 0.075528s
|E|=172183984
|V|=18268993
streaming total time 13.677616s
|V|=18268993
Intersection Graph Marked: 5.424889s
Root Time: 0.061730
direct hop total time 1.206785s
work sharing total time 0.688625s
CommonGraph total time 0.688625s
Running: build/SSSPbaseline /home/xyin014/graph/dl/snap_dl source/dl_src.txt 32 0.005 4
Error: Invalid line "% asym positive"
Error: Invalid line "% 172308906 18268992 18268992"
read: 73.232482s
loading graph /home/xyin014/graph/dl/snap_dl, root file is source/dl_src.txt, batch_num is 32, batch_size is 860919
read: 0.066019s
|E|=172183984
|V|=18268993
streaming total time 13.189108s
|V|=18268993
Intersection Graph Marked: 5.131376s
Root Time: 0.012284
direct hop total time 1.219564s
work sharing total time 0.682760s
CommonGraph total time 0.682760s
Running: build/SSSPbaseline /home/xyin014/graph/dl/snap_dl source/dl_src.txt 32 0.005 5
Error: Invalid line "% asym positive"
Error: Invalid line "% 172308906 18268992 18268992"
read: 73.310058s
loading graph /home/xyin014/graph/dl/snap_dl, root file is source/dl_src.txt, batch_num is 32, batch_size is 860919
read: 0.068977s
|E|=172183984
|V|=18268993
streaming total time 18.522465s
|V|=18268993
Intersection Graph Marked: 5.168056s
Root Time: 0.727334
direct hop total time 24.099285s
work sharing total time 13.090738s
CommonGraph total time 13.090738s
Running: build/SSSPbaseline /home/xyin014/graph/dl/snap_dl source/dl_src.txt 32 0.005 6
Error: Invalid line "% asym positive"
Error: Invalid line "% 172308906 18268992 18268992"
read: 76.048383s
loading graph /home/xyin014/graph/dl/snap_dl, root file is source/dl_src.txt, batch_num is 32, batch_size is 860919
read: 0.074379s
|E|=172183984
|V|=18268993
streaming total time 20.560606s
|V|=18268993
Intersection Graph Marked: 5.072146s
Root Time: 0.659818
direct hop total time 19.686558s
work sharing total time 11.736542s
CommonGraph total time 11.736542s
Running: build/SSSPbaseline /home/xyin014/graph/dl/snap_dl source/dl_src.txt 32 0.005 7
Error: Invalid line "% asym positive"
Error: Invalid line "% 172308906 18268992 18268992"
read: 73.172254s
loading graph /home/xyin014/graph/dl/snap_dl, root file is source/dl_src.txt, batch_num is 32, batch_size is 860919
read: 0.072353s
|E|=172183984
|V|=18268993
streaming total time 15.566231s
|V|=18268993
Intersection Graph Marked: 4.864343s
Root Time: 0.728347
direct hop total time 23.384373s
work sharing total time 11.896959s
CommonGraph total time 11.896959s
Running: build/SSSPbaseline /home/xyin014/graph/dl/snap_dl source/dl_src.txt 32 0.005 8
Error: Invalid line "% asym positive"
Error: Invalid line "% 172308906 18268992 18268992"
read: 73.134926s
loading graph /home/xyin014/graph/dl/snap_dl, root file is source/dl_src.txt, batch_num is 32, batch_size is 860919
read: 0.075137s
|E|=172183984
|V|=18268993
streaming total time 20.518272s
|V|=18268993
Intersection Graph Marked: 4.957862s
Root Time: 0.667193
direct hop total time 20.353325s
work sharing total time 11.768934s
CommonGraph total time 11.768934s
Running: build/SSSPbaseline /home/xyin014/graph/dl/snap_dl source/dl_src.txt 32 0.005 9
Error: Invalid line "% asym positive"
Error: Invalid line "% 172308906 18268992 18268992"
read: 73.146832s
loading graph /home/xyin014/graph/dl/snap_dl, root file is source/dl_src.txt, batch_num is 32, batch_size is 860919
read: 0.072239s
|E|=172183984
|V|=18268993
streaming total time 20.997326s
|V|=18268993
Intersection Graph Marked: 5.785274s
Root Time: 0.725276
direct hop total time 22.169975s
work sharing total time 12.724934s
CommonGraph total time 12.724934s
Running: build/SSSPbaseline /home/xyin014/graph/dl/snap_dl source/dl_src.txt 32 0.005 10
Error: Invalid line "% asym positive"
Error: Invalid line "% 172308906 18268992 18268992"
read: 73.186553s
loading graph /home/xyin014/graph/dl/snap_dl, root file is source/dl_src.txt, batch_num is 32, batch_size is 860919
read: 0.071964s
|E|=172183984
|V|=18268993
streaming total time 12.915837s
|V|=18268993
Intersection Graph Marked: 5.210436s
Root Time: 0.060645
direct hop total time 1.184261s
work sharing total time 0.683044s
CommonGraph total time 0.683044s
Running: build/SSSPbaseline /home/xyin014/graph/dl/snap_dl source/dl_src.txt 32 0.005 11
Error: Invalid line "% asym positive"
Error: Invalid line "% 172308906 18268992 18268992"
read: 73.077881s
loading graph /home/xyin014/graph/dl/snap_dl, root file is source/dl_src.txt, batch_num is 32, batch_size is 860919
read: 0.074969s
|E|=172183984
|V|=18268993
streaming total time 9.415988s
|V|=18268993
Intersection Graph Marked: 4.938991s
Root Time: 0.076717
direct hop total time 1.192148s
work sharing total time 0.679592s
CommonGraph total time 0.679592s
Running: build/SSSPbaseline /home/xyin014/graph/dl/snap_dl source/dl_src.txt 32 0.005 12
Error: Invalid line "% asym positive"
Error: Invalid line "% 172308906 18268992 18268992"
read: 73.170100s
loading graph /home/xyin014/graph/dl/snap_dl, root file is source/dl_src.txt, batch_num is 32, batch_size is 860919
read: 0.069181s
|E|=172183984
|V|=18268993
streaming total time 21.009125s
|V|=18268993
Intersection Graph Marked: 5.066872s
Root Time: 0.688677
direct hop total time 21.898321s
work sharing total time 12.531959s
CommonGraph total time 12.531959s
Running: build/SSSPbaseline /home/xyin014/graph/dl/snap_dl source/dl_src.txt 32 0.005 13
Error: Invalid line "% asym positive"
Error: Invalid line "% 172308906 18268992 18268992"
read: 73.199162s
loading graph /home/xyin014/graph/dl/snap_dl, root file is source/dl_src.txt, batch_num is 32, batch_size is 860919
read: 0.071020s
|E|=172183984
|V|=18268993
Re Computing: 7 1225771 1770482
streaming total time 16.778236s
|V|=18268993
Intersection Graph Marked: 5.743173s
Root Time: 0.061458
direct hop total time 29.674675s
work sharing total time 16.901112s
CommonGraph total time 16.901112s
Running: build/SSSPbaseline /home/xyin014/graph/dl/snap_dl source/dl_src.txt 32 0.005 14
Error: Invalid line "% asym positive"
Error: Invalid line "% 172308906 18268992 18268992"
read: 73.198841s
loading graph /home/xyin014/graph/dl/snap_dl, root file is source/dl_src.txt, batch_num is 32, batch_size is 860919
read: 0.075159s
|E|=172183984
|V|=18268993
streaming total time 10.691441s
|V|=18268993
Intersection Graph Marked: 5.071135s
Root Time: 0.022799
direct hop total time 1.205212s
work sharing total time 0.734333s
CommonGraph total time 0.734333s
Running: build/SSSPbaseline /home/xyin014/graph/dl/snap_dl source/dl_src.txt 32 0.005 15
Error: Invalid line "% asym positive"
Error: Invalid line "% 172308906 18268992 18268992"
read: 73.115229s
loading graph /home/xyin014/graph/dl/snap_dl, root file is source/dl_src.txt, batch_num is 32, batch_size is 860919
read: 0.071733s
|E|=172183984
|V|=18268993
streaming total time 11.115665s
|V|=18268993
Intersection Graph Marked: 5.222467s
Root Time: 0.012922
direct hop total time 1.682773s
work sharing total time 1.391761s
CommonGraph total time 1.391761s
Running: build/SSSPbaseline /home/xyin014/graph/dl/snap_dl source/dl_src.txt 64 0.0025 0
Error: Invalid line "% asym positive"
Error: Invalid line "% 172308906 18268992 18268992"
read: 73.337703s
loading graph /home/xyin014/graph/dl/snap_dl, root file is source/dl_src.txt, batch_num is 64, batch_size is 430459
read: 0.070439s
|E|=172183984
|V|=18268993
streaming total time 15.299228s
|V|=18268993
Intersection Graph Marked: 7.453584s
Root Time: 0.840185
direct hop total time 39.370071s
work sharing total time 22.353849s
CommonGraph total time 22.353849s
Running: build/SSSPbaseline /home/xyin014/graph/dl/snap_dl source/dl_src.txt 64 0.0025 1
Error: Invalid line "% asym positive"
Error: Invalid line "% 172308906 18268992 18268992"
read: 73.088909s
loading graph /home/xyin014/graph/dl/snap_dl, root file is source/dl_src.txt, batch_num is 64, batch_size is 430459
read: 0.074911s
|E|=172183984
|V|=18268993
streaming total time 17.453817s
|V|=18268993
Intersection Graph Marked: 4.890825s
Root Time: 0.830863
direct hop total time 42.300297s
work sharing total time 24.202452s
CommonGraph total time 24.202452s
Running: build/SSSPbaseline /home/xyin014/graph/dl/snap_dl source/dl_src.txt 64 0.0025 2
Error: Invalid line "% asym positive"
Error: Invalid line "% 172308906 18268992 18268992"
read: 73.196758s
loading graph /home/xyin014/graph/dl/snap_dl, root file is source/dl_src.txt, batch_num is 64, batch_size is 430459
read: 0.073088s
|E|=172183984
|V|=18268993
streaming total time 12.652360s
|V|=18268993
Intersection Graph Marked: 5.275110s
Root Time: 0.012592
direct hop total time 2.311437s
work sharing total time 1.278884s
CommonGraph total time 1.278884s
Running: build/SSSPbaseline /home/xyin014/graph/dl/snap_dl source/dl_src.txt 64 0.0025 3
Error: Invalid line "% asym positive"
Error: Invalid line "% 172308906 18268992 18268992"
read: 73.152121s
loading graph /home/xyin014/graph/dl/snap_dl, root file is source/dl_src.txt, batch_num is 64, batch_size is 430459
read: 0.071073s
|E|=172183984
|V|=18268993
streaming total time 10.449720s
|V|=18268993
Intersection Graph Marked: 5.227073s
Root Time: 0.012298
direct hop total time 2.337482s
work sharing total time 1.237805s
CommonGraph total time 1.237805s
Running: build/SSSPbaseline /home/xyin014/graph/dl/snap_dl source/dl_src.txt 64 0.0025 4
Error: Invalid line "% asym positive"
Error: Invalid line "% 172308906 18268992 18268992"
read: 73.205099s
loading graph /home/xyin014/graph/dl/snap_dl, root file is source/dl_src.txt, batch_num is 64, batch_size is 430459
read: 0.067751s
|E|=172183984
|V|=18268993
streaming total time 14.594774s
|V|=18268993
Intersection Graph Marked: 5.788006s
Root Time: 0.012341
direct hop total time 2.348156s
work sharing total time 1.290311s
CommonGraph total time 1.290311s
Running: build/SSSPbaseline /home/xyin014/graph/dl/snap_dl source/dl_src.txt 64 0.0025 5
Error: Invalid line "% asym positive"
Error: Invalid line "% 172308906 18268992 18268992"
read: 73.061986s
loading graph /home/xyin014/graph/dl/snap_dl, root file is source/dl_src.txt, batch_num is 64, batch_size is 430459
read: 0.076025s
|E|=172183984
|V|=18268993
streaming total time 14.515966s
|V|=18268993
Intersection Graph Marked: 4.711635s
Root Time: 0.909039
direct hop total time 42.373432s
work sharing total time 22.768421s
CommonGraph total time 22.768421s
Running: build/SSSPbaseline /home/xyin014/graph/dl/snap_dl source/dl_src.txt 64 0.0025 6
Error: Invalid line "% asym positive"
Error: Invalid line "% 172308906 18268992 18268992"
read: 73.256287s
loading graph /home/xyin014/graph/dl/snap_dl, root file is source/dl_src.txt, batch_num is 64, batch_size is 430459
read: 0.077236s
|E|=172183984
|V|=18268993
streaming total time 12.695247s
|V|=18268993
Intersection Graph Marked: 4.670820s
Root Time: 0.660884
direct hop total time 37.855373s
work sharing total time 21.752132s
CommonGraph total time 21.752132s
Running: build/SSSPbaseline /home/xyin014/graph/dl/snap_dl source/dl_src.txt 64 0.0025 7
Error: Invalid line "% asym positive"
Error: Invalid line "% 172308906 18268992 18268992"
read: 73.163781s
loading graph /home/xyin014/graph/dl/snap_dl, root file is source/dl_src.txt, batch_num is 64, batch_size is 430459
read: 0.073036s
|E|=172183984
|V|=18268993
streaming total time 23.554169s
|V|=18268993
Intersection Graph Marked: 4.627389s
Root Time: 0.697273
direct hop total time 47.513988s
work sharing total time 23.145887s
CommonGraph total time 23.145887s
Running: build/SSSPbaseline /home/xyin014/graph/dl/snap_dl source/dl_src.txt 64 0.0025 8
Error: Invalid line "% asym positive"
Error: Invalid line "% 172308906 18268992 18268992"
read: 73.150748s
loading graph /home/xyin014/graph/dl/snap_dl, root file is source/dl_src.txt, batch_num is 64, batch_size is 430459
read: 0.078045s
|E|=172183984
|V|=18268993
streaming total time 16.157131s
|V|=18268993
Intersection Graph Marked: 4.805999s
Root Time: 0.648195
direct hop total time 43.554825s
work sharing total time 24.147747s
CommonGraph total time 24.147747s
Running: build/SSSPbaseline /home/xyin014/graph/dl/snap_dl source/dl_src.txt 64 0.0025 9
Error: Invalid line "% asym positive"
Error: Invalid line "% 172308906 18268992 18268992"
read: 73.207244s
loading graph /home/xyin014/graph/dl/snap_dl, root file is source/dl_src.txt, batch_num is 64, batch_size is 430459
read: 0.069515s
|E|=172183984
|V|=18268993
streaming total time 13.353998s
|V|=18268993
Intersection Graph Marked: 5.124225s
Root Time: 0.713421
direct hop total time 37.283821s
work sharing total time 21.035664s
CommonGraph total time 21.035664s
Running: build/SSSPbaseline /home/xyin014/graph/dl/snap_dl source/dl_src.txt 64 0.0025 10
Error: Invalid line "% asym positive"
Error: Invalid line "% 172308906 18268992 18268992"
read: 74.491834s
loading graph /home/xyin014/graph/dl/snap_dl, root file is source/dl_src.txt, batch_num is 64, batch_size is 430459
read: 0.072629s
|E|=172183984
|V|=18268993
streaming total time 13.729853s
|V|=18268993
Intersection Graph Marked: 5.487927s
Root Time: 0.012225
direct hop total time 2.381452s
work sharing total time 1.311056s
CommonGraph total time 1.311056s
Running: build/SSSPbaseline /home/xyin014/graph/dl/snap_dl source/dl_src.txt 64 0.0025 11
Error: Invalid line "% asym positive"
Error: Invalid line "% 172308906 18268992 18268992"
read: 73.197118s
loading graph /home/xyin014/graph/dl/snap_dl, root file is source/dl_src.txt, batch_num is 64, batch_size is 430459
read: 0.069653s
|E|=172183984
|V|=18268993
streaming total time 13.885879s
|V|=18268993
Intersection Graph Marked: 5.132936s
Root Time: 0.012772
direct hop total time 2.340001s
work sharing total time 1.286818s
CommonGraph total time 1.286818s
Running: build/SSSPbaseline /home/xyin014/graph/dl/snap_dl source/dl_src.txt 64 0.0025 12
Error: Invalid line "% asym positive"
Error: Invalid line "% 172308906 18268992 18268992"
read: 73.357762s
loading graph /home/xyin014/graph/dl/snap_dl, root file is source/dl_src.txt, batch_num is 64, batch_size is 430459
read: 0.078793s
|E|=172183984
|V|=18268993
streaming total time 13.918902s
|V|=18268993
Intersection Graph Marked: 6.235179s
Root Time: 0.773215
direct hop total time 42.824203s
work sharing total time 23.916214s
CommonGraph total time 23.916214s
Running: build/SSSPbaseline /home/xyin014/graph/dl/snap_dl source/dl_src.txt 64 0.0025 13
Error: Invalid line "% asym positive"
Error: Invalid line "% 172308906 18268992 18268992"
read: 73.184868s
loading graph /home/xyin014/graph/dl/snap_dl, root file is source/dl_src.txt, batch_num is 64, batch_size is 430459
read: 0.069993s
|E|=172183984
|V|=18268993
Re Computing: 7 1111374 1779974
streaming total time 12.205133s
|V|=18268993
Intersection Graph Marked: 5.218869s
Root Time: 0.012210
direct hop total time 28.888992s
work sharing total time 33.729515s
CommonGraph total time 33.729515s
Running: build/SSSPbaseline /home/xyin014/graph/dl/snap_dl source/dl_src.txt 64 0.0025 14
Error: Invalid line "% asym positive"
Error: Invalid line "% 172308906 18268992 18268992"
read: 73.903362s
loading graph /home/xyin014/graph/dl/snap_dl, root file is source/dl_src.txt, batch_num is 64, batch_size is 430459
read: 0.076876s
|E|=172183984
|V|=18268993
streaming total time 14.368995s
|V|=18268993
Intersection Graph Marked: 5.602380s
Root Time: 0.059608
direct hop total time 2.355892s
work sharing total time 1.285183s
CommonGraph total time 1.285183s
Running: build/SSSPbaseline /home/xyin014/graph/dl/snap_dl source/dl_src.txt 64 0.0025 15
Error: Invalid line "% asym positive"
Error: Invalid line "% 172308906 18268992 18268992"
read: 73.173888s
loading graph /home/xyin014/graph/dl/snap_dl, root file is source/dl_src.txt, batch_num is 64, batch_size is 430459
read: 0.077503s
|E|=172183984
|V|=18268993
streaming total time 14.733953s
|V|=18268993
Intersection Graph Marked: 6.190272s
Root Time: 0.060351
direct hop total time 2.396860s
work sharing total time 1.290052s
CommonGraph total time 1.290052s
Running: build/SSSPbaseline /home/xyin014/graph/or/snap_or source/or.txt 8 0.02 0
Error: Invalid line "% bip unweighted"
read: 137.048001s
loading graph /home/xyin014/graph/or/snap_or, root file is source/or.txt, batch_num is 8, batch_size is 6540749
read: 0.061540s
|E|=327037487
|V|=8730858
streaming total time 37.107990s
|V|=8730858
Intersection Graph Marked: 14.945645s
Root Time: 1.475459
direct hop total time 8.660695s
work sharing total time 5.202831s
CommonGraph total time 5.202831s
Running: build/SSSPbaseline /home/xyin014/graph/or/snap_or source/or.txt 8 0.02 1
Error: Invalid line "% bip unweighted"
read: 135.420190s
loading graph /home/xyin014/graph/or/snap_or, root file is source/or.txt, batch_num is 8, batch_size is 6540749
read: 0.061431s
|E|=327037487
|V|=8730858
streaming total time 25.141598s
|V|=8730858
Intersection Graph Marked: 13.885906s
Root Time: 1.529038
direct hop total time 7.465062s
work sharing total time 4.941239s
CommonGraph total time 4.941239s
Running: build/SSSPbaseline /home/xyin014/graph/or/snap_or source/or.txt 8 0.02 2
Error: Invalid line "% bip unweighted"
read: 135.335841s
loading graph /home/xyin014/graph/or/snap_or, root file is source/or.txt, batch_num is 8, batch_size is 6540749
read: 0.063029s
|E|=327037487
|V|=8730858
streaming total time 27.029432s
|V|=8730858
Intersection Graph Marked: 14.607136s
Root Time: 0.010427
direct hop total time 0.567023s
work sharing total time 0.461133s
CommonGraph total time 0.461133s
Running: build/SSSPbaseline /home/xyin014/graph/or/snap_or source/or.txt 8 0.02 3
Error: Invalid line "% bip unweighted"
read: 136.014476s
loading graph /home/xyin014/graph/or/snap_or, root file is source/or.txt, batch_num is 8, batch_size is 6540749
read: 0.062013s
|E|=327037487
|V|=8730858
Re Computing: 7 1627484 593807
streaming total time 40.867332s
|V|=8730858
Intersection Graph Marked: 18.371209s
Root Time: 1.482991
direct hop total time 9.684745s
work sharing total time 6.515792s
CommonGraph total time 6.515792s
Running: build/SSSPbaseline /home/xyin014/graph/or/snap_or source/or.txt 8 0.02 4
Error: Invalid line "% bip unweighted"
read: 135.175421s
loading graph /home/xyin014/graph/or/snap_or, root file is source/or.txt, batch_num is 8, batch_size is 6540749
read: 0.062788s
|E|=327037487
|V|=8730858
streaming total time 30.271900s
|V|=8730858
Intersection Graph Marked: 16.570262s
Root Time: 0.006308
direct hop total time 0.545774s
work sharing total time 0.422082s
CommonGraph total time 0.422082s
Running: build/SSSPbaseline /home/xyin014/graph/or/snap_or source/or.txt 8 0.02 5
Error: Invalid line "% bip unweighted"
read: 135.270710s
loading graph /home/xyin014/graph/or/snap_or, root file is source/or.txt, batch_num is 8, batch_size is 6540749
read: 0.063368s
|E|=327037487
|V|=8730858
streaming total time 30.261553s
|V|=8730858
Intersection Graph Marked: 14.952342s
Root Time: 0.006005
direct hop total time 0.599816s
work sharing total time 0.518930s
CommonGraph total time 0.518930s
Running: build/SSSPbaseline /home/xyin014/graph/or/snap_or source/or.txt 8 0.02 6
Error: Invalid line "% bip unweighted"
read: 135.627329s
loading graph /home/xyin014/graph/or/snap_or, root file is source/or.txt, batch_num is 8, batch_size is 6540749
read: 0.062637s
|E|=327037487
|V|=8730858
Re Computing: 9 1868854 285693
Re Computing: 7 1712200 785792
Re Computing: 9 1821230 422750
streaming total time 43.885544s
|V|=8730858
Intersection Graph Marked: 18.828158s
Root Time: 1.618084
direct hop total time 10.319406s
work sharing total time 7.747923s
CommonGraph total time 7.747923s
Running: build/SSSPbaseline /home/xyin014/graph/or/snap_or source/or.txt 8 0.02 7
Error: Invalid line "% bip unweighted"
read: 134.944319s
loading graph /home/xyin014/graph/or/snap_or, root file is source/or.txt, batch_num is 8, batch_size is 6540749
read: 0.063248s
|E|=327037487
|V|=8730858
Re Computing: 9 1827041 260128
Re Computing: 7 1652378 728405
Re Computing: 8 1811234 468481
streaming total time 32.743587s
|V|=8730858
Intersection Graph Marked: 15.319878s
Root Time: 1.671915
direct hop total time 16.877287s
work sharing total time 12.633872s
CommonGraph total time 12.633872s
Running: build/SSSPbaseline /home/xyin014/graph/or/snap_or source/or.txt 8 0.02 8
Error: Invalid line "% bip unweighted"
read: 135.127006s
loading graph /home/xyin014/graph/or/snap_or, root file is source/or.txt, batch_num is 8, batch_size is 6540749
read: 0.061345s
|E|=327037487
|V|=8730858
streaming total time 39.947403s
|V|=8730858
Intersection Graph Marked: 16.765916s
Root Time: 1.756536
direct hop total time 8.052909s
work sharing total time 5.385148s
CommonGraph total time 5.385148s
Running: build/SSSPbaseline /home/xyin014/graph/or/snap_or source/or.txt 8 0.02 9
Error: Invalid line "% bip unweighted"
read: 135.099437s
loading graph /home/xyin014/graph/or/snap_or, root file is source/or.txt, batch_num is 8, batch_size is 6540749
read: 0.061933s
|E|=327037487
|V|=8730858
streaming total time 34.579594s
|V|=8730858
Intersection Graph Marked: 18.631813s
Root Time: 0.006109
direct hop total time 0.503164s
work sharing total time 0.286387s
CommonGraph total time 0.286387s
Running: build/SSSPbaseline /home/xyin014/graph/or/snap_or source/or.txt 8 0.02 10
Error: Invalid line "% bip unweighted"
read: 135.324460s
loading graph /home/xyin014/graph/or/snap_or, root file is source/or.txt, batch_num is 8, batch_size is 6540749
read: 0.061833s
|E|=327037487
|V|=8730858
streaming total time 34.458035s
|V|=8730858
Intersection Graph Marked: 22.136311s
Root Time: 0.006419
direct hop total time 0.540452s
work sharing total time 0.354091s
CommonGraph total time 0.354091s
Running: build/SSSPbaseline /home/xyin014/graph/or/snap_or source/or.txt 8 0.02 11
Error: Invalid line "% bip unweighted"
read: 135.544791s
loading graph /home/xyin014/graph/or/snap_or, root file is source/or.txt, batch_num is 8, batch_size is 6540749
read: 0.063439s
|E|=327037487
|V|=8730858
streaming total time 30.614199s
|V|=8730858
Intersection Graph Marked: 19.934376s
Root Time: 1.653605
direct hop total time 11.679906s
work sharing total time 5.693427s
CommonGraph total time 5.693427s
Running: build/SSSPbaseline /home/xyin014/graph/or/snap_or source/or.txt 8 0.02 12
Error: Invalid line "% bip unweighted"
read: 135.323491s
loading graph /home/xyin014/graph/or/snap_or, root file is source/or.txt, batch_num is 8, batch_size is 6540749
read: 0.061204s
|E|=327037487
|V|=8730858
streaming total time 41.885441s
|V|=8730858
Intersection Graph Marked: 17.505246s
Root Time: 0.056426
direct hop total time 0.479245s
work sharing total time 0.409021s
CommonGraph total time 0.409021s
Running: build/SSSPbaseline /home/xyin014/graph/or/snap_or source/or.txt 8 0.02 13
Error: Invalid line "% bip unweighted"
read: 134.839367s
loading graph /home/xyin014/graph/or/snap_or, root file is source/or.txt, batch_num is 8, batch_size is 6540749
read: 0.061850s
|E|=327037487
|V|=8730858
Re Computing: 9 1893757 731446
streaming total time 34.899685s
|V|=8730858
Intersection Graph Marked: 13.345667s
Root Time: 1.567345
direct hop total time 15.135932s
work sharing total time 8.499758s
CommonGraph total time 8.499758s
Running: build/SSSPbaseline /home/xyin014/graph/or/snap_or source/or.txt 8 0.02 14
Error: Invalid line "% bip unweighted"
read: 135.178741s
loading graph /home/xyin014/graph/or/snap_or, root file is source/or.txt, batch_num is 8, batch_size is 6540749
read: 0.062950s
|E|=327037487
|V|=8730858
streaming total time 30.786446s
|V|=8730858
Intersection Graph Marked: 15.478254s
Root Time: 0.006076
direct hop total time 0.548508s
work sharing total time 0.393648s
CommonGraph total time 0.393648s
Running: build/SSSPbaseline /home/xyin014/graph/or/snap_or source/or.txt 8 0.02 15
Error: Invalid line "% bip unweighted"
read: 135.184964s
loading graph /home/xyin014/graph/or/snap_or, root file is source/or.txt, batch_num is 8, batch_size is 6540749
read: 0.062714s
|E|=327037487
|V|=8730858
streaming total time 35.996487s
|V|=8730858
Intersection Graph Marked: 17.885720s
Root Time: 0.006084
direct hop total time 0.424890s
work sharing total time 0.285855s
CommonGraph total time 0.285855s
Running: build/SSSPbaseline /home/xyin014/graph/or/snap_or source/or.txt 16 0.01 0
Error: Invalid line "% bip unweighted"
read: 135.765812s
loading graph /home/xyin014/graph/or/snap_or, root file is source/or.txt, batch_num is 16, batch_size is 3270374
read: 0.061058s
|E|=327037487
|V|=8730858
streaming total time 25.008028s
|V|=8730858
Intersection Graph Marked: 15.071033s
Root Time: 1.462507
direct hop total time 14.471331s
work sharing total time 8.084356s
CommonGraph total time 8.084356s
Running: build/SSSPbaseline /home/xyin014/graph/or/snap_or source/or.txt 16 0.01 1
Error: Invalid line "% bip unweighted"
read: 135.182224s
loading graph /home/xyin014/graph/or/snap_or, root file is source/or.txt, batch_num is 16, batch_size is 3270374
read: 0.062548s
|E|=327037487
|V|=8730858
streaming total time 40.286465s
|V|=8730858
Intersection Graph Marked: 19.575184s
Root Time: 1.530547
direct hop total time 13.789272s
work sharing total time 8.540096s
CommonGraph total time 8.540096s
Running: build/SSSPbaseline /home/xyin014/graph/or/snap_or source/or.txt 16 0.01 2
Error: Invalid line "% bip unweighted"
read: 135.119644s
loading graph /home/xyin014/graph/or/snap_or, root file is source/or.txt, batch_num is 16, batch_size is 3270374
read: 0.062540s
|E|=327037487
|V|=8730858
streaming total time 22.462702s
|V|=8730858
Intersection Graph Marked: 16.614352s
Root Time: 0.006154
direct hop total time 0.803685s
work sharing total time 0.863009s
CommonGraph total time 0.863009s
Running: build/SSSPbaseline /home/xyin014/graph/or/snap_or source/or.txt 16 0.01 3
Error: Invalid line "% bip unweighted"
read: 135.303533s
loading graph /home/xyin014/graph/or/snap_or, root file is source/or.txt, batch_num is 16, batch_size is 3270374
read: 0.061424s
|E|=327037487
|V|=8730858
Re Computing: 8 1744104 697725
streaming total time 39.419884s
|V|=8730858
Intersection Graph Marked: 19.467918s
Root Time: 1.429097
direct hop total time 18.798100s
work sharing total time 11.565012s
CommonGraph total time 11.565012s
Running: build/SSSPbaseline /home/xyin014/graph/or/snap_or source/or.txt 16 0.01 4
Error: Invalid line "% bip unweighted"
read: 135.019333s
loading graph /home/xyin014/graph/or/snap_or, root file is source/or.txt, batch_num is 16, batch_size is 3270374
read: 0.062661s
|E|=327037487
|V|=8730858
streaming total time 29.164139s
|V|=8730858
Intersection Graph Marked: 20.257053s
Root Time: 0.006080
direct hop total time 1.115523s
work sharing total time 0.662583s
CommonGraph total time 0.662583s
Running: build/SSSPbaseline /home/xyin014/graph/or/snap_or source/or.txt 16 0.01 5
Error: Invalid line "% bip unweighted"
read: 135.791406s
loading graph /home/xyin014/graph/or/snap_or, root file is source/or.txt, batch_num is 16, batch_size is 3270374
read: 0.062061s
|E|=327037487
|V|=8730858
streaming total time 36.700722s
|V|=8730858
Intersection Graph Marked: 20.435621s
Root Time: 0.056464
direct hop total time 0.891229s
work sharing total time 0.655328s
CommonGraph total time 0.655328s
Running: build/SSSPbaseline /home/xyin014/graph/or/snap_or source/or.txt 16 0.01 6
Error: Invalid line "% bip unweighted"
read: 135.223661s
loading graph /home/xyin014/graph/or/snap_or, root file is source/or.txt, batch_num is 16, batch_size is 3270374
read: 0.062396s
|E|=327037487
|V|=8730858
Re Computing: 8 1503346 960365
Re Computing: 10 1792932 301253
streaming total time 30.782572s
|V|=8730858
Intersection Graph Marked: 16.097283s
Root Time: 1.429699
direct hop total time 19.969568s
work sharing total time 14.012583s
CommonGraph total time 14.012583s
Running: build/SSSPbaseline /home/xyin014/graph/or/snap_or source/or.txt 16 0.01 7
Error: Invalid line "% bip unweighted"
read: 135.419318s
loading graph /home/xyin014/graph/or/snap_or, root file is source/or.txt, batch_num is 16, batch_size is 3270374
read: 0.062324s
|E|=327037487
|V|=8730858
Re Computing: 8 1353551 904195
Re Computing: 10 1563909 802342
streaming total time 42.767433s
|V|=8730858
Intersection Graph Marked: 19.876373s
Root Time: 1.672560
direct hop total time 32.716957s
work sharing total time 23.379448s
CommonGraph total time 23.379448s
Running: build/SSSPbaseline /home/xyin014/graph/or/snap_or source/or.txt 16 0.01 8
Error: Invalid line "% bip unweighted"
read: 135.241996s
loading graph /home/xyin014/graph/or/snap_or, root file is source/or.txt, batch_num is 16, batch_size is 3270374
read: 0.061104s
|E|=327037487
|V|=8730858
streaming total time 24.803427s
|V|=8730858
Intersection Graph Marked: 15.312525s
Root Time: 1.726747
direct hop total time 15.422182s
work sharing total time 9.388068s
CommonGraph total time 9.388068s
Running: build/SSSPbaseline /home/xyin014/graph/or/snap_or source/or.txt 16 0.01 9
Error: Invalid line "% bip unweighted"
read: 135.251385s
loading graph /home/xyin014/graph/or/snap_or, root file is source/or.txt, batch_num is 16, batch_size is 3270374
read: 0.062590s
|E|=327037487
|V|=8730858
streaming total time 35.176159s
|V|=8730858
Intersection Graph Marked: 17.849760s
Root Time: 0.006177
direct hop total time 0.877246s
work sharing total time 0.480085s
CommonGraph total time 0.480085s
Running: build/SSSPbaseline /home/xyin014/graph/or/snap_or source/or.txt 16 0.01 10
Error: Invalid line "% bip unweighted"
read: 135.114094s
loading graph /home/xyin014/graph/or/snap_or, root file is source/or.txt, batch_num is 16, batch_size is 3270374
read: 0.062850s
|E|=327037487
|V|=8730858
streaming total time 26.078911s
|V|=8730858
Intersection Graph Marked: 16.753827s
Root Time: 0.017005
direct hop total time 0.823315s
work sharing total time 0.562162s
CommonGraph total time 0.562162s
Running: build/SSSPbaseline /home/xyin014/graph/or/snap_or source/or.txt 16 0.01 11
Error: Invalid line "% bip unweighted"
read: 135.173599s
loading graph /home/xyin014/graph/or/snap_or, root file is source/or.txt, batch_num is 16, batch_size is 3270374
read: 0.063611s
|E|=327037487
|V|=8730858
streaming total time 24.424730s
|V|=8730858
Intersection Graph Marked: 13.588429s
Root Time: 1.813415
direct hop total time 22.135693s
work sharing total time 9.630013s
CommonGraph total time 9.630013s
Running: build/SSSPbaseline /home/xyin014/graph/or/snap_or source/or.txt 16 0.01 12
Error: Invalid line "% bip unweighted"
read: 135.129744s
loading graph /home/xyin014/graph/or/snap_or, root file is source/or.txt, batch_num is 16, batch_size is 3270374
read: 0.065351s
|E|=327037487
|V|=8730858
streaming total time 37.146004s
|V|=8730858
Intersection Graph Marked: 21.246452s
Root Time: 0.006348
direct hop total time 0.786248s
work sharing total time 0.480609s
CommonGraph total time 0.480609s
Running: build/SSSPbaseline /home/xyin014/graph/or/snap_or source/or.txt 16 0.01 13
Error: Invalid line "% bip unweighted"
read: 135.320276s
loading graph /home/xyin014/graph/or/snap_or, root file is source/or.txt, batch_num is 16, batch_size is 3270374
read: 0.062099s
|E|=327037487
|V|=8730858
Re Computing: 9 1393616 748998
streaming total time 39.442741s
|V|=8730858
Intersection Graph Marked: 16.008983s
Root Time: 1.548503
direct hop total time 29.712257s
work sharing total time 14.990118s
CommonGraph total time 14.990118s
Running: build/SSSPbaseline /home/xyin014/graph/or/snap_or source/or.txt 16 0.01 14
Error: Invalid line "% bip unweighted"
read: 135.267962s
loading graph /home/xyin014/graph/or/snap_or, root file is source/or.txt, batch_num is 16, batch_size is 3270374
read: 0.063982s
|E|=327037487
|V|=8730858
streaming total time 24.544628s
|V|=8730858
Intersection Graph Marked: 17.207970s
Root Time: 0.006161
direct hop total time 0.798123s
work sharing total time 0.641092s
CommonGraph total time 0.641092s
Running: build/SSSPbaseline /home/xyin014/graph/or/snap_or source/or.txt 16 0.01 15
Error: Invalid line "% bip unweighted"
read: 135.318020s
loading graph /home/xyin014/graph/or/snap_or, root file is source/or.txt, batch_num is 16, batch_size is 3270374
read: 0.062766s
|E|=327037487
|V|=8730858
streaming total time 23.513880s
|V|=8730858
Intersection Graph Marked: 18.298636s
Root Time: 0.006730
direct hop total time 0.815440s
work sharing total time 0.584539s
CommonGraph total time 0.584539s
Running: build/SSSPbaseline /home/xyin014/graph/or/snap_or source/or.txt 32 0.005 0
Error: Invalid line "% bip unweighted"
read: 135.018152s
loading graph /home/xyin014/graph/or/snap_or, root file is source/or.txt, batch_num is 32, batch_size is 1635187
read: 0.062017s
|E|=327037487
|V|=8730858
streaming total time 25.252625s
|V|=8730858
Intersection Graph Marked: 14.242399s
Root Time: 1.481558
direct hop total time 28.598375s
work sharing total time 15.219432s
CommonGraph total time 15.219432s
Running: build/SSSPbaseline /home/xyin014/graph/or/snap_or source/or.txt 32 0.005 1
Error: Invalid line "% bip unweighted"
read: 135.145966s
loading graph /home/xyin014/graph/or/snap_or, root file is source/or.txt, batch_num is 32, batch_size is 1635187
read: 0.060858s
|E|=327037487
|V|=8730858
streaming total time 29.992193s
|V|=8730858
Intersection Graph Marked: 17.618659s
Root Time: 1.519300
direct hop total time 25.520035s
work sharing total time 15.380385s
CommonGraph total time 15.380385s
Running: build/SSSPbaseline /home/xyin014/graph/or/snap_or source/or.txt 32 0.005 2
Error: Invalid line "% bip unweighted"
read: 134.912734s
loading graph /home/xyin014/graph/or/snap_or, root file is source/or.txt, batch_num is 32, batch_size is 1635187
read: 0.061404s
|E|=327037487
|V|=8730858
streaming total time 26.693388s
|V|=8730858
Intersection Graph Marked: 18.264151s
Root Time: 0.006573
direct hop total time 1.695969s
work sharing total time 1.291778s
CommonGraph total time 1.291778s
Running: build/SSSPbaseline /home/xyin014/graph/or/snap_or source/or.txt 32 0.005 3
Error: Invalid line "% bip unweighted"
read: 135.039238s
loading graph /home/xyin014/graph/or/snap_or, root file is source/or.txt, batch_num is 32, batch_size is 1635187
read: 0.061684s
|E|=327037487
|V|=8730858
Re Computing: 8 1599824 721959
streaming total time 29.983906s
|V|=8730858
Intersection Graph Marked: 20.408648s
Root Time: 1.551661
direct hop total time 34.900837s
work sharing total time 21.305487s
CommonGraph total time 21.305487s
Running: build/SSSPbaseline /home/xyin014/graph/or/snap_or source/or.txt 32 0.005 4
Error: Invalid line "% bip unweighted"
read: 135.495861s
loading graph /home/xyin014/graph/or/snap_or, root file is source/or.txt, batch_num is 32, batch_size is 1635187
read: 0.062189s
|E|=327037487
|V|=8730858
streaming total time 23.592344s
|V|=8730858
Intersection Graph Marked: 18.438538s
Root Time: 0.021038
direct hop total time 1.551299s
work sharing total time 0.877417s
CommonGraph total time 0.877417s
Running: build/SSSPbaseline /home/xyin014/graph/or/snap_or source/or.txt 32 0.005 5
Error: Invalid line "% bip unweighted"
read: 134.969394s
loading graph /home/xyin014/graph/or/snap_or, root file is source/or.txt, batch_num is 32, batch_size is 1635187
read: 0.062712s
|E|=327037487
|V|=8730858
streaming total time 23.334198s
|V|=8730858
Intersection Graph Marked: 17.978624s
Root Time: 0.055594
direct hop total time 1.639202s
work sharing total time 0.995611s
CommonGraph total time 0.995611s
Running: build/SSSPbaseline /home/xyin014/graph/or/snap_or source/or.txt 32 0.005 6
Error: Invalid line "% bip unweighted"
read: 135.228969s
loading graph /home/xyin014/graph/or/snap_or, root file is source/or.txt, batch_num is 32, batch_size is 1635187
read: 0.062492s
|E|=327037487
|V|=8730858
Re Computing: 8 1249546 1009918
streaming total time 39.770321s
|V|=8730858
Intersection Graph Marked: 15.225038s
Root Time: 1.428928
direct hop total time 38.681507s
work sharing total time 26.691839s
CommonGraph total time 26.691839s
Running: build/SSSPbaseline /home/xyin014/graph/or/snap_or source/or.txt 32 0.005 7
Error: Invalid line "% bip unweighted"
read: 135.301474s
loading graph /home/xyin014/graph/or/snap_or, root file is source/or.txt, batch_num is 32, batch_size is 1635187
read: 0.062272s
|E|=327037487
|V|=8730858
Re Computing: 9 1989206 1393397
Re Computing: 10 1246236 820184
streaming total time 41.633286s
|V|=8730858
Intersection Graph Marked: 13.939685s
Root Time: 1.656911
direct hop total time 62.263073s
work sharing total time 44.154129s
CommonGraph total time 44.154129s
Running: build/SSSPbaseline /home/xyin014/graph/or/snap_or source/or.txt 32 0.005 8
Error: Invalid line "% bip unweighted"
read: 135.177097s
loading graph /home/xyin014/graph/or/snap_or, root file is source/or.txt, batch_num is 32, batch_size is 1635187
read: 0.062472s
|E|=327037487
|V|=8730858
streaming total time 25.304239s
|V|=8730858
Intersection Graph Marked: 19.002508s
Root Time: 1.727413
direct hop total time 31.307323s
work sharing total time 18.040361s
CommonGraph total time 18.040361s
Running: build/SSSPbaseline /home/xyin014/graph/or/snap_or source/or.txt 32 0.005 9
Error: Invalid line "% bip unweighted"
read: 135.523484s
loading graph /home/xyin014/graph/or/snap_or, root file is source/or.txt, batch_num is 32, batch_size is 1635187
read: 0.061479s
|E|=327037487
|V|=8730858
streaming total time 25.808170s
|V|=8730858
Intersection Graph Marked: 16.767784s
Root Time: 0.056744
direct hop total time 1.949092s
work sharing total time 1.070852s
CommonGraph total time 1.070852s
Running: build/SSSPbaseline /home/xyin014/graph/or/snap_or source/or.txt 32 0.005 10
Error: Invalid line "% bip unweighted"
read: 135.575135s
loading graph /home/xyin014/graph/or/snap_or, root file is source/or.txt, batch_num is 32, batch_size is 1635187
read: 0.062082s
|E|=327037487
|V|=8730858
streaming total time 28.661947s
|V|=8730858
Intersection Graph Marked: 18.764393s
Root Time: 0.006796
direct hop total time 1.910562s
work sharing total time 1.145764s
CommonGraph total time 1.145764s
Running: build/SSSPbaseline /home/xyin014/graph/or/snap_or source/or.txt 32 0.005 11
Error: Invalid line "% bip unweighted"
read: 135.380461s
loading graph /home/xyin014/graph/or/snap_or, root file is source/or.txt, batch_num is 32, batch_size is 1635187
read: 0.061355s
|E|=327037487
|V|=8730858
streaming total time 36.759758s
|V|=8730858
Intersection Graph Marked: 18.261692s
Root Time: 1.818244
direct hop total time 41.697163s
work sharing total time 17.120726s
CommonGraph total time 17.120726s
Running: build/SSSPbaseline /home/xyin014/graph/or/snap_or source/or.txt 32 0.005 12
Error: Invalid line "% bip unweighted"
read: 135.363064s
loading graph /home/xyin014/graph/or/snap_or, root file is source/or.txt, batch_num is 32, batch_size is 1635187
read: 0.062848s
|E|=327037487
|V|=8730858
streaming total time 26.856661s
|V|=8730858
Intersection Graph Marked: 16.520710s
Root Time: 0.015558
direct hop total time 1.550808s
work sharing total time 0.925481s
CommonGraph total time 0.925481s
Running: build/SSSPbaseline /home/xyin014/graph/or/snap_or source/or.txt 32 0.005 13
Error: Invalid line "% bip unweighted"
read: 135.092050s
loading graph /home/xyin014/graph/or/snap_or, root file is source/or.txt, batch_num is 32, batch_size is 1635187
read: 0.062507s
|E|=327037487
|V|=8730858
Re Computing: 10 1493170 824424
streaming total time 31.945438s
|V|=8730858
Intersection Graph Marked: 13.962810s
Root Time: 1.578563
direct hop total time 58.159653s
work sharing total time 27.643652s
CommonGraph total time 27.643652s
Running: build/SSSPbaseline /home/xyin014/graph/or/snap_or source/or.txt 32 0.005 14
Error: Invalid line "% bip unweighted"
read: 135.421353s
loading graph /home/xyin014/graph/or/snap_or, root file is source/or.txt, batch_num is 32, batch_size is 1635187
read: 0.061126s
|E|=327037487
|V|=8730858
streaming total time 21.472492s
|V|=8730858
Intersection Graph Marked: 18.412760s
Root Time: 0.020926
direct hop total time 1.542546s
work sharing total time 0.879611s
CommonGraph total time 0.879611s
Running: build/SSSPbaseline /home/xyin014/graph/or/snap_or source/or.txt 32 0.005 15
Error: Invalid line "% bip unweighted"
read: 135.145884s
loading graph /home/xyin014/graph/or/snap_or, root file is source/or.txt, batch_num is 32, batch_size is 1635187
read: 0.062373s
|E|=327037487
|V|=8730858
streaming total time 26.833879s
|V|=8730858
Intersection Graph Marked: 16.048266s
Root Time: 0.011438
direct hop total time 1.551636s
work sharing total time 0.880947s
CommonGraph total time 0.880947s
Running: build/SSSPbaseline /home/xyin014/graph/or/snap_or source/or.txt 64 0.0025 0
Error: Invalid line "% bip unweighted"
read: 135.478320s
loading graph /home/xyin014/graph/or/snap_or, root file is source/or.txt, batch_num is 64, batch_size is 817593
read: 0.062252s
|E|=327037487
|V|=8730858
streaming total time 26.947920s
|V|=8730858
Intersection Graph Marked: 13.892370s
Root Time: 1.478831
direct hop total time 57.959999s
work sharing total time 30.074102s
CommonGraph total time 30.074102s
Running: build/SSSPbaseline /home/xyin014/graph/or/snap_or source/or.txt 64 0.0025 1
Error: Invalid line "% bip unweighted"
read: 135.292866s
loading graph /home/xyin014/graph/or/snap_or, root file is source/or.txt, batch_num is 64, batch_size is 817593
read: 0.061663s
|E|=327037487
|V|=8730858
streaming total time 24.523327s
|V|=8730858
Intersection Graph Marked: 14.331387s
Root Time: 1.643884
direct hop total time 51.361900s
work sharing total time 30.849327s
CommonGraph total time 30.849327s
Running: build/SSSPbaseline /home/xyin014/graph/or/snap_or source/or.txt 64 0.0025 2
Error: Invalid line "% bip unweighted"
read: 135.528259s
loading graph /home/xyin014/graph/or/snap_or, root file is source/or.txt, batch_num is 64, batch_size is 817593
read: 0.062646s
|E|=327037487
|V|=8730858
streaming total time 17.107618s
|V|=8730858
Intersection Graph Marked: 17.556243s
Root Time: 0.006115
direct hop total time 3.063479s
work sharing total time 1.771455s
CommonGraph total time 1.771455s
Running: build/SSSPbaseline /home/xyin014/graph/or/snap_or source/or.txt 64 0.0025 3
Error: Invalid line "% bip unweighted"
read: 135.484575s
loading graph /home/xyin014/graph/or/snap_or, root file is source/or.txt, batch_num is 64, batch_size is 817593
read: 0.061897s
|E|=327037487
|V|=8730858
Re Computing: 8 1527490 740528
streaming total time 29.232878s
|V|=8730858
Intersection Graph Marked: 15.637288s
Root Time: 1.412924
direct hop total time 68.786102s
work sharing total time 41.470707s
CommonGraph total time 41.470707s
Running: build/SSSPbaseline /home/xyin014/graph/or/snap_or source/or.txt 64 0.0025 4
Error: Invalid line "% bip unweighted"
read: 135.345422s
loading graph /home/xyin014/graph/or/snap_or, root file is source/or.txt, batch_num is 64, batch_size is 817593
read: 0.061942s
|E|=327037487
|V|=8730858
streaming total time 16.610437s
|V|=8730858
Intersection Graph Marked: 16.811966s
Root Time: 0.006242
direct hop total time 3.274528s
work sharing total time 2.798776s
CommonGraph total time 2.798776s
Running: build/SSSPbaseline /home/xyin014/graph/or/snap_or source/or.txt 64 0.0025 5
Error: Invalid line "% bip unweighted"
read: 135.550188s
loading graph /home/xyin014/graph/or/snap_or, root file is source/or.txt, batch_num is 64, batch_size is 817593
read: 0.060862s
|E|=327037487
|V|=8730858
streaming total time 20.327141s
|V|=8730858
Intersection Graph Marked: 18.240941s
Root Time: 0.006173
direct hop total time 3.342526s
work sharing total time 2.325793s
CommonGraph total time 2.325793s
Running: build/SSSPbaseline /home/xyin014/graph/or/snap_or source/or.txt 64 0.0025 6
Error: Invalid line "% bip unweighted"
read: 135.558307s
loading graph /home/xyin014/graph/or/snap_or, root file is source/or.txt, batch_num is 64, batch_size is 817593
read: 0.062376s
|E|=327037487
|V|=8730858
Re Computing: 8 1108314 1016244
streaming total time 26.619104s
|V|=8730858
Intersection Graph Marked: 14.243296s
Root Time: 1.440239
direct hop total time 78.335899s
work sharing total time 53.241749s
CommonGraph total time 53.241749s
Running: build/SSSPbaseline /home/xyin014/graph/or/snap_or source/or.txt 64 0.0025 7
Error: Invalid line "% bip unweighted"
read: 135.418122s
loading graph /home/xyin014/graph/or/snap_or, root file is source/or.txt, batch_num is 64, batch_size is 817593
read: 0.061889s
|E|=327037487
|V|=8730858
Re Computing: 9 1859663 1413256
streaming total time 28.680969s
|V|=8730858
Intersection Graph Marked: 13.764881s
Root Time: 1.681130
direct hop total time 121.227188s
work sharing total time 86.165146s
CommonGraph total time 86.165146s
Running: build/SSSPbaseline /home/xyin014/graph/or/snap_or source/or.txt 64 0.0025 8
Error: Invalid line "% bip unweighted"
read: 135.594641s
loading graph /home/xyin014/graph/or/snap_or, root file is source/or.txt, batch_num is 64, batch_size is 817593
read: 0.062366s
|E|=327037487
|V|=8730858
streaming total time 24.534103s
|V|=8730858
Intersection Graph Marked: 15.163933s
Root Time: 1.891336
direct hop total time 61.066467s
work sharing total time 34.950081s
CommonGraph total time 34.950081s
Running: build/SSSPbaseline /home/xyin014/graph/or/snap_or source/or.txt 64 0.0025 9
Error: Invalid line "% bip unweighted"
read: 135.525701s
loading graph /home/xyin014/graph/or/snap_or, root file is source/or.txt, batch_num is 64, batch_size is 817593
read: 0.062551s
|E|=327037487
|V|=8730858
streaming total time 21.773706s
|V|=8730858
Intersection Graph Marked: 17.230959s
Root Time: 0.009016
direct hop total time 3.089200s
work sharing total time 1.742886s
CommonGraph total time 1.742886s
Running: build/SSSPbaseline /home/xyin014/graph/or/snap_or source/or.txt 64 0.0025 10
Error: Invalid line "% bip unweighted"
read: 136.843452s
loading graph /home/xyin014/graph/or/snap_or, root file is source/or.txt, batch_num is 64, batch_size is 817593
read: 0.063312s
|E|=327037487
|V|=8730858
streaming total time 18.080750s
|V|=8730858
Intersection Graph Marked: 17.818367s
Root Time: 0.006271
direct hop total time 3.032019s
work sharing total time 1.663354s
CommonGraph total time 1.663354s
Running: build/SSSPbaseline /home/xyin014/graph/or/snap_or source/or.txt 64 0.0025 11
Error: Invalid line "% bip unweighted"
read: 135.391551s
loading graph /home/xyin014/graph/or/snap_or, root file is source/or.txt, batch_num is 64, batch_size is 817593
read: 0.061401s
|E|=327037487
|V|=8730858
streaming total time 29.443264s
|V|=8730858
Intersection Graph Marked: 20.398242s
Root Time: 1.828065
direct hop total time 91.476227s
work sharing total time 35.957783s
CommonGraph total time 35.957783s
Running: build/SSSPbaseline /home/xyin014/graph/or/snap_or source/or.txt 64 0.0025 12
Error: Invalid line "% bip unweighted"
read: 137.251784s
loading graph /home/xyin014/graph/or/snap_or, root file is source/or.txt, batch_num is 64, batch_size is 817593
read: 0.071986s
|E|=327037487
|V|=8730858
streaming total time 17.752033s
|V|=8730858
Intersection Graph Marked: 23.828952s
Root Time: 0.006223
direct hop total time 2.969342s
work sharing total time 1.697926s
CommonGraph total time 1.697926s
Running: build/SSSPbaseline /home/xyin014/graph/or/snap_or source/or.txt 64 0.0025 13
Error: Invalid line "% bip unweighted"
read: 135.357255s
loading graph /home/xyin014/graph/or/snap_or, root file is source/or.txt, batch_num is 64, batch_size is 817593
read: 0.062846s
|E|=327037487
|V|=8730858
Re Computing: 10 1348937 834354
streaming total time 27.816303s
|V|=8730858
Intersection Graph Marked: 17.298184s
Root Time: 1.569160
direct hop total time 113.729858s
work sharing total time 52.289776s
CommonGraph total time 52.289776s
Running: build/SSSPbaseline /home/xyin014/graph/or/snap_or source/or.txt 64 0.0025 14
Error: Invalid line "% bip unweighted"
read: 135.825212s
loading graph /home/xyin014/graph/or/snap_or, root file is source/or.txt, batch_num is 64, batch_size is 817593
read: 0.063193s
|E|=327037487
|V|=8730858
streaming total time 17.682770s
|V|=8730858
Intersection Graph Marked: 18.563727s
Root Time: 0.006161
direct hop total time 3.034192s
work sharing total time 1.762070s
CommonGraph total time 1.762070s
Running: build/SSSPbaseline /home/xyin014/graph/or/snap_or source/or.txt 64 0.0025 15
Error: Invalid line "% bip unweighted"
read: 135.557062s
loading graph /home/xyin014/graph/or/snap_or, root file is source/or.txt, batch_num is 64, batch_size is 817593
read: 0.062080s
|E|=327037487
|V|=8730858
streaming total time 19.085453s
|V|=8730858
Intersection Graph Marked: 18.872174s
Root Time: 0.016569
direct hop total time 3.024982s
work sharing total time 1.888025s
CommonGraph total time 1.888025s
Running: build/SSSPbaseline /home/xyin014/graph/ttw/ttw_snap source/TW_queries.txt 8 0.02 0
Error: Invalid line "% asym unweighted"
read: 634.755388s
loading graph /home/xyin014/graph/ttw/ttw_snap, root file is source/TW_queries.txt, batch_num is 8, batch_size is 29367303
read: 0.282104s
|E|=1468365182
|V|=41652231
streaming total time 193.911514s
|V|=41652231
Intersection Graph Marked: 33.677594s
Root Time: 6.784316
direct hop total time 24.376270s
work sharing total time 15.409216s
CommonGraph total time 15.409216s
Running: build/SSSPbaseline /home/xyin014/graph/ttw/ttw_snap source/TW_queries.txt 8 0.02 1
Error: Invalid line "% asym unweighted"
read: 634.044696s
loading graph /home/xyin014/graph/ttw/ttw_snap, root file is source/TW_queries.txt, batch_num is 8, batch_size is 29367303
read: 0.288516s
|E|=1468365182
|V|=41652231
streaming total time 166.966980s
|V|=41652231
Intersection Graph Marked: 33.519705s
Root Time: 5.246716
direct hop total time 23.685438s
work sharing total time 14.378663s
CommonGraph total time 14.378663s
Running: build/SSSPbaseline /home/xyin014/graph/ttw/ttw_snap source/TW_queries.txt 8 0.02 2
Error: Invalid line "% asym unweighted"
read: 626.152331s
loading graph /home/xyin014/graph/ttw/ttw_snap, root file is source/TW_queries.txt, batch_num is 8, batch_size is 29367303
read: 0.292062s
|E|=1468365182
|V|=41652231
Re Computing: 5 1916882 460219
Re Computing: 3 1901324 311902
streaming total time 198.982956s
|V|=41652231
Intersection Graph Marked: 33.814208s
Root Time: 5.169942
direct hop total time 36.637867s
work sharing total time 26.307261s
CommonGraph total time 26.307261s
Running: build/SSSPbaseline /home/xyin014/graph/ttw/ttw_snap source/TW_queries.txt 8 0.02 3
Error: Invalid line "% asym unweighted"
read: 636.853568s
loading graph /home/xyin014/graph/ttw/ttw_snap, root file is source/TW_queries.txt, batch_num is 8, batch_size is 29367303
read: 0.308510s
|E|=1468365182
|V|=41652231
Re Computing: 4 1657272 660087
streaming total time 198.103714s
|V|=41652231
Intersection Graph Marked: 33.699748s
Root Time: 5.285657
direct hop total time 25.300196s
work sharing total time 16.756826s
CommonGraph total time 16.756826s
Running: build/SSSPbaseline /home/xyin014/graph/ttw/ttw_snap source/TW_queries.txt 8 0.02 4
Error: Invalid line "% asym unweighted"
read: 630.348456s
loading graph /home/xyin014/graph/ttw/ttw_snap, root file is source/TW_queries.txt, batch_num is 8, batch_size is 29367303
read: 0.299250s
|E|=1468365182
|V|=41652231
streaming total time 207.608566s
|V|=41652231
Intersection Graph Marked: 33.741550s
Root Time: 5.511489
direct hop total time 26.632416s
work sharing total time 15.868670s
CommonGraph total time 15.868670s
Running: build/SSSPbaseline /home/xyin014/graph/ttw/ttw_snap source/TW_queries.txt 8 0.02 5
Error: Invalid line "% asym unweighted"
read: 631.469849s
loading graph /home/xyin014/graph/ttw/ttw_snap, root file is source/TW_queries.txt, batch_num is 8, batch_size is 29367303
read: 0.295003s
|E|=1468365182
|V|=41652231
streaming total time 188.232727s
|V|=41652231
Intersection Graph Marked: 33.819021s
Root Time: 5.230133
direct hop total time 25.354805s
work sharing total time 15.818866s
CommonGraph total time 15.818866s
Running: build/SSSPbaseline /home/xyin014/graph/ttw/ttw_snap source/TW_queries.txt 8 0.02 6
Error: Invalid line "% asym unweighted"
read: 625.737876s
loading graph /home/xyin014/graph/ttw/ttw_snap, root file is source/TW_queries.txt, batch_num is 8, batch_size is 29367303
read: 0.292358s
|E|=1468365182
|V|=41652231
streaming total time 178.551666s
|V|=41652231
Intersection Graph Marked: 33.555690s
Root Time: 0.027889
direct hop total time 3.750167s
work sharing total time 2.568841s
CommonGraph total time 2.568841s
Running: build/SSSPbaseline /home/xyin014/graph/ttw/ttw_snap source/TW_queries.txt 8 0.02 7
Error: Invalid line "% asym unweighted"
read: 631.151647s
loading graph /home/xyin014/graph/ttw/ttw_snap, root file is source/TW_queries.txt, batch_num is 8, batch_size is 29367303
read: 0.291289s
|E|=1468365182
|V|=41652231
Re Computing: 3 1995358 1017341
Re Computing: 4 1831623 1616156
streaming total time 193.559418s
|V|=41652231
Intersection Graph Marked: 33.501402s
Root Time: 5.506103
direct hop total time 36.085369s
work sharing total time 24.863997s
CommonGraph total time 24.863997s
Running: build/SSSPbaseline /home/xyin014/graph/ttw/ttw_snap source/TW_queries.txt 8 0.02 8
Error: Invalid line "% asym unweighted"
read: 625.383342s
loading graph /home/xyin014/graph/ttw/ttw_snap, root file is source/TW_queries.txt, batch_num is 8, batch_size is 29367303
read: 0.291615s
|E|=1468365182
|V|=41652231
streaming total time 207.164474s
|V|=41652231
Intersection Graph Marked: 33.597641s
Root Time: 5.300702
direct hop total time 35.804813s
work sharing total time 17.639385s
CommonGraph total time 17.639385s
Running: build/SSSPbaseline /home/xyin014/graph/ttw/ttw_snap source/TW_queries.txt 8 0.02 9
Error: Invalid line "% asym unweighted"
read: 626.180937s
loading graph /home/xyin014/graph/ttw/ttw_snap, root file is source/TW_queries.txt, batch_num is 8, batch_size is 29367303
read: 0.288445s
|E|=1468365182
|V|=41652231
Re Computing: 4 1893406 763684
streaming total time 195.805664s
|V|=41652231
Intersection Graph Marked: 33.432246s
Root Time: 6.477657
direct hop total time 25.088825s
work sharing total time 15.836515s
CommonGraph total time 15.836515s
Running: build/SSSPbaseline /home/xyin014/graph/ttw/ttw_snap source/TW_queries.txt 8 0.02 10
Error: Invalid line "% asym unweighted"
read: 625.059168s
loading graph /home/xyin014/graph/ttw/ttw_snap, root file is source/TW_queries.txt, batch_num is 8, batch_size is 29367303
read: 0.292317s
|E|=1468365182
|V|=41652231
streaming total time 176.724289s
|V|=41652231
Intersection Graph Marked: 33.660720s
Root Time: 5.501231
direct hop total time 30.552540s
work sharing total time 17.857689s
CommonGraph total time 17.857689s
Running: build/SSSPbaseline /home/xyin014/graph/ttw/ttw_snap source/TW_queries.txt 8 0.02 11
Error: Invalid line "% asym unweighted"
read: 630.627279s
loading graph /home/xyin014/graph/ttw/ttw_snap, root file is source/TW_queries.txt, batch_num is 8, batch_size is 29367303
read: 0.335089s
|E|=1468365182
|V|=41652231
Re Computing: 2 1372233 1117415
Re Computing: 4 1967675 215117
Re Computing: 3 1674903 839904
Re Computing: 4 1925419 272184
streaming total time 213.985260s
|V|=41652231
Intersection Graph Marked: 34.279631s
Root Time: 5.426693
direct hop total time 34.766560s
work sharing total time 24.405779s
CommonGraph total time 24.405779s
Running: build/SSSPbaseline /home/xyin014/graph/ttw/ttw_snap source/TW_queries.txt 8 0.02 12
Error: Invalid line "% asym unweighted"
read: 714.253515s
loading graph /home/xyin014/graph/ttw/ttw_snap, root file is source/TW_queries.txt, batch_num is 8, batch_size is 29367303
read: 0.293346s
|E|=1468365182
|V|=41652231
Re Computing: 2 1561174 731737
streaming total time 193.671692s
|V|=41652231
Intersection Graph Marked: 33.792282s
Root Time: 0.075237
direct hop total time 152.024307s
work sharing total time 107.882187s
CommonGraph total time 107.882187s
Running: build/SSSPbaseline /home/xyin014/graph/ttw/ttw_snap source/TW_queries.txt 8 0.02 13
Error: Invalid line "% asym unweighted"
read: 625.985451s
loading graph /home/xyin014/graph/ttw/ttw_snap, root file is source/TW_queries.txt, batch_num is 8, batch_size is 29367303
read: 0.291917s
|E|=1468365182
|V|=41652231
streaming total time 186.411911s
|V|=41652231
Intersection Graph Marked: 33.585799s
Root Time: 5.402640
direct hop total time 27.912724s
work sharing total time 16.855688s
CommonGraph total time 16.855688s
Running: build/SSSPbaseline /home/xyin014/graph/ttw/ttw_snap source/TW_queries.txt 8 0.02 14
Error: Invalid line "% asym unweighted"
read: 629.418846s
loading graph /home/xyin014/graph/ttw/ttw_snap, root file is source/TW_queries.txt, batch_num is 8, batch_size is 29367303
read: 0.296512s
|E|=1468365182
|V|=41652231
streaming total time 195.614441s
|V|=41652231
Intersection Graph Marked: 34.169721s
Root Time: 5.607681
direct hop total time 27.868591s
work sharing total time 16.293901s
CommonGraph total time 16.293901s
Running: build/SSSPbaseline /home/xyin014/graph/ttw/ttw_snap source/TW_queries.txt 8 0.02 15
Error: Invalid line "% asym unweighted"
read: 625.789180s
loading graph /home/xyin014/graph/ttw/ttw_snap, root file is source/TW_queries.txt, batch_num is 8, batch_size is 29367303
read: 0.291043s
|E|=1468365182
|V|=41652231
streaming total time 192.800598s
|V|=41652231
Intersection Graph Marked: 33.502621s
Root Time: 5.712065
direct hop total time 24.777866s
work sharing total time 15.021036s
CommonGraph total time 15.021036s
Running: build/SSSPbaseline /home/xyin014/graph/ttw/ttw_snap source/TW_queries.txt 16 0.01 0
Error: Invalid line "% asym unweighted"
read: 625.183598s
loading graph /home/xyin014/graph/ttw/ttw_snap, root file is source/TW_queries.txt, batch_num is 16, batch_size is 14683651
read: 0.294400s
|E|=1468365182
|V|=41652231
streaming total time 191.070724s
|V|=41652231
Intersection Graph Marked: 33.535238s
Root Time: 6.954678
direct hop total time 48.434010s
work sharing total time 27.903877s
CommonGraph total time 27.903877s
Running: build/SSSPbaseline /home/xyin014/graph/ttw/ttw_snap source/TW_queries.txt 16 0.01 1
Error: Invalid line "% asym unweighted"
read: 625.422664s
loading graph /home/xyin014/graph/ttw/ttw_snap, root file is source/TW_queries.txt, batch_num is 16, batch_size is 14683651
read: 0.293382s
|E|=1468365182
|V|=41652231
streaming total time 185.229248s
|V|=41652231
Intersection Graph Marked: 33.648208s
Root Time: 5.238561
direct hop total time 45.468468s
work sharing total time 25.657230s
CommonGraph total time 25.657230s
Running: build/SSSPbaseline /home/xyin014/graph/ttw/ttw_snap source/TW_queries.txt 16 0.01 2
Error: Invalid line "% asym unweighted"
read: 628.214669s
loading graph /home/xyin014/graph/ttw/ttw_snap, root file is source/TW_queries.txt, batch_num is 16, batch_size is 14683651
read: 0.297107s
|E|=1468365182
|V|=41652231
Re Computing: 5 1939378 2265462
streaming total time 208.103806s
|V|=41652231
Intersection Graph Marked: 33.428661s
Root Time: 5.255693
direct hop total time 74.805016s
work sharing total time 49.097599s
CommonGraph total time 49.097599s
Running: build/SSSPbaseline /home/xyin014/graph/ttw/ttw_snap source/TW_queries.txt 16 0.01 3
Error: Invalid line "% asym unweighted"
read: 626.236260s
loading graph /home/xyin014/graph/ttw/ttw_snap, root file is source/TW_queries.txt, batch_num is 16, batch_size is 14683651
read: 0.302474s
|E|=1468365182
|V|=41652231
streaming total time 183.732315s
|V|=41652231
Intersection Graph Marked: 33.440183s
Root Time: 5.683277
direct hop total time 50.462822s
work sharing total time 29.216522s
CommonGraph total time 29.216522s
Running: build/SSSPbaseline /home/xyin014/graph/ttw/ttw_snap source/TW_queries.txt 16 0.01 4
Error: Invalid line "% asym unweighted"
read: 625.857580s
loading graph /home/xyin014/graph/ttw/ttw_snap, root file is source/TW_queries.txt, batch_num is 16, batch_size is 14683651
read: 0.289766s
|E|=1468365182
|V|=41652231
streaming total time 196.722031s
|V|=41652231
Intersection Graph Marked: 33.608429s
Root Time: 5.537760
direct hop total time 46.298279s
work sharing total time 25.712368s
CommonGraph total time 25.712368s
Running: build/SSSPbaseline /home/xyin014/graph/ttw/ttw_snap source/TW_queries.txt 16 0.01 5
Error: Invalid line "% asym unweighted"
read: 626.249561s
loading graph /home/xyin014/graph/ttw/ttw_snap, root file is source/TW_queries.txt, batch_num is 16, batch_size is 14683651
read: 0.295668s
|E|=1468365182
|V|=41652231
streaming total time 183.674423s
|V|=41652231
Intersection Graph Marked: 33.668684s
Root Time: 5.386276
direct hop total time 46.291153s
work sharing total time 25.914150s
CommonGraph total time 25.914150s
Running: build/SSSPbaseline /home/xyin014/graph/ttw/ttw_snap source/TW_queries.txt 16 0.01 6
Error: Invalid line "% asym unweighted"
read: 629.463057s
loading graph /home/xyin014/graph/ttw/ttw_snap, root file is source/TW_queries.txt, batch_num is 16, batch_size is 14683651
read: 0.289780s
|E|=1468365182
|V|=41652231
streaming total time 201.478867s
|V|=41652231
Intersection Graph Marked: 33.636276s
Root Time: 0.077185
direct hop total time 6.719938s
work sharing total time 4.539319s
CommonGraph total time 4.539319s
Running: build/SSSPbaseline /home/xyin014/graph/ttw/ttw_snap source/TW_queries.txt 16 0.01 7
Error: Invalid line "% asym unweighted"
read: 625.151048s
loading graph /home/xyin014/graph/ttw/ttw_snap, root file is source/TW_queries.txt, batch_num is 16, batch_size is 14683651
read: 0.313707s
|E|=1468365182
|V|=41652231
Re Computing: 4 1320190 2515969
Re Computing: 4 1074217 1627497
streaming total time 195.705185s
|V|=41652231
Intersection Graph Marked: 33.570463s
Root Time: 5.582807
direct hop total time 72.716240s
work sharing total time 45.183491s
CommonGraph total time 45.183491s
Running: build/SSSPbaseline /home/xyin014/graph/ttw/ttw_snap source/TW_queries.txt 16 0.01 8
Error: Invalid line "% asym unweighted"
read: 625.669694s
loading graph /home/xyin014/graph/ttw/ttw_snap, root file is source/TW_queries.txt, batch_num is 16, batch_size is 14683651
read: 0.288044s
|E|=1468365182
|V|=41652231
streaming total time 186.114258s
|V|=41652231
Intersection Graph Marked: 33.772441s
Root Time: 5.420141
direct hop total time 67.359741s
work sharing total time 29.769367s
CommonGraph total time 29.769367s
Running: build/SSSPbaseline /home/xyin014/graph/ttw/ttw_snap source/TW_queries.txt 16 0.01 9
Error: Invalid line "% asym unweighted"
read: 628.937512s
loading graph /home/xyin014/graph/ttw/ttw_snap, root file is source/TW_queries.txt, batch_num is 16, batch_size is 14683651
read: 0.295588s
|E|=1468365182
|V|=41652231
Re Computing: 6 2031447 162888
streaming total time 187.487427s
|V|=41652231
Intersection Graph Marked: 33.906467s
Root Time: 6.047043
direct hop total time 51.262951s
work sharing total time 28.875269s
CommonGraph total time 28.875269s
Running: build/SSSPbaseline /home/xyin014/graph/ttw/ttw_snap source/TW_queries.txt 16 0.01 10
Error: Invalid line "% asym unweighted"
read: 626.641226s
loading graph /home/xyin014/graph/ttw/ttw_snap, root file is source/TW_queries.txt, batch_num is 16, batch_size is 14683651
read: 0.294143s
|E|=1468365182
|V|=41652231
streaming total time 182.755600s
|V|=41652231
Intersection Graph Marked: 33.461433s
Root Time: 5.439346
direct hop total time 54.197773s
work sharing total time 28.222101s
CommonGraph total time 28.222101s
Running: build/SSSPbaseline /home/xyin014/graph/ttw/ttw_snap source/TW_queries.txt 16 0.01 11
Error: Invalid line "% asym unweighted"
read: 625.307722s
loading graph /home/xyin014/graph/ttw/ttw_snap, root file is source/TW_queries.txt, batch_num is 16, batch_size is 14683651
read: 0.298254s
|E|=1468365182
|V|=41652231
Re Computing: 3 1616495 6715698
Re Computing: 4 1608624 2805364
streaming total time 199.934158s
|V|=41652231
Intersection Graph Marked: 33.706526s
Root Time: 5.496789
direct hop total time 65.129440s
work sharing total time 41.564495s
CommonGraph total time 41.564495s
Running: build/SSSPbaseline /home/xyin014/graph/ttw/ttw_snap source/TW_queries.txt 16 0.01 12
Error: Invalid line "% asym unweighted"
read: 625.360054s
loading graph /home/xyin014/graph/ttw/ttw_snap, root file is source/TW_queries.txt, batch_num is 16, batch_size is 14683651
read: 0.290464s
|E|=1468365182
|V|=41652231
Re Computing: 4 1711150 4514197
streaming total time 193.889084s
|V|=41652231
Intersection Graph Marked: 33.998959s
Root Time: 0.078442
direct hop total time 136.807724s
work sharing total time 194.345078s
CommonGraph total time 194.345078s
Running: build/SSSPbaseline /home/xyin014/graph/ttw/ttw_snap source/TW_queries.txt 16 0.01 13
Error: Invalid line "% asym unweighted"
read: 627.802469s
loading graph /home/xyin014/graph/ttw/ttw_snap, root file is source/TW_queries.txt, batch_num is 16, batch_size is 14683651
read: 0.291655s
|E|=1468365182
|V|=41652231
streaming total time 195.392212s
|V|=41652231
Intersection Graph Marked: 33.408162s
Root Time: 5.477852
direct hop total time 51.133289s
work sharing total time 29.164360s
CommonGraph total time 29.164360s
Running: build/SSSPbaseline /home/xyin014/graph/ttw/ttw_snap source/TW_queries.txt 16 0.01 14
Error: Invalid line "% asym unweighted"
read: 625.125845s
loading graph /home/xyin014/graph/ttw/ttw_snap, root file is source/TW_queries.txt, batch_num is 16, batch_size is 14683651
read: 0.289903s
|E|=1468365182
|V|=41652231
streaming total time 182.308136s
|V|=41652231
Intersection Graph Marked: 33.742138s
Root Time: 5.602981
direct hop total time 46.235962s
work sharing total time 25.603519s
CommonGraph total time 25.603519s
Running: build/SSSPbaseline /home/xyin014/graph/ttw/ttw_snap source/TW_queries.txt 16 0.01 15
Error: Invalid line "% asym unweighted"
read: 624.907562s
loading graph /home/xyin014/graph/ttw/ttw_snap, root file is source/TW_queries.txt, batch_num is 16, batch_size is 14683651
read: 0.295268s
|E|=1468365182
|V|=41652231
streaming total time 184.424820s
|V|=41652231
Intersection Graph Marked: 33.636151s
Root Time: 5.919455
direct hop total time 46.271862s
work sharing total time 25.726240s
CommonGraph total time 25.726240s
Running: build/SSSPbaseline /home/xyin014/graph/ttw/ttw_snap source/TW_queries.txt 32 0.005 0
Error: Invalid line "% asym unweighted"
read: 625.116045s
loading graph /home/xyin014/graph/ttw/ttw_snap, root file is source/TW_queries.txt, batch_num is 32, batch_size is 7341825
read: 0.297627s
|E|=1468365182
|V|=41652231
streaming total time 168.756714s
|V|=41652231
Intersection Graph Marked: 33.600179s
Root Time: 6.887499
direct hop total time 97.322006s
work sharing total time 53.462166s
CommonGraph total time 53.462166s
Running: build/SSSPbaseline /home/xyin014/graph/ttw/ttw_snap source/TW_queries.txt 32 0.005 1
Error: Invalid line "% asym unweighted"
read: 626.529416s
loading graph /home/xyin014/graph/ttw/ttw_snap, root file is source/TW_queries.txt, batch_num is 32, batch_size is 7341825
read: 0.295966s
|E|=1468365182
|V|=41652231
streaming total time 170.550079s
|V|=41652231
Intersection Graph Marked: 33.782782s
Root Time: 5.295842
direct hop total time 85.818558s
work sharing total time 45.836361s
CommonGraph total time 45.836361s
Running: build/SSSPbaseline /home/xyin014/graph/ttw/ttw_snap source/TW_queries.txt 32 0.005 2
Error: Invalid line "% asym unweighted"
read: 625.034212s
loading graph /home/xyin014/graph/ttw/ttw_snap, root file is source/TW_queries.txt, batch_num is 32, batch_size is 7341825
read: 0.296461s
|E|=1468365182
|V|=41652231
Re Computing: 5 1146578 2378623
streaming total time 178.021881s
|V|=41652231
Intersection Graph Marked: 33.839367s
Root Time: 5.317834
direct hop total time 134.635086s
work sharing total time 88.361687s
CommonGraph total time 88.361687s
Running: build/SSSPbaseline /home/xyin014/graph/ttw/ttw_snap source/TW_queries.txt 32 0.005 3
Error: Invalid line "% asym unweighted"
read: 625.444656s
loading graph /home/xyin014/graph/ttw/ttw_snap, root file is source/TW_queries.txt, batch_num is 32, batch_size is 7341825
read: 0.293577s
|E|=1468365182
|V|=41652231
streaming total time 175.169952s
|V|=41652231
Intersection Graph Marked: 33.495096s
Root Time: 5.539703
direct hop total time 100.206490s
work sharing total time 55.169048s
CommonGraph total time 55.169048s
Running: build/SSSPbaseline /home/xyin014/graph/ttw/ttw_snap source/TW_queries.txt 32 0.005 4
Error: Invalid line "% asym unweighted"
read: 625.533100s
loading graph /home/xyin014/graph/ttw/ttw_snap, root file is source/TW_queries.txt, batch_num is 32, batch_size is 7341825
read: 0.292058s
|E|=1468365182
|V|=41652231
streaming total time 177.749359s
|V|=41652231
Intersection Graph Marked: 33.873924s
Root Time: 5.363059
direct hop total time 90.145096s
work sharing total time 47.810989s
CommonGraph total time 47.810989s
Running: build/SSSPbaseline /home/xyin014/graph/ttw/ttw_snap source/TW_queries.txt 32 0.005 5
Error: Invalid line "% asym unweighted"
read: 628.127247s
loading graph /home/xyin014/graph/ttw/ttw_snap, root file is source/TW_queries.txt, batch_num is 32, batch_size is 7341825
read: 0.293618s
|E|=1468365182
|V|=41652231
streaming total time 166.162674s
|V|=41652231
Intersection Graph Marked: 33.552965s
Root Time: 5.260252
direct hop total time 98.783485s
work sharing total time 51.999779s
CommonGraph total time 51.999779s
Running: build/SSSPbaseline /home/xyin014/graph/ttw/ttw_snap source/TW_queries.txt 32 0.005 6
Error: Invalid line "% asym unweighted"
read: 625.845483s
loading graph /home/xyin014/graph/ttw/ttw_snap, root file is source/TW_queries.txt, batch_num is 32, batch_size is 7341825
read: 0.292532s
|E|=1468365182
|V|=41652231
streaming total time 169.152130s
|V|=41652231
Intersection Graph Marked: 33.761764s
Root Time: 0.027296
direct hop total time 12.299937s
work sharing total time 6.662829s
CommonGraph total time 6.662829s
Running: build/SSSPbaseline /home/xyin014/graph/ttw/ttw_snap source/TW_queries.txt 32 0.005 7
Error: Invalid line "% asym unweighted"
read: 625.920007s
loading graph /home/xyin014/graph/ttw/ttw_snap, root file is source/TW_queries.txt, batch_num is 32, batch_size is 7341825
read: 0.293485s
|E|=1468365182
|V|=41652231
Re Computing: 4 733563 2468120
Re Computing: 4 671857 1630298
streaming total time 192.824783s
|V|=41652231
Intersection Graph Marked: 33.531438s
Root Time: 5.629298
direct hop total time 129.519821s
work sharing total time 80.323746s
CommonGraph total time 80.323746s
Running: build/SSSPbaseline /home/xyin014/graph/ttw/ttw_snap source/TW_queries.txt 32 0.005 8
Error: Invalid line "% asym unweighted"
read: 625.436574s
loading graph /home/xyin014/graph/ttw/ttw_snap, root file is source/TW_queries.txt, batch_num is 32, batch_size is 7341825
read: 0.291541s
|E|=1468365182
|V|=41652231
streaming total time 169.682251s
|V|=41652231
Intersection Graph Marked: 33.547278s
Root Time: 5.506222
direct hop total time 122.927025s
work sharing total time 49.818062s
CommonGraph total time 49.818062s
Running: build/SSSPbaseline /home/xyin014/graph/ttw/ttw_snap source/TW_queries.txt 32 0.005 9
Error: Invalid line "% asym unweighted"
read: 627.535451s
loading graph /home/xyin014/graph/ttw/ttw_snap, root file is source/TW_queries.txt, batch_num is 32, batch_size is 7341825
read: 0.298685s
|E|=1468365182
|V|=41652231
streaming total time 174.847412s
|V|=41652231
Intersection Graph Marked: 33.678580s
Root Time: 5.913458
direct hop total time 92.278198s
work sharing total time 49.425911s
CommonGraph total time 49.425911s
Running: build/SSSPbaseline /home/xyin014/graph/ttw/ttw_snap source/TW_queries.txt 32 0.005 10
Error: Invalid line "% asym unweighted"
read: 629.620610s
loading graph /home/xyin014/graph/ttw/ttw_snap, root file is source/TW_queries.txt, batch_num is 32, batch_size is 7341825
read: 0.328563s
|E|=1468365182
|V|=41652231
streaming total time 172.911545s
|V|=41652231
Intersection Graph Marked: 33.802358s
Root Time: 5.513874
direct hop total time 106.650459s
work sharing total time 52.999477s
CommonGraph total time 52.999477s
Running: build/SSSPbaseline /home/xyin014/graph/ttw/ttw_snap source/TW_queries.txt 32 0.005 11
Error: Invalid line "% asym unweighted"
read: 626.179487s
loading graph /home/xyin014/graph/ttw/ttw_snap, root file is source/TW_queries.txt, batch_num is 32, batch_size is 7341825
read: 0.292033s
|E|=1468365182
|V|=41652231
Re Computing: 3 1188146 6686376
Re Computing: 4 1148312 2812947
streaming total time 183.178253s
|V|=41652231
Intersection Graph Marked: 33.545583s
Root Time: 5.502969
direct hop total time 131.102905s
work sharing total time 82.086105s
CommonGraph total time 82.086105s
Running: build/SSSPbaseline /home/xyin014/graph/ttw/ttw_snap source/TW_queries.txt 32 0.005 12
Error: Invalid line "% asym unweighted"
read: 625.315036s
loading graph /home/xyin014/graph/ttw/ttw_snap, root file is source/TW_queries.txt, batch_num is 32, batch_size is 7341825
read: 0.315095s
|E|=1468365182
|V|=41652231
Re Computing: 4 1074185 4513587
streaming total time 178.969406s
|V|=41652231
Intersection Graph Marked: 33.219849s
Root Time: 0.027035
direct hop total time 586.598633s
work sharing total time 367.732208s
CommonGraph total time 367.732208s
Running: build/SSSPbaseline /home/xyin014/graph/ttw/ttw_snap source/TW_queries.txt 32 0.005 13
Error: Invalid line "% asym unweighted"
read: 624.954763s
loading graph /home/xyin014/graph/ttw/ttw_snap, root file is source/TW_queries.txt, batch_num is 32, batch_size is 7341825
read: 0.290565s
|E|=1468365182
|V|=41652231
streaming total time 187.752426s
|V|=41652231
Intersection Graph Marked: 33.885279s
Root Time: 5.336129
direct hop total time 93.299644s
work sharing total time 50.551105s
CommonGraph total time 50.551105s
Running: build/SSSPbaseline /home/xyin014/graph/ttw/ttw_snap source/TW_queries.txt 32 0.005 14
Error: Invalid line "% asym unweighted"
read: 625.125215s
loading graph /home/xyin014/graph/ttw/ttw_snap, root file is source/TW_queries.txt, batch_num is 32, batch_size is 7341825
read: 0.287177s
|E|=1468365182
|V|=41652231
streaming total time 160.977676s
|V|=41652231
Intersection Graph Marked: 33.550287s
Root Time: 5.420615
direct hop total time 95.253471s
work sharing total time 49.435898s
CommonGraph total time 49.435898s
Running: build/SSSPbaseline /home/xyin014/graph/ttw/ttw_snap source/TW_queries.txt 32 0.005 15
Error: Invalid line "% asym unweighted"
read: 625.264193s
loading graph /home/xyin014/graph/ttw/ttw_snap, root file is source/TW_queries.txt, batch_num is 32, batch_size is 7341825
read: 0.285473s
|E|=1468365182
|V|=41652231
streaming total time 190.471786s
|V|=41652231
Intersection Graph Marked: 33.597409s
Root Time: 5.836584
direct hop total time 89.567596s
work sharing total time 47.106091s
CommonGraph total time 47.106091s
Running: build/SSSPbaseline /home/xyin014/graph/ttw/ttw_snap source/TW_queries.txt 64 0.0025 0
Error: Invalid line "% asym unweighted"
read: 625.275875s
loading graph /home/xyin014/graph/ttw/ttw_snap, root file is source/TW_queries.txt, batch_num is 64, batch_size is 3670912
read: 0.288601s
|E|=1468365182
|V|=41652231
streaming total time 170.217072s
|V|=41652231
Intersection Graph Marked: 33.975835s
Root Time: 7.034262
direct hop total time 187.171906s
work sharing total time 99.249924s
CommonGraph total time 99.249924s
Running: build/SSSPbaseline /home/xyin014/graph/ttw/ttw_snap source/TW_queries.txt 64 0.0025 1
Error: Invalid line "% asym unweighted"
read: 625.011315s
loading graph /home/xyin014/graph/ttw/ttw_snap, root file is source/TW_queries.txt, batch_num is 64, batch_size is 3670912
read: 0.291417s
|E|=1468365182
|V|=41652231
streaming total time 161.287231s
|V|=41652231
Intersection Graph Marked: 33.792415s
Root Time: 5.267189
direct hop total time 176.944595s
work sharing total time 91.231873s
CommonGraph total time 91.231873s
Running: build/SSSPbaseline /home/xyin014/graph/ttw/ttw_snap source/TW_queries.txt 64 0.0025 2
Error: Invalid line "% asym unweighted"
read: 625.290428s
loading graph /home/xyin014/graph/ttw/ttw_snap, root file is source/TW_queries.txt, batch_num is 64, batch_size is 3670912
read: 0.294363s
|E|=1468365182
|V|=41652231
Re Computing: 5 735582 2305539
streaming total time 181.865097s
|V|=41652231
Intersection Graph Marked: 33.708855s
Root Time: 5.235001
direct hop total time 254.662354s
work sharing total time 167.366364s
CommonGraph total time 167.366364s
Running: build/SSSPbaseline /home/xyin014/graph/ttw/ttw_snap source/TW_queries.txt 64 0.0025 3
Error: Invalid line "% asym unweighted"
read: 625.235634s
loading graph /home/xyin014/graph/ttw/ttw_snap, root file is source/TW_queries.txt, batch_num is 64, batch_size is 3670912
read: 0.293340s
|E|=1468365182
|V|=41652231
streaming total time 166.381165s
|V|=41652231
Intersection Graph Marked: 33.539621s
Root Time: 5.615865
direct hop total time 205.376770s
work sharing total time 109.874435s
CommonGraph total time 109.874435s
Running: build/SSSPbaseline /home/xyin014/graph/ttw/ttw_snap source/TW_queries.txt 64 0.0025 4
Error: Invalid line "% asym unweighted"
read: 625.947970s
loading graph /home/xyin014/graph/ttw/ttw_snap, root file is source/TW_queries.txt, batch_num is 64, batch_size is 3670912
read: 0.299549s
|E|=1468365182
|V|=41652231
streaming total time 169.740723s
|V|=41652231
Intersection Graph Marked: 34.813866s
Root Time: 5.381599
direct hop total time 178.776627s
work sharing total time 91.988609s
CommonGraph total time 91.988609s
Running: build/SSSPbaseline /home/xyin014/graph/ttw/ttw_snap source/TW_queries.txt 64 0.0025 5
Error: Invalid line "% asym unweighted"
read: 624.923953s
loading graph /home/xyin014/graph/ttw/ttw_snap, root file is source/TW_queries.txt, batch_num is 64, batch_size is 3670912
read: 0.295307s
|E|=1468365182
|V|=41652231
streaming total time 153.855423s
|V|=41652231
Intersection Graph Marked: 33.658560s
Root Time: 5.370616
direct hop total time 191.784225s
work sharing total time 99.157326s
CommonGraph total time 99.157326s
Running: build/SSSPbaseline /home/xyin014/graph/ttw/ttw_snap source/TW_queries.txt 64 0.0025 6
Error: Invalid line "% asym unweighted"
read: 625.431472s
loading graph /home/xyin014/graph/ttw/ttw_snap, root file is source/TW_queries.txt, batch_num is 64, batch_size is 3670912
read: 0.292182s
|E|=1468365182
|V|=41652231
streaming total time 153.024551s
|V|=41652231
Intersection Graph Marked: 33.137322s
Root Time: 0.068664
direct hop total time 24.371984s
work sharing total time 13.448037s
CommonGraph total time 13.448037s
Running: build/SSSPbaseline /home/xyin014/graph/ttw/ttw_snap source/TW_queries.txt 64 0.0025 7
Error: Invalid line "% asym unweighted"
read: 627.424785s
loading graph /home/xyin014/graph/ttw/ttw_snap, root file is source/TW_queries.txt, batch_num is 64, batch_size is 3670912
read: 0.284375s
|E|=1468365182
|V|=41652231
Re Computing: 4 363480 2430886
Re Computing: 4 479243 1632106
streaming total time 158.507324s
|V|=41652231
Intersection Graph Marked: 33.576643s
Root Time: 5.399159
direct hop total time 254.933624s
work sharing total time 155.350876s
CommonGraph total time 155.350876s
Running: build/SSSPbaseline /home/xyin014/graph/ttw/ttw_snap source/TW_queries.txt 64 0.0025 8
Error: Invalid line "% asym unweighted"
read: 626.307460s
loading graph /home/xyin014/graph/ttw/ttw_snap, root file is source/TW_queries.txt, batch_num is 64, batch_size is 3670912
read: 0.290445s
|E|=1468365182
|V|=41652231
streaming total time 161.805328s
|V|=41652231
Intersection Graph Marked: 33.429890s
Root Time: 5.392493
direct hop total time 241.570541s
work sharing total time 93.177460s
CommonGraph total time 93.177460s
Running: build/SSSPbaseline /home/xyin014/graph/ttw/ttw_snap source/TW_queries.txt 64 0.0025 9
Error: Invalid line "% asym unweighted"
read: 625.328909s
loading graph /home/xyin014/graph/ttw/ttw_snap, root file is source/TW_queries.txt, batch_num is 64, batch_size is 3670912
read: 0.290514s
|E|=1468365182
|V|=41652231
streaming total time 167.391083s
|V|=41652231
Intersection Graph Marked: 33.433028s
Root Time: 5.992453
direct hop total time 177.763275s
work sharing total time 92.760010s
CommonGraph total time 92.760010s
Running: build/SSSPbaseline /home/xyin014/graph/ttw/ttw_snap source/TW_queries.txt 64 0.0025 10
Error: Invalid line "% asym unweighted"
read: 624.922433s
loading graph /home/xyin014/graph/ttw/ttw_snap, root file is source/TW_queries.txt, batch_num is 64, batch_size is 3670912
read: 0.291144s
|E|=1468365182
|V|=41652231
streaming total time 159.653717s
|V|=41652231
Intersection Graph Marked: 33.696934s
Root Time: 5.422115
direct hop total time 190.825684s
work sharing total time 91.621956s
CommonGraph total time 91.621956s
Running: build/SSSPbaseline /home/xyin014/graph/ttw/ttw_snap source/TW_queries.txt 64 0.0025 11
Error: Invalid line "% asym unweighted"
read: 625.215817s
loading graph /home/xyin014/graph/ttw/ttw_snap, root file is source/TW_queries.txt, batch_num is 64, batch_size is 3670912
read: 0.295059s
|E|=1468365182
|V|=41652231
Re Computing: 3 970398 6673624
Re Computing: 4 913959 2819105
streaming total time 162.448502s
|V|=41652231
Intersection Graph Marked: 33.467876s
Root Time: 5.313980
direct hop total time 250.867859s
work sharing total time 152.249329s
CommonGraph total time 152.249329s
Running: build/SSSPbaseline /home/xyin014/graph/ttw/ttw_snap source/TW_queries.txt 64 0.0025 12
Error: Invalid line "% asym unweighted"
read: 631.222693s
loading graph /home/xyin014/graph/ttw/ttw_snap, root file is source/TW_queries.txt, batch_num is 64, batch_size is 3670912
read: 0.296950s
|E|=1468365182
|V|=41652231
Re Computing: 4 743759 4511180
streaming total time 151.047882s
|V|=41652231
Intersection Graph Marked: 33.566275s
Root Time: 0.074889
direct hop total time 479.945770s
work sharing total time 821.249878s
CommonGraph total time 821.249878s
Running: build/SSSPbaseline /home/xyin014/graph/ttw/ttw_snap source/TW_queries.txt 64 0.0025 13
Error: Invalid line "% asym unweighted"
read: 631.630819s
loading graph /home/xyin014/graph/ttw/ttw_snap, root file is source/TW_queries.txt, batch_num is 64, batch_size is 3670912
read: 0.287235s
|E|=1468365182
|V|=41652231
streaming total time 188.130493s
|V|=41652231
Intersection Graph Marked: 34.206894s
Root Time: 5.603393
direct hop total time 184.951904s
work sharing total time 98.416824s
CommonGraph total time 98.416824s
Running: build/SSSPbaseline /home/xyin014/graph/ttw/ttw_snap source/TW_queries.txt 64 0.0025 14
Error: Invalid line "% asym unweighted"
read: 625.701743s
loading graph /home/xyin014/graph/ttw/ttw_snap, root file is source/TW_queries.txt, batch_num is 64, batch_size is 3670912
read: 0.289341s
|E|=1468365182
|V|=41652231
streaming total time 158.340912s
|V|=41652231
Intersection Graph Marked: 33.864970s
Root Time: 5.420337
direct hop total time 183.461349s
work sharing total time 93.746399s
CommonGraph total time 93.746399s
Running: build/SSSPbaseline /home/xyin014/graph/ttw/ttw_snap source/TW_queries.txt 64 0.0025 15
Error: Invalid line "% asym unweighted"
read: 625.719749s
loading graph /home/xyin014/graph/ttw/ttw_snap, root file is source/TW_queries.txt, batch_num is 64, batch_size is 3670912
read: 0.296135s
|E|=1468365182
|V|=41652231
streaming total time 157.873276s
|V|=41652231
Intersection Graph Marked: 33.482972s
Root Time: 5.680415
direct hop total time 170.565109s
work sharing total time 87.908661s
CommonGraph total time 87.908661s
