Running: build/SSSPbaseline /home/cgao037/graph/sx/stack_snap source/sx.txt 8 0.02 0
read: 15.035543s
loading graph /home/cgao037/graph/sx/stack_snap, root file is source/sx.txt, batch_num is 8, batch_size is 724668
read: 0.006233s
|E|=36233445
|V|=6024259
Intersection Graph Marked: 4.474234s
Root Time: 0.164255
direct hop total time 1.237593s
work sharing total time 0.998387s
CommonGraph total time 0.998387s
Running: build/SSSPbaseline /home/cgao037/graph/sx/stack_snap source/sx.txt 8 0.02 1
read: 15.026314s
loading graph /home/cgao037/graph/sx/stack_snap, root file is source/sx.txt, batch_num is 8, batch_size is 724668
read: 0.006336s
|E|=36233445
|V|=6024259
Intersection Graph Marked: 4.255848s
Root Time: 0.164362
direct hop total time 1.182636s
work sharing total time 0.974766s
CommonGraph total time 0.974766s
Running: build/SSSPbaseline /home/cgao037/graph/sx/stack_snap source/sx.txt 8 0.02 2
read: 15.038352s
loading graph /home/cgao037/graph/sx/stack_snap, root file is source/sx.txt, batch_num is 8, batch_size is 724668
read: 0.006185s
|E|=36233445
|V|=6024259
Intersection Graph Marked: 4.333641s
Root Time: 0.163770
direct hop total time 1.067928s
work sharing total time 0.822391s
CommonGraph total time 0.822391s
Running: build/SSSPbaseline /home/cgao037/graph/sx/stack_snap source/sx.txt 8 0.02 3
read: 15.017873s
loading graph /home/cgao037/graph/sx/stack_snap, root file is source/sx.txt, batch_num is 8, batch_size is 724668
read: 0.006281s
|E|=36233445
|V|=6024259
Intersection Graph Marked: 5.015547s
Root Time: 0.031384
direct hop total time 0.071287s
work sharing total time 0.040712s
CommonGraph total time 0.040712s
Running: build/SSSPbaseline /home/cgao037/graph/sx/stack_snap source/sx.txt 8 0.02 4
read: 15.019111s
loading graph /home/cgao037/graph/sx/stack_snap, root file is source/sx.txt, batch_num is 8, batch_size is 724668
read: 0.006200s
|E|=36233445
|V|=6024259
Intersection Graph Marked: 4.702333s
Root Time: 0.177508
direct hop total time 1.322502s
work sharing total time 0.989427s
CommonGraph total time 0.989427s
Running: build/SSSPbaseline /home/cgao037/graph/sx/stack_snap source/sx.txt 8 0.02 5
read: 15.015717s
loading graph /home/cgao037/graph/sx/stack_snap, root file is source/sx.txt, batch_num is 8, batch_size is 724668
read: 0.006424s
|E|=36233445
|V|=6024259
Intersection Graph Marked: 4.378406s
Root Time: 0.155070
direct hop total time 1.231193s
work sharing total time 0.972300s
CommonGraph total time 0.972300s
Running: build/SSSPbaseline /home/cgao037/graph/sx/stack_snap source/sx.txt 8 0.02 6
read: 15.028294s
loading graph /home/cgao037/graph/sx/stack_snap, root file is source/sx.txt, batch_num is 8, batch_size is 724668
read: 0.006318s
|E|=36233445
|V|=6024259
Intersection Graph Marked: 4.383896s
Root Time: 0.018536
direct hop total time 0.077020s
work sharing total time 0.050721s
CommonGraph total time 0.050721s
Running: build/SSSPbaseline /home/cgao037/graph/sx/stack_snap source/sx.txt 8 0.02 7
read: 15.006425s
loading graph /home/cgao037/graph/sx/stack_snap, root file is source/sx.txt, batch_num is 8, batch_size is 724668
read: 0.006276s
|E|=36233445
|V|=6024259
Intersection Graph Marked: 4.519396s
Root Time: 0.129558
direct hop total time 1.259561s
work sharing total time 0.948764s
CommonGraph total time 0.948764s
Running: build/SSSPbaseline /home/cgao037/graph/sx/stack_snap source/sx.txt 8 0.02 8
read: 15.000816s
loading graph /home/cgao037/graph/sx/stack_snap, root file is source/sx.txt, batch_num is 8, batch_size is 724668
read: 0.006353s
|E|=36233445
|V|=6024259
Intersection Graph Marked: 5.251036s
Root Time: 0.168440
direct hop total time 1.433110s
work sharing total time 0.970301s
CommonGraph total time 0.970301s
Running: build/SSSPbaseline /home/cgao037/graph/sx/stack_snap source/sx.txt 8 0.02 9
read: 15.285452s
loading graph /home/cgao037/graph/sx/stack_snap, root file is source/sx.txt, batch_num is 8, batch_size is 724668
read: 0.018327s
|E|=36233445
|V|=6024259
Intersection Graph Marked: 4.739115s
Root Time: 0.128002
direct hop total time 1.057732s
work sharing total time 0.790230s
CommonGraph total time 0.790230s
Running: build/SSSPbaseline /home/cgao037/graph/sx/stack_snap source/sx.txt 8 0.02 10
read: 15.015834s
loading graph /home/cgao037/graph/sx/stack_snap, root file is source/sx.txt, batch_num is 8, batch_size is 724668
read: 0.006270s
|E|=36233445
|V|=6024259
Intersection Graph Marked: 4.487088s
Root Time: 0.134727
direct hop total time 1.066323s
work sharing total time 0.925859s
CommonGraph total time 0.925859s
Running: build/SSSPbaseline /home/cgao037/graph/sx/stack_snap source/sx.txt 8 0.02 11
read: 15.035897s
loading graph /home/cgao037/graph/sx/stack_snap, root file is source/sx.txt, batch_num is 8, batch_size is 724668
read: 0.006572s
|E|=36233445
|V|=6024259
Intersection Graph Marked: 4.584828s
Root Time: 0.026940
direct hop total time 0.059323s
work sharing total time 0.048902s
CommonGraph total time 0.048902s
Running: build/SSSPbaseline /home/cgao037/graph/sx/stack_snap source/sx.txt 8 0.02 12
read: 15.009119s
loading graph /home/cgao037/graph/sx/stack_snap, root file is source/sx.txt, batch_num is 8, batch_size is 724668
read: 0.006242s
|E|=36233445
|V|=6024259
Intersection Graph Marked: 4.568584s
Root Time: 0.029265
direct hop total time 0.071101s
work sharing total time 0.044159s
CommonGraph total time 0.044159s
Running: build/SSSPbaseline /home/cgao037/graph/sx/stack_snap source/sx.txt 8 0.02 13
read: 15.118943s
loading graph /home/cgao037/graph/sx/stack_snap, root file is source/sx.txt, batch_num is 8, batch_size is 724668
read: 0.006296s
|E|=36233445
|V|=6024259
Intersection Graph Marked: 4.738896s
Root Time: 0.029818
direct hop total time 0.076863s
work sharing total time 0.040647s
CommonGraph total time 0.040647s
Running: build/SSSPbaseline /home/cgao037/graph/sx/stack_snap source/sx.txt 8 0.02 14
read: 15.024711s
loading graph /home/cgao037/graph/sx/stack_snap, root file is source/sx.txt, batch_num is 8, batch_size is 724668
read: 0.006332s
|E|=36233445
|V|=6024259
Intersection Graph Marked: 4.448286s
Root Time: 0.018585
direct hop total time 0.073891s
work sharing total time 0.073508s
CommonGraph total time 0.073508s
Running: build/SSSPbaseline /home/cgao037/graph/sx/stack_snap source/sx.txt 8 0.02 15
read: 15.005332s
loading graph /home/cgao037/graph/sx/stack_snap, root file is source/sx.txt, batch_num is 8, batch_size is 724668
read: 0.006253s
|E|=36233445
|V|=6024259
Intersection Graph Marked: 4.888597s
Root Time: 0.182704
direct hop total time 1.164989s
work sharing total time 0.937915s
CommonGraph total time 0.937915s
Running: build/SSSPbaseline /home/cgao037/graph/sx/stack_snap source/sx.txt 16 0.01 0
read: 15.018770s
loading graph /home/cgao037/graph/sx/stack_snap, root file is source/sx.txt, batch_num is 16, batch_size is 362334
read: 0.006405s
|E|=36233445
|V|=6024259
Intersection Graph Marked: 4.354578s
Root Time: 0.152980
direct hop total time 2.172031s
work sharing total time 1.803110s
CommonGraph total time 1.803110s
Running: build/SSSPbaseline /home/cgao037/graph/sx/stack_snap source/sx.txt 16 0.01 1
read: 15.029275s
loading graph /home/cgao037/graph/sx/stack_snap, root file is source/sx.txt, batch_num is 16, batch_size is 362334
read: 0.006215s
|E|=36233445
|V|=6024259
Intersection Graph Marked: 4.802147s
Root Time: 0.146435
direct hop total time 2.330115s
work sharing total time 1.885791s
CommonGraph total time 1.885791s
Running: build/SSSPbaseline /home/cgao037/graph/sx/stack_snap source/sx.txt 16 0.01 2
read: 15.021695s
loading graph /home/cgao037/graph/sx/stack_snap, root file is source/sx.txt, batch_num is 16, batch_size is 362334
read: 0.007451s
|E|=36233445
|V|=6024259
Intersection Graph Marked: 4.281968s
Root Time: 0.125428
direct hop total time 1.938428s
work sharing total time 1.654991s
CommonGraph total time 1.654991s
Running: build/SSSPbaseline /home/cgao037/graph/sx/stack_snap source/sx.txt 16 0.01 3
read: 15.025764s
loading graph /home/cgao037/graph/sx/stack_snap, root file is source/sx.txt, batch_num is 16, batch_size is 362334
read: 0.006334s
|E|=36233445
|V|=6024259
Intersection Graph Marked: 5.075786s
Root Time: 0.024940
direct hop total time 0.139784s
work sharing total time 0.071176s
CommonGraph total time 0.071176s
Running: build/SSSPbaseline /home/cgao037/graph/sx/stack_snap source/sx.txt 16 0.01 4
read: 15.010755s
loading graph /home/cgao037/graph/sx/stack_snap, root file is source/sx.txt, batch_num is 16, batch_size is 362334
read: 0.006225s
|E|=36233445
|V|=6024259
Intersection Graph Marked: 4.290436s
Root Time: 0.168674
direct hop total time 2.327483s
work sharing total time 1.856645s
CommonGraph total time 1.856645s
Running: build/SSSPbaseline /home/cgao037/graph/sx/stack_snap source/sx.txt 16 0.01 5
read: 15.006372s
loading graph /home/cgao037/graph/sx/stack_snap, root file is source/sx.txt, batch_num is 16, batch_size is 362334
read: 0.006376s
|E|=36233445
|V|=6024259
Intersection Graph Marked: 4.636012s
Root Time: 0.155103
direct hop total time 2.561482s
work sharing total time 1.785901s
CommonGraph total time 1.785901s
Running: build/SSSPbaseline /home/cgao037/graph/sx/stack_snap source/sx.txt 16 0.01 6
read: 15.049953s
loading graph /home/cgao037/graph/sx/stack_snap, root file is source/sx.txt, batch_num is 16, batch_size is 362334
read: 0.006250s
|E|=36233445
|V|=6024259
Intersection Graph Marked: 4.849274s
Root Time: 0.024770
direct hop total time 0.129419s
work sharing total time 0.087361s
CommonGraph total time 0.087361s
Running: build/SSSPbaseline /home/cgao037/graph/sx/stack_snap source/sx.txt 16 0.01 7
read: 15.039531s
loading graph /home/cgao037/graph/sx/stack_snap, root file is source/sx.txt, batch_num is 16, batch_size is 362334
read: 0.006503s
|E|=36233445
|V|=6024259
Intersection Graph Marked: 4.256135s
Root Time: 0.178354
direct hop total time 2.353905s
work sharing total time 1.776384s
CommonGraph total time 1.776384s
Running: build/SSSPbaseline /home/cgao037/graph/sx/stack_snap source/sx.txt 16 0.01 8
read: 15.020055s
loading graph /home/cgao037/graph/sx/stack_snap, root file is source/sx.txt, batch_num is 16, batch_size is 362334
read: 0.006506s
|E|=36233445
|V|=6024259
Intersection Graph Marked: 4.639471s
Root Time: 0.176574
direct hop total time 2.611915s
work sharing total time 1.751426s
CommonGraph total time 1.751426s
Running: build/SSSPbaseline /home/cgao037/graph/sx/stack_snap source/sx.txt 16 0.01 9
read: 15.023131s
loading graph /home/cgao037/graph/sx/stack_snap, root file is source/sx.txt, batch_num is 16, batch_size is 362334
read: 0.006518s
|E|=36233445
|V|=6024259
Intersection Graph Marked: 4.589563s
Root Time: 0.145816
direct hop total time 2.152558s
work sharing total time 1.702703s
CommonGraph total time 1.702703s
Running: build/SSSPbaseline /home/cgao037/graph/sx/stack_snap source/sx.txt 16 0.01 10
read: 15.071323s
loading graph /home/cgao037/graph/sx/stack_snap, root file is source/sx.txt, batch_num is 16, batch_size is 362334
read: 0.006421s
|E|=36233445
|V|=6024259
Intersection Graph Marked: 4.302163s
Root Time: 0.173932
direct hop total time 1.936549s
work sharing total time 1.623082s
CommonGraph total time 1.623082s
Running: build/SSSPbaseline /home/cgao037/graph/sx/stack_snap source/sx.txt 16 0.01 11
read: 15.116355s
loading graph /home/cgao037/graph/sx/stack_snap, root file is source/sx.txt, batch_num is 16, batch_size is 362334
read: 0.006403s
|E|=36233445
|V|=6024259
Intersection Graph Marked: 4.960134s
Root Time: 0.008356
direct hop total time 0.115713s
work sharing total time 0.086613s
CommonGraph total time 0.086613s
Running: build/SSSPbaseline /home/cgao037/graph/sx/stack_snap source/sx.txt 16 0.01 12
read: 15.012788s
loading graph /home/cgao037/graph/sx/stack_snap, root file is source/sx.txt, batch_num is 16, batch_size is 362334
read: 0.006168s
|E|=36233445
|V|=6024259
Intersection Graph Marked: 4.839285s
Root Time: 0.031691
direct hop total time 0.121877s
work sharing total time 0.097784s
CommonGraph total time 0.097784s
Running: build/SSSPbaseline /home/cgao037/graph/sx/stack_snap source/sx.txt 16 0.01 13
read: 15.110192s
loading graph /home/cgao037/graph/sx/stack_snap, root file is source/sx.txt, batch_num is 16, batch_size is 362334
read: 0.006378s
|E|=36233445
|V|=6024259
Intersection Graph Marked: 4.334699s
Root Time: 0.027736
direct hop total time 0.127886s
work sharing total time 0.089162s
CommonGraph total time 0.089162s
Running: build/SSSPbaseline /home/cgao037/graph/sx/stack_snap source/sx.txt 16 0.01 14
read: 15.053718s
loading graph /home/cgao037/graph/sx/stack_snap, root file is source/sx.txt, batch_num is 16, batch_size is 362334
read: 0.006295s
|E|=36233445
|V|=6024259
Intersection Graph Marked: 4.573652s
Root Time: 0.022159
direct hop total time 0.137301s
work sharing total time 0.070523s
CommonGraph total time 0.070523s
Running: build/SSSPbaseline /home/cgao037/graph/sx/stack_snap source/sx.txt 16 0.01 15
read: 15.013706s
loading graph /home/cgao037/graph/sx/stack_snap, root file is source/sx.txt, batch_num is 16, batch_size is 362334
read: 0.006255s
|E|=36233445
|V|=6024259
Intersection Graph Marked: 4.462710s
Root Time: 0.138179
direct hop total time 2.323891s
work sharing total time 1.869975s
CommonGraph total time 1.869975s
Running: build/SSSPbaseline /home/cgao037/graph/sx/stack_snap source/sx.txt 32 0.005 0
read: 15.032610s
loading graph /home/cgao037/graph/sx/stack_snap, root file is source/sx.txt, batch_num is 32, batch_size is 181167
read: 0.006277s
|E|=36233445
|V|=6024259
Intersection Graph Marked: 4.517683s
Root Time: 0.165753
direct hop total time 4.580090s
work sharing total time 3.708926s
CommonGraph total time 3.708926s
Running: build/SSSPbaseline /home/cgao037/graph/sx/stack_snap source/sx.txt 32 0.005 1
read: 15.025168s
loading graph /home/cgao037/graph/sx/stack_snap, root file is source/sx.txt, batch_num is 32, batch_size is 181167
read: 0.006412s
|E|=36233445
|V|=6024259
Intersection Graph Marked: 4.645862s
Root Time: 0.165623
direct hop total time 3.983570s
work sharing total time 3.284760s
CommonGraph total time 3.284760s
Running: build/SSSPbaseline /home/cgao037/graph/sx/stack_snap source/sx.txt 32 0.005 2
read: 15.068588s
loading graph /home/cgao037/graph/sx/stack_snap, root file is source/sx.txt, batch_num is 32, batch_size is 181167
read: 0.006270s
|E|=36233445
|V|=6024259
Intersection Graph Marked: 4.330117s
Root Time: 0.174669
direct hop total time 3.483906s
work sharing total time 2.815099s
CommonGraph total time 2.815099s
Running: build/SSSPbaseline /home/cgao037/graph/sx/stack_snap source/sx.txt 32 0.005 3
read: 15.026594s
loading graph /home/cgao037/graph/sx/stack_snap, root file is source/sx.txt, batch_num is 32, batch_size is 181167
read: 0.006292s
|E|=36233445
|V|=6024259
Intersection Graph Marked: 4.475150s
Root Time: 0.036033
direct hop total time 0.235488s
work sharing total time 0.137139s
CommonGraph total time 0.137139s
Running: build/SSSPbaseline /home/cgao037/graph/sx/stack_snap source/sx.txt 32 0.005 4
read: 15.025748s
loading graph /home/cgao037/graph/sx/stack_snap, root file is source/sx.txt, batch_num is 32, batch_size is 181167
read: 0.006282s
|E|=36233445
|V|=6024259
Intersection Graph Marked: 4.381595s
Root Time: 0.186296
direct hop total time 4.811148s
work sharing total time 3.369621s
CommonGraph total time 3.369621s
Running: build/SSSPbaseline /home/cgao037/graph/sx/stack_snap source/sx.txt 32 0.005 5
read: 15.030152s
loading graph /home/cgao037/graph/sx/stack_snap, root file is source/sx.txt, batch_num is 32, batch_size is 181167
read: 0.006356s
|E|=36233445
|V|=6024259
Intersection Graph Marked: 4.605862s
Root Time: 0.175377
direct hop total time 4.113164s
work sharing total time 3.265105s
CommonGraph total time 3.265105s
Running: build/SSSPbaseline /home/cgao037/graph/sx/stack_snap source/sx.txt 32 0.005 6
read: 15.033626s
loading graph /home/cgao037/graph/sx/stack_snap, root file is source/sx.txt, batch_num is 32, batch_size is 181167
read: 0.006529s
|E|=36233445
|V|=6024259
Intersection Graph Marked: 4.300125s
Root Time: 0.026290
direct hop total time 0.223393s
work sharing total time 0.160293s
CommonGraph total time 0.160293s
Running: build/SSSPbaseline /home/cgao037/graph/sx/stack_snap source/sx.txt 32 0.005 7
read: 15.043857s
loading graph /home/cgao037/graph/sx/stack_snap, root file is source/sx.txt, batch_num is 32, batch_size is 181167
read: 0.006300s
|E|=36233445
|V|=6024259
Intersection Graph Marked: 4.932342s
Root Time: 0.141985
direct hop total time 4.300272s
work sharing total time 3.145847s
CommonGraph total time 3.145847s
Running: build/SSSPbaseline /home/cgao037/graph/sx/stack_snap source/sx.txt 32 0.005 8
read: 15.071933s
loading graph /home/cgao037/graph/sx/stack_snap, root file is source/sx.txt, batch_num is 32, batch_size is 181167
read: 0.006277s
|E|=36233445
|V|=6024259
Intersection Graph Marked: 5.389101s
Root Time: 0.193037
direct hop total time 4.647229s
work sharing total time 3.087304s
CommonGraph total time 3.087304s
Running: build/SSSPbaseline /home/cgao037/graph/sx/stack_snap source/sx.txt 32 0.005 9
read: 15.023815s
loading graph /home/cgao037/graph/sx/stack_snap, root file is source/sx.txt, batch_num is 32, batch_size is 181167
read: 0.006502s
|E|=36233445
|V|=6024259
Intersection Graph Marked: 4.807106s
Root Time: 1.063418
direct hop total time 4.008877s
work sharing total time 3.085364s
CommonGraph total time 3.085364s
Running: build/SSSPbaseline /home/cgao037/graph/sx/stack_snap source/sx.txt 32 0.005 10
read: 15.025029s
loading graph /home/cgao037/graph/sx/stack_snap, root file is source/sx.txt, batch_num is 32, batch_size is 181167
read: 0.006373s
|E|=36233445
|V|=6024259
Intersection Graph Marked: 5.201101s
Root Time: 0.168757
direct hop total time 4.004491s
work sharing total time 2.902095s
CommonGraph total time 2.902095s
Running: build/SSSPbaseline /home/cgao037/graph/sx/stack_snap source/sx.txt 32 0.005 11
read: 15.021837s
loading graph /home/cgao037/graph/sx/stack_snap, root file is source/sx.txt, batch_num is 32, batch_size is 181167
read: 0.006378s
|E|=36233445
|V|=6024259
Intersection Graph Marked: 4.525104s
Root Time: 0.004078
direct hop total time 0.227984s
work sharing total time 0.142971s
CommonGraph total time 0.142971s
Running: build/SSSPbaseline /home/cgao037/graph/sx/stack_snap source/sx.txt 32 0.005 12
read: 15.031243s
loading graph /home/cgao037/graph/sx/stack_snap, root file is source/sx.txt, batch_num is 32, batch_size is 181167
read: 0.006239s
|E|=36233445
|V|=6024259
Intersection Graph Marked: 4.400650s
Root Time: 0.024327
direct hop total time 0.245827s
work sharing total time 0.129140s
CommonGraph total time 0.129140s
Running: build/SSSPbaseline /home/cgao037/graph/sx/stack_snap source/sx.txt 32 0.005 13
read: 15.020285s
loading graph /home/cgao037/graph/sx/stack_snap, root file is source/sx.txt, batch_num is 32, batch_size is 181167
read: 0.006206s
|E|=36233445
|V|=6024259
Intersection Graph Marked: 4.760233s
Root Time: 0.035956
direct hop total time 0.222643s
work sharing total time 0.130448s
CommonGraph total time 0.130448s
Running: build/SSSPbaseline /home/cgao037/graph/sx/stack_snap source/sx.txt 32 0.005 14
read: 15.063531s
loading graph /home/cgao037/graph/sx/stack_snap, root file is source/sx.txt, batch_num is 32, batch_size is 181167
read: 0.006444s
|E|=36233445
|V|=6024259
Intersection Graph Marked: 4.626648s
Root Time: 0.020332
direct hop total time 0.238720s
work sharing total time 0.142104s
CommonGraph total time 0.142104s
Running: build/SSSPbaseline /home/cgao037/graph/sx/stack_snap source/sx.txt 32 0.005 15
read: 15.066219s
loading graph /home/cgao037/graph/sx/stack_snap, root file is source/sx.txt, batch_num is 32, batch_size is 181167
read: 0.006236s
|E|=36233445
|V|=6024259
Intersection Graph Marked: 4.656830s
Root Time: 0.177163
direct hop total time 4.547201s
work sharing total time 3.344366s
CommonGraph total time 3.344366s
Running: build/SSSPbaseline /home/cgao037/graph/sx/stack_snap source/sx.txt 64 0.0025 0
read: 15.087938s
loading graph /home/cgao037/graph/sx/stack_snap, root file is source/sx.txt, batch_num is 64, batch_size is 90583
read: 0.006239s
|E|=36233445
|V|=6024259
Intersection Graph Marked: 4.830124s
Root Time: 0.162770
direct hop total time 8.123674s
work sharing total time 6.738527s
CommonGraph total time 6.738527s
Running: build/SSSPbaseline /home/cgao037/graph/sx/stack_snap source/sx.txt 64 0.0025 1
read: 15.054412s
loading graph /home/cgao037/graph/sx/stack_snap, root file is source/sx.txt, batch_num is 64, batch_size is 90583
read: 0.006240s
|E|=36233445
|V|=6024259
Intersection Graph Marked: 5.052180s
Root Time: 0.156877
direct hop total time 7.508013s
work sharing total time 6.137397s
CommonGraph total time 6.137397s
Running: build/SSSPbaseline /home/cgao037/graph/sx/stack_snap source/sx.txt 64 0.0025 2
read: 15.015597s
loading graph /home/cgao037/graph/sx/stack_snap, root file is source/sx.txt, batch_num is 64, batch_size is 90583
read: 0.006431s
|E|=36233445
|V|=6024259
Intersection Graph Marked: 4.765328s
Root Time: 0.164964
direct hop total time 7.266640s
work sharing total time 5.419560s
CommonGraph total time 5.419560s
Running: build/SSSPbaseline /home/cgao037/graph/sx/stack_snap source/sx.txt 64 0.0025 3
read: 15.142022s
loading graph /home/cgao037/graph/sx/stack_snap, root file is source/sx.txt, batch_num is 64, batch_size is 90583
read: 0.006323s
|E|=36233445
|V|=6024259
Intersection Graph Marked: 4.719060s
Root Time: 0.019165
direct hop total time 0.447410s
work sharing total time 0.245779s
CommonGraph total time 0.245779s
Running: build/SSSPbaseline /home/cgao037/graph/sx/stack_snap source/sx.txt 64 0.0025 4
read: 15.016411s
loading graph /home/cgao037/graph/sx/stack_snap, root file is source/sx.txt, batch_num is 64, batch_size is 90583
read: 0.006173s
|E|=36233445
|V|=6024259
Intersection Graph Marked: 4.563602s
Root Time: 0.180574
direct hop total time 8.587553s
work sharing total time 6.237359s
CommonGraph total time 6.237359s
Running: build/SSSPbaseline /home/cgao037/graph/sx/stack_snap source/sx.txt 64 0.0025 5
read: 15.009644s
loading graph /home/cgao037/graph/sx/stack_snap, root file is source/sx.txt, batch_num is 64, batch_size is 90583
read: 0.006259s
|E|=36233445
|V|=6024259
Intersection Graph Marked: 5.292773s
Root Time: 0.167585
direct hop total time 8.349002s
work sharing total time 6.299700s
CommonGraph total time 6.299700s
Running: build/SSSPbaseline /home/cgao037/graph/sx/stack_snap source/sx.txt 64 0.0025 6
read: 15.054770s
loading graph /home/cgao037/graph/sx/stack_snap, root file is source/sx.txt, batch_num is 64, batch_size is 90583
read: 0.006225s
|E|=36233445
|V|=6024259
Intersection Graph Marked: 4.467306s
Root Time: 0.032955
direct hop total time 0.441632s
work sharing total time 0.273204s
CommonGraph total time 0.273204s
Running: build/SSSPbaseline /home/cgao037/graph/sx/stack_snap source/sx.txt 64 0.0025 7
read: 15.031957s
loading graph /home/cgao037/graph/sx/stack_snap, root file is source/sx.txt, batch_num is 64, batch_size is 90583
read: 0.006354s
|E|=36233445
|V|=6024259
Intersection Graph Marked: 4.520575s
Root Time: 0.156217
direct hop total time 8.226138s
work sharing total time 5.791577s
CommonGraph total time 5.791577s
Running: build/SSSPbaseline /home/cgao037/graph/sx/stack_snap source/sx.txt 64 0.0025 8
read: 15.020092s
loading graph /home/cgao037/graph/sx/stack_snap, root file is source/sx.txt, batch_num is 64, batch_size is 90583
read: 0.006236s
|E|=36233445
|V|=6024259
Intersection Graph Marked: 4.389405s
Root Time: 0.172888
direct hop total time 8.615889s
work sharing total time 5.897711s
CommonGraph total time 5.897711s
Running: build/SSSPbaseline /home/cgao037/graph/sx/stack_snap source/sx.txt 64 0.0025 9
read: 15.003768s
loading graph /home/cgao037/graph/sx/stack_snap, root file is source/sx.txt, batch_num is 64, batch_size is 90583
read: 0.006209s
|E|=36233445
|V|=6024259
Intersection Graph Marked: 5.126135s
Root Time: 0.139589
direct hop total time 8.317663s
work sharing total time 5.749891s
CommonGraph total time 5.749891s
Running: build/SSSPbaseline /home/cgao037/graph/sx/stack_snap source/sx.txt 64 0.0025 10
read: 15.035666s
loading graph /home/cgao037/graph/sx/stack_snap, root file is source/sx.txt, batch_num is 64, batch_size is 90583
read: 0.006304s
|E|=36233445
|V|=6024259
Intersection Graph Marked: 5.045513s
Root Time: 0.137455
direct hop total time 7.134954s
work sharing total time 5.392531s
CommonGraph total time 5.392531s
Running: build/SSSPbaseline /home/cgao037/graph/sx/stack_snap source/sx.txt 64 0.0025 11
read: 15.012619s
loading graph /home/cgao037/graph/sx/stack_snap, root file is source/sx.txt, batch_num is 64, batch_size is 90583
read: 0.006164s
|E|=36233445
|V|=6024259
Intersection Graph Marked: 4.525050s
Root Time: 0.004070
direct hop total time 0.423194s
work sharing total time 0.240159s
CommonGraph total time 0.240159s
Running: build/SSSPbaseline /home/cgao037/graph/sx/stack_snap source/sx.txt 64 0.0025 12
read: 15.022984s
loading graph /home/cgao037/graph/sx/stack_snap, root file is source/sx.txt, batch_num is 64, batch_size is 90583
read: 0.006287s
|E|=36233445
|V|=6024259
Intersection Graph Marked: 4.880698s
Root Time: 0.008342
direct hop total time 0.444426s
work sharing total time 0.250097s
CommonGraph total time 0.250097s
Running: build/SSSPbaseline /home/cgao037/graph/sx/stack_snap source/sx.txt 64 0.0025 13
read: 15.006113s
loading graph /home/cgao037/graph/sx/stack_snap, root file is source/sx.txt, batch_num is 64, batch_size is 90583
read: 0.006537s
|E|=36233445
|V|=6024259
Intersection Graph Marked: 4.245398s
Root Time: 0.004088
direct hop total time 0.425689s
work sharing total time 0.246484s
CommonGraph total time 0.246484s
Running: build/SSSPbaseline /home/cgao037/graph/sx/stack_snap source/sx.txt 64 0.0025 14
read: 15.031823s
loading graph /home/cgao037/graph/sx/stack_snap, root file is source/sx.txt, batch_num is 64, batch_size is 90583
read: 0.007351s
|E|=36233445
|V|=6024259
Intersection Graph Marked: 4.403499s
Root Time: 0.032495
direct hop total time 0.429689s
work sharing total time 0.243433s
CommonGraph total time 0.243433s
Running: build/SSSPbaseline /home/cgao037/graph/sx/stack_snap source/sx.txt 64 0.0025 15
read: 15.014323s
loading graph /home/cgao037/graph/sx/stack_snap, root file is source/sx.txt, batch_num is 64, batch_size is 90583
read: 0.006313s
|E|=36233445
|V|=6024259
Intersection Graph Marked: 4.460783s
Root Time: 0.142287
direct hop total time 8.271123s
work sharing total time 6.160262s
CommonGraph total time 6.160262s
Running: build/SSSPbaseline /home/cgao037/graph/wiki/snap_wiki source/wiki_src.txt 8 0.02 0
read: 5.813765s
loading graph /home/cgao037/graph/wiki/snap_wiki, root file is source/wiki_src.txt, batch_num is 8, batch_size is 292273
read: 0.002485s
|E|=14613674
|V|=1870709
Intersection Graph Marked: 27.038780s
Root Time: 0.008072
direct hop total time 0.516033s
work sharing total time 0.384430s
CommonGraph total time 0.384430s
Running: build/SSSPbaseline /home/cgao037/graph/wiki/snap_wiki source/wiki_src.txt 8 0.02 1
read: 5.818050s
loading graph /home/cgao037/graph/wiki/snap_wiki, root file is source/wiki_src.txt, batch_num is 8, batch_size is 292273
read: 0.002474s
|E|=14613674
|V|=1870709
Intersection Graph Marked: 33.850681s
Root Time: 0.423578
direct hop total time 0.976119s
work sharing total time 0.911419s
CommonGraph total time 0.911419s
Running: build/SSSPbaseline /home/cgao037/graph/wiki/snap_wiki source/wiki_src.txt 8 0.02 2
read: 5.823176s
loading graph /home/cgao037/graph/wiki/snap_wiki, root file is source/wiki_src.txt, batch_num is 8, batch_size is 292273
read: 0.002513s
|E|=14613674
|V|=1870709
Intersection Graph Marked: 31.422703s
Root Time: 0.357724
direct hop total time 0.997049s
work sharing total time 0.952652s
CommonGraph total time 0.952652s
Running: build/SSSPbaseline /home/cgao037/graph/wiki/snap_wiki source/wiki_src.txt 8 0.02 3
read: 5.813487s
loading graph /home/cgao037/graph/wiki/snap_wiki, root file is source/wiki_src.txt, batch_num is 8, batch_size is 292273
read: 0.002566s
|E|=14613674
|V|=1870709
Intersection Graph Marked: 30.288005s
Root Time: 0.360781
direct hop total time 1.087137s
work sharing total time 1.012345s
CommonGraph total time 1.012345s
Running: build/SSSPbaseline /home/cgao037/graph/wiki/snap_wiki source/wiki_src.txt 8 0.02 4
read: 5.802949s
loading graph /home/cgao037/graph/wiki/snap_wiki, root file is source/wiki_src.txt, batch_num is 8, batch_size is 292273
read: 0.002470s
|E|=14613674
|V|=1870709
Intersection Graph Marked: 35.366071s
Root Time: 0.488504
direct hop total time 0.936946s
work sharing total time 0.922375s
CommonGraph total time 0.922375s
Running: build/SSSPbaseline /home/cgao037/graph/wiki/snap_wiki source/wiki_src.txt 8 0.02 5
read: 5.809790s
loading graph /home/cgao037/graph/wiki/snap_wiki, root file is source/wiki_src.txt, batch_num is 8, batch_size is 292273
read: 0.002549s
|E|=14613674
|V|=1870709
Intersection Graph Marked: 34.473339s
Root Time: 0.441173
direct hop total time 1.283751s
work sharing total time 1.113284s
CommonGraph total time 1.113284s
Running: build/SSSPbaseline /home/cgao037/graph/wiki/snap_wiki source/wiki_src.txt 8 0.02 6
read: 5.818664s
loading graph /home/cgao037/graph/wiki/snap_wiki, root file is source/wiki_src.txt, batch_num is 8, batch_size is 292273
read: 0.002608s
|E|=14613674
|V|=1870709
Intersection Graph Marked: 31.867072s
Root Time: 0.431024
direct hop total time 0.945230s
work sharing total time 0.929184s
CommonGraph total time 0.929184s
Running: build/SSSPbaseline /home/cgao037/graph/wiki/snap_wiki source/wiki_src.txt 8 0.02 7
read: 5.807016s
loading graph /home/cgao037/graph/wiki/snap_wiki, root file is source/wiki_src.txt, batch_num is 8, batch_size is 292273
read: 0.002515s
|E|=14613674
|V|=1870709
Intersection Graph Marked: 30.927547s
Root Time: 0.457555
direct hop total time 0.986131s
work sharing total time 0.947538s
CommonGraph total time 0.947538s
Running: build/SSSPbaseline /home/cgao037/graph/wiki/snap_wiki source/wiki_src.txt 8 0.02 8
read: 5.819465s
loading graph /home/cgao037/graph/wiki/snap_wiki, root file is source/wiki_src.txt, batch_num is 8, batch_size is 292273
read: 0.002511s
|E|=14613674
|V|=1870709
Intersection Graph Marked: 29.593048s
Root Time: 0.451364
direct hop total time 1.145053s
work sharing total time 0.990126s
CommonGraph total time 0.990126s
Running: build/SSSPbaseline /home/cgao037/graph/wiki/snap_wiki source/wiki_src.txt 8 0.02 9
read: 5.811086s
loading graph /home/cgao037/graph/wiki/snap_wiki, root file is source/wiki_src.txt, batch_num is 8, batch_size is 292273
read: 0.002447s
|E|=14613674
|V|=1870709
Intersection Graph Marked: 27.899239s
Root Time: 0.462221
direct hop total time 0.933214s
work sharing total time 0.901924s
CommonGraph total time 0.901924s
Running: build/SSSPbaseline /home/cgao037/graph/wiki/snap_wiki source/wiki_src.txt 8 0.02 10
read: 5.812277s
loading graph /home/cgao037/graph/wiki/snap_wiki, root file is source/wiki_src.txt, batch_num is 8, batch_size is 292273
read: 0.002589s
|E|=14613674
|V|=1870709
Intersection Graph Marked: 39.877217s
Root Time: 0.477740
direct hop total time 0.977934s
work sharing total time 1.001236s
CommonGraph total time 1.001236s
Running: build/SSSPbaseline /home/cgao037/graph/wiki/snap_wiki source/wiki_src.txt 8 0.02 11
read: 5.810900s
loading graph /home/cgao037/graph/wiki/snap_wiki, root file is source/wiki_src.txt, batch_num is 8, batch_size is 292273
read: 0.002466s
|E|=14613674
|V|=1870709
Intersection Graph Marked: 25.529550s
Root Time: 0.452473
direct hop total time 1.032475s
work sharing total time 0.958986s
CommonGraph total time 0.958986s
Running: build/SSSPbaseline /home/cgao037/graph/wiki/snap_wiki source/wiki_src.txt 8 0.02 12
read: 5.823432s
loading graph /home/cgao037/graph/wiki/snap_wiki, root file is source/wiki_src.txt, batch_num is 8, batch_size is 292273
read: 0.002475s
|E|=14613674
|V|=1870709
Intersection Graph Marked: 39.381786s
Root Time: 0.425662
direct hop total time 1.035827s
work sharing total time 0.948063s
CommonGraph total time 0.948063s
Running: build/SSSPbaseline /home/cgao037/graph/wiki/snap_wiki source/wiki_src.txt 8 0.02 13
read: 5.818500s
loading graph /home/cgao037/graph/wiki/snap_wiki, root file is source/wiki_src.txt, batch_num is 8, batch_size is 292273
read: 0.002524s
|E|=14613674
|V|=1870709
Intersection Graph Marked: 34.983671s
Root Time: 0.433833
direct hop total time 1.258315s
work sharing total time 0.983367s
CommonGraph total time 0.983367s
Running: build/SSSPbaseline /home/cgao037/graph/wiki/snap_wiki source/wiki_src.txt 8 0.02 14
read: 5.803544s
loading graph /home/cgao037/graph/wiki/snap_wiki, root file is source/wiki_src.txt, batch_num is 8, batch_size is 292273
read: 0.002592s
|E|=14613674
|V|=1870709
Intersection Graph Marked: 35.235171s
Root Time: 0.352665
direct hop total time 1.012368s
work sharing total time 0.942428s
CommonGraph total time 0.942428s
Running: build/SSSPbaseline /home/cgao037/graph/wiki/snap_wiki source/wiki_src.txt 8 0.02 15
read: 5.826505s
loading graph /home/cgao037/graph/wiki/snap_wiki, root file is source/wiki_src.txt, batch_num is 8, batch_size is 292273
read: 0.002576s
|E|=14613674
|V|=1870709
Intersection Graph Marked: 31.782830s
Root Time: 0.439680
direct hop total time 0.923613s
work sharing total time 0.899418s
CommonGraph total time 0.899418s
Running: build/SSSPbaseline /home/cgao037/graph/wiki/snap_wiki source/wiki_src.txt 16 0.01 0
read: 5.807756s
loading graph /home/cgao037/graph/wiki/snap_wiki, root file is source/wiki_src.txt, batch_num is 16, batch_size is 146136
read: 0.002502s
|E|=14613674
|V|=1870709
Intersection Graph Marked: 35.247181s
Root Time: 0.001620
direct hop total time 0.717378s
work sharing total time 0.665525s
CommonGraph total time 0.665525s
Running: build/SSSPbaseline /home/cgao037/graph/wiki/snap_wiki source/wiki_src.txt 16 0.01 1
read: 5.807670s
loading graph /home/cgao037/graph/wiki/snap_wiki, root file is source/wiki_src.txt, batch_num is 16, batch_size is 146136
read: 0.002512s
|E|=14613674
|V|=1870709
Intersection Graph Marked: 32.530936s
Root Time: 0.417555
direct hop total time 1.748398s
work sharing total time 1.707663s
CommonGraph total time 1.707663s
Running: build/SSSPbaseline /home/cgao037/graph/wiki/snap_wiki source/wiki_src.txt 16 0.01 2
read: 5.806697s
loading graph /home/cgao037/graph/wiki/snap_wiki, root file is source/wiki_src.txt, batch_num is 16, batch_size is 146136
read: 0.002563s
|E|=14613674
|V|=1870709
Intersection Graph Marked: 28.789736s
Root Time: 0.409245
direct hop total time 1.848740s
work sharing total time 1.831499s
CommonGraph total time 1.831499s
Running: build/SSSPbaseline /home/cgao037/graph/wiki/snap_wiki source/wiki_src.txt 16 0.01 3
read: 5.849512s
loading graph /home/cgao037/graph/wiki/snap_wiki, root file is source/wiki_src.txt, batch_num is 16, batch_size is 146136
read: 0.002506s
|E|=14613674
|V|=1870709
Intersection Graph Marked: 52.745332s
Root Time: 0.338317
direct hop total time 1.918189s
work sharing total time 1.896148s
CommonGraph total time 1.896148s
Running: build/SSSPbaseline /home/cgao037/graph/wiki/snap_wiki source/wiki_src.txt 16 0.01 4
read: 5.807473s
loading graph /home/cgao037/graph/wiki/snap_wiki, root file is source/wiki_src.txt, batch_num is 16, batch_size is 146136
read: 0.002517s
|E|=14613674
|V|=1870709
Intersection Graph Marked: 29.187866s
Root Time: 0.471093
direct hop total time 1.929543s
work sharing total time 1.945107s
CommonGraph total time 1.945107s
Running: build/SSSPbaseline /home/cgao037/graph/wiki/snap_wiki source/wiki_src.txt 16 0.01 5
read: 5.803794s
loading graph /home/cgao037/graph/wiki/snap_wiki, root file is source/wiki_src.txt, batch_num is 16, batch_size is 146136
read: 0.002549s
|E|=14613674
|V|=1870709
Intersection Graph Marked: 31.322662s
Root Time: 0.488901
direct hop total time 2.584938s
work sharing total time 2.334402s
CommonGraph total time 2.334402s
Running: build/SSSPbaseline /home/cgao037/graph/wiki/snap_wiki source/wiki_src.txt 16 0.01 6
read: 5.834083s
loading graph /home/cgao037/graph/wiki/snap_wiki, root file is source/wiki_src.txt, batch_num is 16, batch_size is 146136
read: 0.002487s
|E|=14613674
|V|=1870709
Intersection Graph Marked: 34.961024s
Root Time: 0.448325
direct hop total time 1.922067s
work sharing total time 1.927259s
CommonGraph total time 1.927259s
Running: build/SSSPbaseline /home/cgao037/graph/wiki/snap_wiki source/wiki_src.txt 16 0.01 7
read: 5.809959s
loading graph /home/cgao037/graph/wiki/snap_wiki, root file is source/wiki_src.txt, batch_num is 16, batch_size is 146136
read: 0.002498s
|E|=14613674
|V|=1870709
Intersection Graph Marked: 30.042950s
Root Time: 0.425802
direct hop total time 1.799838s
work sharing total time 1.902417s
CommonGraph total time 1.902417s
Running: build/SSSPbaseline /home/cgao037/graph/wiki/snap_wiki source/wiki_src.txt 16 0.01 8
read: 5.808234s
loading graph /home/cgao037/graph/wiki/snap_wiki, root file is source/wiki_src.txt, batch_num is 16, batch_size is 146136
read: 0.002505s
|E|=14613674
|V|=1870709
Intersection Graph Marked: 31.488652s
Root Time: 0.460564
direct hop total time 2.178535s
work sharing total time 1.886830s
CommonGraph total time 1.886830s
Running: build/SSSPbaseline /home/cgao037/graph/wiki/snap_wiki source/wiki_src.txt 16 0.01 9
read: 5.806250s
loading graph /home/cgao037/graph/wiki/snap_wiki, root file is source/wiki_src.txt, batch_num is 16, batch_size is 146136
read: 0.002494s
|E|=14613674
|V|=1870709
Intersection Graph Marked: 33.015828s
Root Time: 0.470147
direct hop total time 1.738469s
work sharing total time 1.763600s
CommonGraph total time 1.763600s
Running: build/SSSPbaseline /home/cgao037/graph/wiki/snap_wiki source/wiki_src.txt 16 0.01 10
read: 5.812817s
loading graph /home/cgao037/graph/wiki/snap_wiki, root file is source/wiki_src.txt, batch_num is 16, batch_size is 146136
read: 0.002432s
|E|=14613674
|V|=1870709
Intersection Graph Marked: 25.051073s
Root Time: 0.483726
direct hop total time 1.876226s
work sharing total time 1.882270s
CommonGraph total time 1.882270s
Running: build/SSSPbaseline /home/cgao037/graph/wiki/snap_wiki source/wiki_src.txt 16 0.01 11
read: 5.817934s
loading graph /home/cgao037/graph/wiki/snap_wiki, root file is source/wiki_src.txt, batch_num is 16, batch_size is 146136
read: 0.002643s
|E|=14613674
|V|=1870709
Intersection Graph Marked: 25.560707s
Root Time: 0.481600
direct hop total time 1.849985s
work sharing total time 1.951861s
CommonGraph total time 1.951861s
Running: build/SSSPbaseline /home/cgao037/graph/wiki/snap_wiki source/wiki_src.txt 16 0.01 12
read: 5.816346s
loading graph /home/cgao037/graph/wiki/snap_wiki, root file is source/wiki_src.txt, batch_num is 16, batch_size is 146136
read: 0.002748s
|E|=14613674
|V|=1870709
Intersection Graph Marked: 32.729997s
Root Time: 0.457067
direct hop total time 1.801811s
work sharing total time 1.866415s
CommonGraph total time 1.866415s
Running: build/SSSPbaseline /home/cgao037/graph/wiki/snap_wiki source/wiki_src.txt 16 0.01 13
read: 5.853550s
loading graph /home/cgao037/graph/wiki/snap_wiki, root file is source/wiki_src.txt, batch_num is 16, batch_size is 146136
read: 0.002556s
|E|=14613674
|V|=1870709
Intersection Graph Marked: 30.355968s
Root Time: 0.431341
direct hop total time 2.294465s
work sharing total time 1.922447s
CommonGraph total time 1.922447s
Running: build/SSSPbaseline /home/cgao037/graph/wiki/snap_wiki source/wiki_src.txt 16 0.01 14
read: 5.814395s
loading graph /home/cgao037/graph/wiki/snap_wiki, root file is source/wiki_src.txt, batch_num is 16, batch_size is 146136
read: 0.002514s
|E|=14613674
|V|=1870709
Intersection Graph Marked: 30.026084s
Root Time: 0.358985
direct hop total time 1.900368s
work sharing total time 2.068172s
CommonGraph total time 2.068172s
Running: build/SSSPbaseline /home/cgao037/graph/wiki/snap_wiki source/wiki_src.txt 16 0.01 15
read: 5.853749s
loading graph /home/cgao037/graph/wiki/snap_wiki, root file is source/wiki_src.txt, batch_num is 16, batch_size is 146136
read: 0.002576s
|E|=14613674
|V|=1870709
Intersection Graph Marked: 28.569354s
Root Time: 0.447964
direct hop total time 1.960675s
work sharing total time 1.921019s
CommonGraph total time 1.921019s
Running: build/SSSPbaseline /home/cgao037/graph/wiki/snap_wiki source/wiki_src.txt 32 0.005 0
read: 5.812536s
loading graph /home/cgao037/graph/wiki/snap_wiki, root file is source/wiki_src.txt, batch_num is 32, batch_size is 73068
read: 0.002551s
|E|=14613674
|V|=1870709
Intersection Graph Marked: 27.337026s
Root Time: 0.008143
direct hop total time 1.216107s
work sharing total time 1.065527s
CommonGraph total time 1.065527s
Running: build/SSSPbaseline /home/cgao037/graph/wiki/snap_wiki source/wiki_src.txt 32 0.005 1
read: 5.816899s
loading graph /home/cgao037/graph/wiki/snap_wiki, root file is source/wiki_src.txt, batch_num is 32, batch_size is 73068
read: 0.002485s
|E|=14613674
|V|=1870709
Intersection Graph Marked: 31.494894s
Root Time: 0.440091
direct hop total time 3.409290s
work sharing total time 4.010853s
CommonGraph total time 4.010853s
Running: build/SSSPbaseline /home/cgao037/graph/wiki/snap_wiki source/wiki_src.txt 32 0.005 2
read: 5.825766s
loading graph /home/cgao037/graph/wiki/snap_wiki, root file is source/wiki_src.txt, batch_num is 32, batch_size is 73068
read: 0.002442s
|E|=14613674
|V|=1870709
Intersection Graph Marked: 36.861631s
Root Time: 0.344767
direct hop total time 3.449792s
work sharing total time 3.898050s
CommonGraph total time 3.898050s
Running: build/SSSPbaseline /home/cgao037/graph/wiki/snap_wiki source/wiki_src.txt 32 0.005 3
read: 5.813227s
loading graph /home/cgao037/graph/wiki/snap_wiki, root file is source/wiki_src.txt, batch_num is 32, batch_size is 73068
read: 0.002468s
|E|=14613674
|V|=1870709
Intersection Graph Marked: 30.207601s
Root Time: 0.562271
direct hop total time 3.550104s
work sharing total time 3.984652s
CommonGraph total time 3.984652s
Running: build/SSSPbaseline /home/cgao037/graph/wiki/snap_wiki source/wiki_src.txt 32 0.005 4
read: 5.812007s
loading graph /home/cgao037/graph/wiki/snap_wiki, root file is source/wiki_src.txt, batch_num is 32, batch_size is 73068
read: 0.002563s
|E|=14613674
|V|=1870709
Intersection Graph Marked: 27.321968s
Root Time: 0.447241
direct hop total time 3.474249s
work sharing total time 3.890349s
CommonGraph total time 3.890349s
Running: build/SSSPbaseline /home/cgao037/graph/wiki/snap_wiki source/wiki_src.txt 32 0.005 5
read: 5.933634s
loading graph /home/cgao037/graph/wiki/snap_wiki, root file is source/wiki_src.txt, batch_num is 32, batch_size is 73068
read: 0.002523s
|E|=14613674
|V|=1870709
Intersection Graph Marked: 26.613507s
Root Time: 0.513825
direct hop total time 4.882475s
work sharing total time 4.577646s
CommonGraph total time 4.577646s
Running: build/SSSPbaseline /home/cgao037/graph/wiki/snap_wiki source/wiki_src.txt 32 0.005 6
read: 5.830905s
loading graph /home/cgao037/graph/wiki/snap_wiki, root file is source/wiki_src.txt, batch_num is 32, batch_size is 73068
read: 0.002449s
|E|=14613674
|V|=1870709
Intersection Graph Marked: 42.390525s
Root Time: 0.468577
direct hop total time 3.224210s
work sharing total time 3.706096s
CommonGraph total time 3.706096s
Running: build/SSSPbaseline /home/cgao037/graph/wiki/snap_wiki source/wiki_src.txt 32 0.005 7
read: 5.811829s
loading graph /home/cgao037/graph/wiki/snap_wiki, root file is source/wiki_src.txt, batch_num is 32, batch_size is 73068
read: 0.002509s
|E|=14613674
|V|=1870709
Intersection Graph Marked: 30.923809s
Root Time: 0.435753
direct hop total time 3.242970s
work sharing total time 4.040976s
CommonGraph total time 4.040976s
Running: build/SSSPbaseline /home/cgao037/graph/wiki/snap_wiki source/wiki_src.txt 32 0.005 8
read: 5.808329s
loading graph /home/cgao037/graph/wiki/snap_wiki, root file is source/wiki_src.txt, batch_num is 32, batch_size is 73068
read: 0.002470s
|E|=14613674
|V|=1870709
Intersection Graph Marked: 26.381335s
Root Time: 0.439040
direct hop total time 3.748700s
work sharing total time 3.923611s
CommonGraph total time 3.923611s
Running: build/SSSPbaseline /home/cgao037/graph/wiki/snap_wiki source/wiki_src.txt 32 0.005 9
read: 5.812227s
loading graph /home/cgao037/graph/wiki/snap_wiki, root file is source/wiki_src.txt, batch_num is 32, batch_size is 73068
read: 0.002436s
|E|=14613674
|V|=1870709
Intersection Graph Marked: 27.408906s
Root Time: 0.451143
direct hop total time 3.656219s
work sharing total time 3.902322s
CommonGraph total time 3.902322s
Running: build/SSSPbaseline /home/cgao037/graph/wiki/snap_wiki source/wiki_src.txt 32 0.005 10
read: 5.816553s
loading graph /home/cgao037/graph/wiki/snap_wiki, root file is source/wiki_src.txt, batch_num is 32, batch_size is 73068
read: 0.002480s
|E|=14613674
|V|=1870709
Intersection Graph Marked: 26.918456s
Root Time: 0.438979
direct hop total time 3.688280s
work sharing total time 3.943601s
CommonGraph total time 3.943601s
Running: build/SSSPbaseline /home/cgao037/graph/wiki/snap_wiki source/wiki_src.txt 32 0.005 11
read: 5.812306s
loading graph /home/cgao037/graph/wiki/snap_wiki, root file is source/wiki_src.txt, batch_num is 32, batch_size is 73068
read: 0.002579s
|E|=14613674
|V|=1870709
Intersection Graph Marked: 28.655289s
Root Time: 0.480793
direct hop total time 3.570948s
work sharing total time 4.122479s
CommonGraph total time 4.122479s
Running: build/SSSPbaseline /home/cgao037/graph/wiki/snap_wiki source/wiki_src.txt 32 0.005 12
read: 5.808283s
loading graph /home/cgao037/graph/wiki/snap_wiki, root file is source/wiki_src.txt, batch_num is 32, batch_size is 73068
read: 0.002594s
|E|=14613674
|V|=1870709
Intersection Graph Marked: 53.617700s
Root Time: 0.459115
direct hop total time 3.504977s
work sharing total time 3.864195s
CommonGraph total time 3.864195s
Running: build/SSSPbaseline /home/cgao037/graph/wiki/snap_wiki source/wiki_src.txt 32 0.005 13
read: 5.804380s
loading graph /home/cgao037/graph/wiki/snap_wiki, root file is source/wiki_src.txt, batch_num is 32, batch_size is 73068
read: 0.002506s
|E|=14613674
|V|=1870709
Intersection Graph Marked: 35.936633s
Root Time: 0.419522
direct hop total time 4.667224s
work sharing total time 3.891665s
CommonGraph total time 3.891665s
Running: build/SSSPbaseline /home/cgao037/graph/wiki/snap_wiki source/wiki_src.txt 32 0.005 14
read: 5.805541s
loading graph /home/cgao037/graph/wiki/snap_wiki, root file is source/wiki_src.txt, batch_num is 32, batch_size is 73068
read: 0.002535s
|E|=14613674
|V|=1870709
Intersection Graph Marked: 41.992815s
Root Time: 0.476785
direct hop total time 3.563408s
work sharing total time 3.985803s
CommonGraph total time 3.985803s
Running: build/SSSPbaseline /home/cgao037/graph/wiki/snap_wiki source/wiki_src.txt 32 0.005 15
read: 5.802315s
loading graph /home/cgao037/graph/wiki/snap_wiki, root file is source/wiki_src.txt, batch_num is 32, batch_size is 73068
read: 0.002507s
|E|=14613674
|V|=1870709
Intersection Graph Marked: 32.867983s
Root Time: 0.439886
direct hop total time 3.706979s
work sharing total time 3.991357s
CommonGraph total time 3.991357s
Running: build/SSSPbaseline /home/cgao037/graph/wiki/snap_wiki source/wiki_src.txt 64 0.0025 0
read: 5.813871s
loading graph /home/cgao037/graph/wiki/snap_wiki, root file is source/wiki_src.txt, batch_num is 64, batch_size is 36534
read: 0.002442s
|E|=14613674
|V|=1870709
Intersection Graph Marked: 26.732186s
Root Time: 0.009398
direct hop total time 2.316968s
work sharing total time 2.555405s
CommonGraph total time 2.555405s
Running: build/SSSPbaseline /home/cgao037/graph/wiki/snap_wiki source/wiki_src.txt 64 0.0025 1
read: 5.819615s
loading graph /home/cgao037/graph/wiki/snap_wiki, root file is source/wiki_src.txt, batch_num is 64, batch_size is 36534
read: 0.002511s
|E|=14613674
|V|=1870709
Intersection Graph Marked: 30.061624s
Root Time: 0.433313
direct hop total time 6.824502s
work sharing total time 6.309843s
CommonGraph total time 6.309843s
Running: build/SSSPbaseline /home/cgao037/graph/wiki/snap_wiki source/wiki_src.txt 64 0.0025 2
read: 5.812821s
loading graph /home/cgao037/graph/wiki/snap_wiki, root file is source/wiki_src.txt, batch_num is 64, batch_size is 36534
read: 0.002588s
|E|=14613674
|V|=1870709
Intersection Graph Marked: 31.905622s
Root Time: 0.350445
direct hop total time 7.068920s
work sharing total time 6.200974s
CommonGraph total time 6.200974s
Running: build/SSSPbaseline /home/cgao037/graph/wiki/snap_wiki source/wiki_src.txt 64 0.0025 3
read: 5.818488s
loading graph /home/cgao037/graph/wiki/snap_wiki, root file is source/wiki_src.txt, batch_num is 64, batch_size is 36534
read: 0.002510s
|E|=14613674
|V|=1870709
Intersection Graph Marked: 28.787917s
Root Time: 0.380839
direct hop total time 6.657117s
work sharing total time 6.337190s
CommonGraph total time 6.337190s
Running: build/SSSPbaseline /home/cgao037/graph/wiki/snap_wiki source/wiki_src.txt 64 0.0025 4
read: 5.815705s
loading graph /home/cgao037/graph/wiki/snap_wiki, root file is source/wiki_src.txt, batch_num is 64, batch_size is 36534
read: 0.002556s
|E|=14613674
|V|=1870709
Intersection Graph Marked: 34.616553s
Root Time: 0.418267
direct hop total time 6.430658s
work sharing total time 6.061646s
CommonGraph total time 6.061646s
Running: build/SSSPbaseline /home/cgao037/graph/wiki/snap_wiki source/wiki_src.txt 64 0.0025 5
read: 5.807807s
loading graph /home/cgao037/graph/wiki/snap_wiki, root file is source/wiki_src.txt, batch_num is 64, batch_size is 36534
read: 0.002507s
|E|=14613674
|V|=1870709
Intersection Graph Marked: 34.635154s
Root Time: 0.479106
direct hop total time 9.542475s
work sharing total time 7.783309s
CommonGraph total time 7.783309s
Running: build/SSSPbaseline /home/cgao037/graph/wiki/snap_wiki source/wiki_src.txt 64 0.0025 6
read: 5.805239s
loading graph /home/cgao037/graph/wiki/snap_wiki, root file is source/wiki_src.txt, batch_num is 64, batch_size is 36534
read: 0.002509s
|E|=14613674
|V|=1870709
Intersection Graph Marked: 49.415860s
Root Time: 0.684230
direct hop total time 6.373082s
work sharing total time 5.899798s
CommonGraph total time 5.899798s
Running: build/SSSPbaseline /home/cgao037/graph/wiki/snap_wiki source/wiki_src.txt 64 0.0025 7
read: 5.822165s
loading graph /home/cgao037/graph/wiki/snap_wiki, root file is source/wiki_src.txt, batch_num is 64, batch_size is 36534
read: 0.002469s
|E|=14613674
|V|=1870709
Intersection Graph Marked: 26.290565s
Root Time: 0.507593
direct hop total time 6.611691s
work sharing total time 6.283442s
CommonGraph total time 6.283442s
Running: build/SSSPbaseline /home/cgao037/graph/wiki/snap_wiki source/wiki_src.txt 64 0.0025 8
read: 5.813476s
loading graph /home/cgao037/graph/wiki/snap_wiki, root file is source/wiki_src.txt, batch_num is 64, batch_size is 36534
read: 0.002629s
|E|=14613674
|V|=1870709
Intersection Graph Marked: 33.077912s
Root Time: 0.449662
direct hop total time 7.703733s
work sharing total time 6.263203s
CommonGraph total time 6.263203s
Running: build/SSSPbaseline /home/cgao037/graph/wiki/snap_wiki source/wiki_src.txt 64 0.0025 9
read: 5.809711s
loading graph /home/cgao037/graph/wiki/snap_wiki, root file is source/wiki_src.txt, batch_num is 64, batch_size is 36534
read: 0.002462s
|E|=14613674
|V|=1870709
Intersection Graph Marked: 29.320132s
Root Time: 0.455945
direct hop total time 7.063479s
work sharing total time 6.311891s
CommonGraph total time 6.311891s
Running: build/SSSPbaseline /home/cgao037/graph/wiki/snap_wiki source/wiki_src.txt 64 0.0025 10
read: 5.836191s
loading graph /home/cgao037/graph/wiki/snap_wiki, root file is source/wiki_src.txt, batch_num is 64, batch_size is 36534
read: 0.002555s
|E|=14613674
|V|=1870709
Intersection Graph Marked: 29.042693s
Root Time: 0.434500
direct hop total time 6.930321s
work sharing total time 6.306025s
CommonGraph total time 6.306025s
Running: build/SSSPbaseline /home/cgao037/graph/wiki/snap_wiki source/wiki_src.txt 64 0.0025 11
read: 5.816404s
loading graph /home/cgao037/graph/wiki/snap_wiki, root file is source/wiki_src.txt, batch_num is 64, batch_size is 36534
read: 0.002464s
|E|=14613674
|V|=1870709
Intersection Graph Marked: 31.590301s
Root Time: 0.475241
direct hop total time 6.949947s
work sharing total time 6.527791s
CommonGraph total time 6.527791s
Running: build/SSSPbaseline /home/cgao037/graph/wiki/snap_wiki source/wiki_src.txt 64 0.0025 12
read: 5.807858s
loading graph /home/cgao037/graph/wiki/snap_wiki, root file is source/wiki_src.txt, batch_num is 64, batch_size is 36534
read: 0.002647s
|E|=14613674
|V|=1870709
Intersection Graph Marked: 28.570556s
Root Time: 0.425433
direct hop total time 6.827268s
work sharing total time 6.404600s
CommonGraph total time 6.404600s
Running: build/SSSPbaseline /home/cgao037/graph/wiki/snap_wiki source/wiki_src.txt 64 0.0025 13
read: 5.813659s
loading graph /home/cgao037/graph/wiki/snap_wiki, root file is source/wiki_src.txt, batch_num is 64, batch_size is 36534
read: 0.002456s
|E|=14613674
|V|=1870709
Intersection Graph Marked: 30.901527s
Root Time: 0.431609
direct hop total time 8.718270s
work sharing total time 6.294887s
CommonGraph total time 6.294887s
Running: build/SSSPbaseline /home/cgao037/graph/wiki/snap_wiki source/wiki_src.txt 64 0.0025 14
read: 5.818023s
loading graph /home/cgao037/graph/wiki/snap_wiki, root file is source/wiki_src.txt, batch_num is 64, batch_size is 36534
read: 0.002517s
|E|=14613674
|V|=1870709
Intersection Graph Marked: 37.842208s
Root Time: 0.378032
direct hop total time 7.090351s
work sharing total time 6.948684s
CommonGraph total time 6.948684s
Running: build/SSSPbaseline /home/cgao037/graph/wiki/snap_wiki source/wiki_src.txt 64 0.0025 15
read: 5.820057s
loading graph /home/cgao037/graph/wiki/snap_wiki, root file is source/wiki_src.txt, batch_num is 64, batch_size is 36534
read: 0.002530s
|E|=14613674
|V|=1870709
Intersection Graph Marked: 27.828072s
Root Time: 0.494882
direct hop total time 7.232767s
work sharing total time 6.517488s
CommonGraph total time 6.517488s
Running: build/SSSPbaseline /home/cgao037/graph/wen/snap_wen source/wen.txt 8 0.02 0
Error: Invalid line "% asym unweighted"
read: 176.449589s
loading graph /home/cgao037/graph/wen/snap_wen, root file is source/wen.txt, batch_num is 8, batch_size is 8744348
read: 0.092127s
|E|=437217424
|V|=13593033
Intersection Graph Marked: 25.871134s
Root Time: 3.402094
direct hop total time 5.826927s
work sharing total time 3.910121s
CommonGraph total time 3.910121s
Running: build/SSSPbaseline /home/cgao037/graph/wen/snap_wen source/wen.txt 8 0.02 1
Error: Invalid line "% asym unweighted"
read: 176.580779s
loading graph /home/cgao037/graph/wen/snap_wen, root file is source/wen.txt, batch_num is 8, batch_size is 8744348
read: 0.088361s
|E|=437217424
|V|=13593033
Intersection Graph Marked: 25.791967s
Root Time: 0.080703
direct hop total time 18.891134s
work sharing total time 21.585054s
CommonGraph total time 21.585054s
Running: build/SSSPbaseline /home/cgao037/graph/wen/snap_wen source/wen.txt 8 0.02 2
Error: Invalid line "% asym unweighted"
read: 176.545955s
loading graph /home/cgao037/graph/wen/snap_wen, root file is source/wen.txt, batch_num is 8, batch_size is 8744348
read: 0.090115s
|E|=437217424
|V|=13593033
Intersection Graph Marked: 25.711695s
Root Time: 0.042019
direct hop total time 9.445784s
work sharing total time 2.795091s
CommonGraph total time 2.795091s
Running: build/SSSPbaseline /home/cgao037/graph/wen/snap_wen source/wen.txt 8 0.02 3
Error: Invalid line "% asym unweighted"
read: 178.372309s
loading graph /home/cgao037/graph/wen/snap_wen, root file is source/wen.txt, batch_num is 8, batch_size is 8744348
read: 0.095632s
|E|=437217424
|V|=13593033
Intersection Graph Marked: 26.085370s
Root Time: 1.714022
direct hop total time 9.819514s
work sharing total time 6.712567s
CommonGraph total time 6.712567s
Running: build/SSSPbaseline /home/cgao037/graph/wen/snap_wen source/wen.txt 8 0.02 4
Error: Invalid line "% asym unweighted"
read: 176.967947s
loading graph /home/cgao037/graph/wen/snap_wen, root file is source/wen.txt, batch_num is 8, batch_size is 8744348
read: 0.088289s
|E|=437217424
|V|=13593033
Intersection Graph Marked: 25.446210s
Root Time: 1.539825
direct hop total time 5.955257s
work sharing total time 3.966563s
CommonGraph total time 3.966563s
Running: build/SSSPbaseline /home/cgao037/graph/wen/snap_wen source/wen.txt 8 0.02 5
Error: Invalid line "% asym unweighted"
read: 176.360800s
loading graph /home/cgao037/graph/wen/snap_wen, root file is source/wen.txt, batch_num is 8, batch_size is 8744348
read: 0.088416s
|E|=437217424
|V|=13593033
Intersection Graph Marked: 26.242627s
Root Time: 2.341113
direct hop total time 6.264998s
work sharing total time 4.024294s
CommonGraph total time 4.024294s
Running: build/SSSPbaseline /home/cgao037/graph/wen/snap_wen source/wen.txt 8 0.02 6
Error: Invalid line "% asym unweighted"
read: 176.503988s
loading graph /home/cgao037/graph/wen/snap_wen, root file is source/wen.txt, batch_num is 8, batch_size is 8744348
read: 0.090412s
|E|=437217424
|V|=13593033
Intersection Graph Marked: 25.453788s
Root Time: 1.586220
direct hop total time 6.204294s
work sharing total time 4.050591s
CommonGraph total time 4.050591s
Running: build/SSSPbaseline /home/cgao037/graph/wen/snap_wen source/wen.txt 8 0.02 7
Error: Invalid line "% asym unweighted"
read: 176.398071s
loading graph /home/cgao037/graph/wen/snap_wen, root file is source/wen.txt, batch_num is 8, batch_size is 8744348
read: 0.090285s
|E|=437217424
|V|=13593033
Intersection Graph Marked: 25.742375s
Root Time: 1.618267
direct hop total time 6.042370s
work sharing total time 3.976113s
CommonGraph total time 3.976113s
Running: build/SSSPbaseline /home/cgao037/graph/wen/snap_wen source/wen.txt 8 0.02 8
Error: Invalid line "% asym unweighted"
read: 176.462395s
loading graph /home/cgao037/graph/wen/snap_wen, root file is source/wen.txt, batch_num is 8, batch_size is 8744348
read: 0.091571s
|E|=437217424
|V|=13593033
Intersection Graph Marked: 25.793678s
Root Time: 1.714638
direct hop total time 6.379423s
work sharing total time 3.872606s
CommonGraph total time 3.872606s
Running: build/SSSPbaseline /home/cgao037/graph/wen/snap_wen source/wen.txt 8 0.02 9
Error: Invalid line "% asym unweighted"
read: 176.343160s
loading graph /home/cgao037/graph/wen/snap_wen, root file is source/wen.txt, batch_num is 8, batch_size is 8744348
read: 0.089315s
|E|=437217424
|V|=13593033
Intersection Graph Marked: 25.894906s
Root Time: 1.713302
direct hop total time 6.583822s
work sharing total time 4.357302s
CommonGraph total time 4.357302s
Running: build/SSSPbaseline /home/cgao037/graph/wen/snap_wen source/wen.txt 8 0.02 10
Error: Invalid line "% asym unweighted"
read: 176.357273s
loading graph /home/cgao037/graph/wen/snap_wen, root file is source/wen.txt, batch_num is 8, batch_size is 8744348
read: 0.089610s
|E|=437217424
|V|=13593033
Intersection Graph Marked: 25.499570s
Root Time: 0.030309
direct hop total time 24.080299s
work sharing total time 18.233713s
CommonGraph total time 18.233713s
Running: build/SSSPbaseline /home/cgao037/graph/wen/snap_wen source/wen.txt 8 0.02 11
Error: Invalid line "% asym unweighted"
read: 176.469854s
loading graph /home/cgao037/graph/wen/snap_wen, root file is source/wen.txt, batch_num is 8, batch_size is 8744348
read: 0.089717s
|E|=437217424
|V|=13593033
Intersection Graph Marked: 25.655357s
Root Time: 2.330920
direct hop total time 10.385015s
work sharing total time 8.262531s
CommonGraph total time 8.262531s
Running: build/SSSPbaseline /home/cgao037/graph/wen/snap_wen source/wen.txt 8 0.02 12
Error: Invalid line "% asym unweighted"
read: 176.318067s
loading graph /home/cgao037/graph/wen/snap_wen, root file is source/wen.txt, batch_num is 8, batch_size is 8744348
read: 0.091664s
|E|=437217424
|V|=13593033
Intersection Graph Marked: 25.971826s
Root Time: 0.078590
direct hop total time 13.993447s
work sharing total time 3.164305s
CommonGraph total time 3.164305s
Running: build/SSSPbaseline /home/cgao037/graph/wen/snap_wen source/wen.txt 8 0.02 13
Error: Invalid line "% asym unweighted"
read: 177.262290s
loading graph /home/cgao037/graph/wen/snap_wen, root file is source/wen.txt, batch_num is 8, batch_size is 8744348
read: 0.089409s
|E|=437217424
|V|=13593033
Intersection Graph Marked: 25.526187s
Root Time: 1.694395
direct hop total time 6.190743s
work sharing total time 3.877424s
CommonGraph total time 3.877424s
Running: build/SSSPbaseline /home/cgao037/graph/wen/snap_wen source/wen.txt 8 0.02 14
Error: Invalid line "% asym unweighted"
read: 178.933415s
loading graph /home/cgao037/graph/wen/snap_wen, root file is source/wen.txt, batch_num is 8, batch_size is 8744348
read: 0.107295s
|E|=437217424
|V|=13593033
Intersection Graph Marked: 25.919379s
Root Time: 1.619256
direct hop total time 5.898811s
work sharing total time 3.795253s
CommonGraph total time 3.795253s
Running: build/SSSPbaseline /home/cgao037/graph/wen/snap_wen source/wen.txt 8 0.02 15
Error: Invalid line "% asym unweighted"
read: 176.979950s
loading graph /home/cgao037/graph/wen/snap_wen, root file is source/wen.txt, batch_num is 8, batch_size is 8744348
read: 0.088693s
|E|=437217424
|V|=13593033
Intersection Graph Marked: 25.420150s
Root Time: 1.558114
direct hop total time 6.012059s
work sharing total time 3.787334s
CommonGraph total time 3.787334s
Running: build/SSSPbaseline /home/cgao037/graph/wen/snap_wen source/wen.txt 16 0.01 0
Error: Invalid line "% asym unweighted"
read: 176.681885s
loading graph /home/cgao037/graph/wen/snap_wen, root file is source/wen.txt, batch_num is 16, batch_size is 4372174
read: 0.090288s
|E|=437217424
|V|=13593033
Intersection Graph Marked: 26.240923s
Root Time: 1.675848
direct hop total time 10.934768s
work sharing total time 7.015296s
CommonGraph total time 7.015296s
Running: build/SSSPbaseline /home/cgao037/graph/wen/snap_wen source/wen.txt 16 0.01 1
Error: Invalid line "% asym unweighted"
read: 176.423253s
loading graph /home/cgao037/graph/wen/snap_wen, root file is source/wen.txt, batch_num is 16, batch_size is 4372174
read: 0.089010s
|E|=437217424
|V|=13593033
Intersection Graph Marked: 26.311087s
Root Time: 0.076447
direct hop total time 36.308804s
work sharing total time 29.087494s
CommonGraph total time 29.087494s
Running: build/SSSPbaseline /home/cgao037/graph/wen/snap_wen source/wen.txt 16 0.01 2
Error: Invalid line "% asym unweighted"
read: 176.547144s
loading graph /home/cgao037/graph/wen/snap_wen, root file is source/wen.txt, batch_num is 16, batch_size is 4372174
read: 0.089581s
|E|=437217424
|V|=13593033
Intersection Graph Marked: 25.402189s
Root Time: 0.038606
direct hop total time 28.754507s
work sharing total time 3.985695s
CommonGraph total time 3.985695s
Running: build/SSSPbaseline /home/cgao037/graph/wen/snap_wen source/wen.txt 16 0.01 3
Error: Invalid line "% asym unweighted"
read: 176.556531s
loading graph /home/cgao037/graph/wen/snap_wen, root file is source/wen.txt, batch_num is 16, batch_size is 4372174
read: 0.088111s
|E|=437217424
|V|=13593033
Intersection Graph Marked: 25.651363s
Root Time: 1.740093
direct hop total time 19.532961s
work sharing total time 12.859650s
CommonGraph total time 12.859650s
Running: build/SSSPbaseline /home/cgao037/graph/wen/snap_wen source/wen.txt 16 0.01 4
Error: Invalid line "% asym unweighted"
read: 177.158990s
loading graph /home/cgao037/graph/wen/snap_wen, root file is source/wen.txt, batch_num is 16, batch_size is 4372174
read: 0.089423s
|E|=437217424
|V|=13593033
Intersection Graph Marked: 25.438620s
Root Time: 1.655485
direct hop total time 11.511848s
work sharing total time 7.136462s
CommonGraph total time 7.136462s
Running: build/SSSPbaseline /home/cgao037/graph/wen/snap_wen source/wen.txt 16 0.01 5
Error: Invalid line "% asym unweighted"
read: 177.494677s
loading graph /home/cgao037/graph/wen/snap_wen, root file is source/wen.txt, batch_num is 16, batch_size is 4372174
read: 0.089712s
|E|=437217424
|V|=13593033
Intersection Graph Marked: 25.984401s
Root Time: 1.643822
direct hop total time 12.407077s
work sharing total time 7.091322s
CommonGraph total time 7.091322s
Running: build/SSSPbaseline /home/cgao037/graph/wen/snap_wen source/wen.txt 16 0.01 6
Error: Invalid line "% asym unweighted"
read: 176.732991s
loading graph /home/cgao037/graph/wen/snap_wen, root file is source/wen.txt, batch_num is 16, batch_size is 4372174
read: 0.090730s
|E|=437217424
|V|=13593033
Intersection Graph Marked: 25.389231s
Root Time: 1.668953
direct hop total time 11.250874s
work sharing total time 6.955734s
CommonGraph total time 6.955734s
Running: build/SSSPbaseline /home/cgao037/graph/wen/snap_wen source/wen.txt 16 0.01 7
Error: Invalid line "% asym unweighted"
read: 177.243069s
loading graph /home/cgao037/graph/wen/snap_wen, root file is source/wen.txt, batch_num is 16, batch_size is 4372174
read: 0.089365s
|E|=437217424
|V|=13593033
Intersection Graph Marked: 25.666443s
Root Time: 1.572085
direct hop total time 11.728170s
work sharing total time 7.127795s
CommonGraph total time 7.127795s
Running: build/SSSPbaseline /home/cgao037/graph/wen/snap_wen source/wen.txt 16 0.01 8
Error: Invalid line "% asym unweighted"
read: 176.820097s
loading graph /home/cgao037/graph/wen/snap_wen, root file is source/wen.txt, batch_num is 16, batch_size is 4372174
read: 0.088947s
|E|=437217424
|V|=13593033
Intersection Graph Marked: 25.992694s
Root Time: 1.686101
direct hop total time 13.110990s
work sharing total time 7.246210s
CommonGraph total time 7.246210s
Running: build/SSSPbaseline /home/cgao037/graph/wen/snap_wen source/wen.txt 16 0.01 9
Error: Invalid line "% asym unweighted"
read: 176.554032s
loading graph /home/cgao037/graph/wen/snap_wen, root file is source/wen.txt, batch_num is 16, batch_size is 4372174
read: 0.091165s
|E|=437217424
|V|=13593033
Intersection Graph Marked: 25.699916s
Root Time: 1.744411
direct hop total time 11.989622s
work sharing total time 7.672162s
CommonGraph total time 7.672162s
Running: build/SSSPbaseline /home/cgao037/graph/wen/snap_wen source/wen.txt 16 0.01 10
Error: Invalid line "% asym unweighted"
read: 176.734193s
loading graph /home/cgao037/graph/wen/snap_wen, root file is source/wen.txt, batch_num is 16, batch_size is 4372174
read: 0.090596s
|E|=437217424
|V|=13593033
Intersection Graph Marked: 25.942344s
Root Time: 0.034239
direct hop total time 43.524651s
work sharing total time 33.836704s
CommonGraph total time 33.836704s
Running: build/SSSPbaseline /home/cgao037/graph/wen/snap_wen source/wen.txt 16 0.01 11
Error: Invalid line "% asym unweighted"
read: 176.489180s
loading graph /home/cgao037/graph/wen/snap_wen, root file is source/wen.txt, batch_num is 16, batch_size is 4372174
read: 0.091116s
|E|=437217424
|V|=13593033
Intersection Graph Marked: 25.456445s
Root Time: 1.534319
direct hop total time 19.806652s
work sharing total time 15.375711s
CommonGraph total time 15.375711s
Running: build/SSSPbaseline /home/cgao037/graph/wen/snap_wen source/wen.txt 16 0.01 12
Error: Invalid line "% asym unweighted"
read: 176.525853s
loading graph /home/cgao037/graph/wen/snap_wen, root file is source/wen.txt, batch_num is 16, batch_size is 4372174
read: 0.090700s
|E|=437217424
|V|=13593033
Intersection Graph Marked: 25.419642s
Root Time: 0.024682
direct hop total time 44.660549s
work sharing total time 4.444877s
CommonGraph total time 4.444877s
Running: build/SSSPbaseline /home/cgao037/graph/wen/snap_wen source/wen.txt 16 0.01 13
Error: Invalid line "% asym unweighted"
read: 176.605483s
loading graph /home/cgao037/graph/wen/snap_wen, root file is source/wen.txt, batch_num is 16, batch_size is 4372174
read: 0.090126s
|E|=437217424
|V|=13593033
Intersection Graph Marked: 25.516762s
Root Time: 1.729972
direct hop total time 11.243882s
work sharing total time 6.779110s
CommonGraph total time 6.779110s
Running: build/SSSPbaseline /home/cgao037/graph/wen/snap_wen source/wen.txt 16 0.01 14
Error: Invalid line "% asym unweighted"
read: 176.676131s
loading graph /home/cgao037/graph/wen/snap_wen, root file is source/wen.txt, batch_num is 16, batch_size is 4372174
read: 0.089691s
|E|=437217424
|V|=13593033
Intersection Graph Marked: 25.793149s
Root Time: 3.280429
direct hop total time 10.545061s
work sharing total time 6.760073s
CommonGraph total time 6.760073s
Running: build/SSSPbaseline /home/cgao037/graph/wen/snap_wen source/wen.txt 16 0.01 15
Error: Invalid line "% asym unweighted"
read: 176.578207s
loading graph /home/cgao037/graph/wen/snap_wen, root file is source/wen.txt, batch_num is 16, batch_size is 4372174
read: 0.092618s
|E|=437217424
|V|=13593033
Intersection Graph Marked: 25.607056s
Root Time: 1.584911
direct hop total time 10.613102s
work sharing total time 6.582645s
CommonGraph total time 6.582645s
Running: build/SSSPbaseline /home/cgao037/graph/wen/snap_wen source/wen.txt 32 0.005 0
Error: Invalid line "% asym unweighted"
read: 176.462822s
loading graph /home/cgao037/graph/wen/snap_wen, root file is source/wen.txt, batch_num is 32, batch_size is 2186087
read: 0.093285s
|E|=437217424
|V|=13593033
Intersection Graph Marked: 25.397780s
Root Time: 1.669799
direct hop total time 22.256144s
work sharing total time 13.617416s
CommonGraph total time 13.617416s
Running: build/SSSPbaseline /home/cgao037/graph/wen/snap_wen source/wen.txt 32 0.005 1
Error: Invalid line "% asym unweighted"
read: 176.506645s
loading graph /home/cgao037/graph/wen/snap_wen, root file is source/wen.txt, batch_num is 32, batch_size is 2186087
read: 0.091089s
|E|=437217424
|V|=13593033
Intersection Graph Marked: 25.472007s
Root Time: 0.025521
direct hop total time 112.255493s
work sharing total time 71.978271s
CommonGraph total time 71.978271s
Running: build/SSSPbaseline /home/cgao037/graph/wen/snap_wen source/wen.txt 32 0.005 2
Error: Invalid line "% asym unweighted"
read: 177.091580s
loading graph /home/cgao037/graph/wen/snap_wen, root file is source/wen.txt, batch_num is 32, batch_size is 2186087
read: 0.089379s
|E|=437217424
|V|=13593033
Intersection Graph Marked: 25.360628s
Root Time: 0.024854
direct hop total time 45.786354s
work sharing total time 6.321729s
CommonGraph total time 6.321729s
Running: build/SSSPbaseline /home/cgao037/graph/wen/snap_wen source/wen.txt 32 0.005 3
Error: Invalid line "% asym unweighted"
read: 176.943266s
loading graph /home/cgao037/graph/wen/snap_wen, root file is source/wen.txt, batch_num is 32, batch_size is 2186087
read: 0.088537s
|E|=437217424
|V|=13593033
Intersection Graph Marked: 25.407118s
Root Time: 1.695774
direct hop total time 35.610645s
work sharing total time 23.273371s
CommonGraph total time 23.273371s
Running: build/SSSPbaseline /home/cgao037/graph/wen/snap_wen source/wen.txt 32 0.005 4
Error: Invalid line "% asym unweighted"
read: 177.889002s
loading graph /home/cgao037/graph/wen/snap_wen, root file is source/wen.txt, batch_num is 32, batch_size is 2186087
read: 0.090236s
|E|=437217424
|V|=13593033
Intersection Graph Marked: 26.073534s
Root Time: 1.617766
direct hop total time 21.969959s
work sharing total time 13.154031s
CommonGraph total time 13.154031s
Running: build/SSSPbaseline /home/cgao037/graph/wen/snap_wen source/wen.txt 32 0.005 5
Error: Invalid line "% asym unweighted"
read: 176.526499s
loading graph /home/cgao037/graph/wen/snap_wen, root file is source/wen.txt, batch_num is 32, batch_size is 2186087
read: 0.092299s
|E|=437217424
|V|=13593033
Intersection Graph Marked: 25.406255s
Root Time: 1.626776
direct hop total time 23.396769s
work sharing total time 13.411795s
CommonGraph total time 13.411795s
Running: build/SSSPbaseline /home/cgao037/graph/wen/snap_wen source/wen.txt 32 0.005 6
Error: Invalid line "% asym unweighted"
read: 176.894827s
loading graph /home/cgao037/graph/wen/snap_wen, root file is source/wen.txt, batch_num is 32, batch_size is 2186087
read: 0.092504s
|E|=437217424
|V|=13593033
Intersection Graph Marked: 26.176802s
Root Time: 1.631349
direct hop total time 21.157713s
work sharing total time 12.925364s
CommonGraph total time 12.925364s
Running: build/SSSPbaseline /home/cgao037/graph/wen/snap_wen source/wen.txt 32 0.005 7
Error: Invalid line "% asym unweighted"
read: 176.699988s
loading graph /home/cgao037/graph/wen/snap_wen, root file is source/wen.txt, batch_num is 32, batch_size is 2186087
read: 0.088211s
|E|=437217424
|V|=13593033
Intersection Graph Marked: 25.544334s
Root Time: 1.609246
direct hop total time 22.586761s
work sharing total time 13.715034s
CommonGraph total time 13.715034s
Running: build/SSSPbaseline /home/cgao037/graph/wen/snap_wen source/wen.txt 32 0.005 8
Error: Invalid line "% asym unweighted"
read: 176.791872s
loading graph /home/cgao037/graph/wen/snap_wen, root file is source/wen.txt, batch_num is 32, batch_size is 2186087
read: 0.092570s
|E|=437217424
|V|=13593033
Intersection Graph Marked: 25.711900s
Root Time: 1.683877
direct hop total time 22.940680s
work sharing total time 12.781425s
CommonGraph total time 12.781425s
Running: build/SSSPbaseline /home/cgao037/graph/wen/snap_wen source/wen.txt 32 0.005 9
Error: Invalid line "% asym unweighted"
read: 176.899476s
loading graph /home/cgao037/graph/wen/snap_wen, root file is source/wen.txt, batch_num is 32, batch_size is 2186087
read: 0.090588s
|E|=437217424
|V|=13593033
Intersection Graph Marked: 26.132739s
Root Time: 1.740892
direct hop total time 23.553276s
work sharing total time 14.713949s
CommonGraph total time 14.713949s
Running: build/SSSPbaseline /home/cgao037/graph/wen/snap_wen source/wen.txt 32 0.005 10
Error: Invalid line "% asym unweighted"
read: 176.890416s
loading graph /home/cgao037/graph/wen/snap_wen, root file is source/wen.txt, batch_num is 32, batch_size is 2186087
read: 0.090237s
|E|=437217424
|V|=13593033
Intersection Graph Marked: 25.900527s
Root Time: 0.023921
direct hop total time 71.311333s
work sharing total time 59.595329s
CommonGraph total time 59.595329s
Running: build/SSSPbaseline /home/cgao037/graph/wen/snap_wen source/wen.txt 32 0.005 11
Error: Invalid line "% asym unweighted"
read: 176.669257s
loading graph /home/cgao037/graph/wen/snap_wen, root file is source/wen.txt, batch_num is 32, batch_size is 2186087
read: 0.090565s
|E|=437217424
|V|=13593033
Intersection Graph Marked: 25.425026s
Root Time: 1.570801
direct hop total time 37.570801s
work sharing total time 29.050472s
CommonGraph total time 29.050472s
Running: build/SSSPbaseline /home/cgao037/graph/wen/snap_wen source/wen.txt 32 0.005 12
Error: Invalid line "% asym unweighted"
read: 176.613092s
loading graph /home/cgao037/graph/wen/snap_wen, root file is source/wen.txt, batch_num is 32, batch_size is 2186087
read: 0.092217s
|E|=437217424
|V|=13593033
Intersection Graph Marked: 25.442788s
Root Time: 0.030195
direct hop total time 81.076233s
work sharing total time 7.184974s
CommonGraph total time 7.184974s
Running: build/SSSPbaseline /home/cgao037/graph/wen/snap_wen source/wen.txt 32 0.005 13
Error: Invalid line "% asym unweighted"
read: 176.414547s
loading graph /home/cgao037/graph/wen/snap_wen, root file is source/wen.txt, batch_num is 32, batch_size is 2186087
read: 0.090682s
|E|=437217424
|V|=13593033
Intersection Graph Marked: 26.271478s
Root Time: 1.823545
direct hop total time 21.328211s
work sharing total time 12.574094s
CommonGraph total time 12.574094s
Running: build/SSSPbaseline /home/cgao037/graph/wen/snap_wen source/wen.txt 32 0.005 14
Error: Invalid line "% asym unweighted"
read: 176.409023s
loading graph /home/cgao037/graph/wen/snap_wen, root file is source/wen.txt, batch_num is 32, batch_size is 2186087
read: 0.090996s
|E|=437217424
|V|=13593033
Intersection Graph Marked: 25.456674s
Root Time: 1.721102
direct hop total time 20.841988s
work sharing total time 12.777966s
CommonGraph total time 12.777966s
Running: build/SSSPbaseline /home/cgao037/graph/wen/snap_wen source/wen.txt 32 0.005 15
Error: Invalid line "% asym unweighted"
read: 176.647063s
loading graph /home/cgao037/graph/wen/snap_wen, root file is source/wen.txt, batch_num is 32, batch_size is 2186087
read: 0.089413s
|E|=437217424
|V|=13593033
Intersection Graph Marked: 25.962466s
Root Time: 1.611924
direct hop total time 21.202421s
work sharing total time 12.548397s
CommonGraph total time 12.548397s
Running: build/SSSPbaseline /home/cgao037/graph/wen/snap_wen source/wen.txt 64 0.0025 0
Error: Invalid line "% asym unweighted"
read: 176.973619s
loading graph /home/cgao037/graph/wen/snap_wen, root file is source/wen.txt, batch_num is 64, batch_size is 1093043
read: 0.090587s
|E|=437217424
|V|=13593033
Intersection Graph Marked: 25.434631s
Root Time: 3.323283
direct hop total time 40.387833s
work sharing total time 25.562777s
CommonGraph total time 25.562777s
Running: build/SSSPbaseline /home/cgao037/graph/wen/snap_wen source/wen.txt 64 0.0025 1
Error: Invalid line "% asym unweighted"
read: 176.488233s
loading graph /home/cgao037/graph/wen/snap_wen, root file is source/wen.txt, batch_num is 64, batch_size is 1093043
read: 0.088495s
|E|=437217424
|V|=13593033
Intersection Graph Marked: 25.698123s
Root Time: 0.020210
direct hop total time 98.532120s
work sharing total time 131.443298s
CommonGraph total time 131.443298s
Running: build/SSSPbaseline /home/cgao037/graph/wen/snap_wen source/wen.txt 64 0.0025 2
Error: Invalid line "% asym unweighted"
read: 176.175928s
loading graph /home/cgao037/graph/wen/snap_wen, root file is source/wen.txt, batch_num is 64, batch_size is 1093043
read: 0.091898s
|E|=437217424
|V|=13593033
Intersection Graph Marked: 25.856986s
Root Time: 0.074085
direct hop total time 110.383904s
work sharing total time 10.811893s
CommonGraph total time 10.811893s
Running: build/SSSPbaseline /home/cgao037/graph/wen/snap_wen source/wen.txt 64 0.0025 3
Error: Invalid line "% asym unweighted"
read: 176.465474s
loading graph /home/cgao037/graph/wen/snap_wen, root file is source/wen.txt, batch_num is 64, batch_size is 1093043
read: 0.089602s
|E|=437217424
|V|=13593033
Intersection Graph Marked: 25.585357s
Root Time: 1.681988
direct hop total time 70.063179s
work sharing total time 45.610504s
CommonGraph total time 45.610504s
Running: build/SSSPbaseline /home/cgao037/graph/wen/snap_wen source/wen.txt 64 0.0025 4
Error: Invalid line "% asym unweighted"
read: 176.840943s
loading graph /home/cgao037/graph/wen/snap_wen, root file is source/wen.txt, batch_num is 64, batch_size is 1093043
read: 0.089311s
|E|=437217424
|V|=13593033
Intersection Graph Marked: 26.271368s
Root Time: 1.589326
direct hop total time 41.444916s
work sharing total time 25.506138s
CommonGraph total time 25.506138s
Running: build/SSSPbaseline /home/cgao037/graph/wen/snap_wen source/wen.txt 64 0.0025 5
Error: Invalid line "% asym unweighted"
read: 176.481395s
loading graph /home/cgao037/graph/wen/snap_wen, root file is source/wen.txt, batch_num is 64, batch_size is 1093043
read: 0.090826s
|E|=437217424
|V|=13593033
Intersection Graph Marked: 26.516049s
Root Time: 1.650199
direct hop total time 41.437572s
work sharing total time 24.565134s
CommonGraph total time 24.565134s
Running: build/SSSPbaseline /home/cgao037/graph/wen/snap_wen source/wen.txt 64 0.0025 6
Error: Invalid line "% asym unweighted"
read: 178.356729s
loading graph /home/cgao037/graph/wen/snap_wen, root file is source/wen.txt, batch_num is 64, batch_size is 1093043
read: 0.089527s
|E|=437217424
|V|=13593033
Intersection Graph Marked: 26.084853s
Root Time: 1.577459
direct hop total time 42.377304s
work sharing total time 26.166281s
CommonGraph total time 26.166281s
Running: build/SSSPbaseline /home/cgao037/graph/wen/snap_wen source/wen.txt 64 0.0025 7
Error: Invalid line "% asym unweighted"
read: 178.102872s
loading graph /home/cgao037/graph/wen/snap_wen, root file is source/wen.txt, batch_num is 64, batch_size is 1093043
read: 0.112536s
|E|=437217424
|V|=13593033
Intersection Graph Marked: 25.564311s
Root Time: 2.400834
direct hop total time 44.303917s
work sharing total time 27.674196s
CommonGraph total time 27.674196s
Running: build/SSSPbaseline /home/cgao037/graph/wen/snap_wen source/wen.txt 64 0.0025 8
Error: Invalid line "% asym unweighted"
read: 178.131523s
loading graph /home/cgao037/graph/wen/snap_wen, root file is source/wen.txt, batch_num is 64, batch_size is 1093043
read: 0.097128s
|E|=437217424
|V|=13593033
Intersection Graph Marked: 25.365655s
Root Time: 1.737500
direct hop total time 45.826313s
work sharing total time 24.206980s
CommonGraph total time 24.206980s
Running: build/SSSPbaseline /home/cgao037/graph/wen/snap_wen source/wen.txt 64 0.0025 9
Error: Invalid line "% asym unweighted"
read: 176.841277s
loading graph /home/cgao037/graph/wen/snap_wen, root file is source/wen.txt, batch_num is 64, batch_size is 1093043
read: 0.091319s
|E|=437217424
|V|=13593033
Intersection Graph Marked: 25.687397s
Root Time: 1.706428
direct hop total time 44.329674s
work sharing total time 27.954857s
CommonGraph total time 27.954857s
Running: build/SSSPbaseline /home/cgao037/graph/wen/snap_wen source/wen.txt 64 0.0025 10
Error: Invalid line "% asym unweighted"
read: 177.055615s
loading graph /home/cgao037/graph/wen/snap_wen, root file is source/wen.txt, batch_num is 64, batch_size is 1093043
read: 0.109617s
|E|=437217424
|V|=13593033
Intersection Graph Marked: 25.624111s
Root Time: 0.025954
direct hop total time 166.321045s
work sharing total time 114.267395s
CommonGraph total time 114.267395s
Running: build/SSSPbaseline /home/cgao037/graph/wen/snap_wen source/wen.txt 64 0.0025 11
Error: Invalid line "% asym unweighted"
read: 176.317289s
loading graph /home/cgao037/graph/wen/snap_wen, root file is source/wen.txt, batch_num is 64, batch_size is 1093043
read: 0.089779s
|E|=437217424
|V|=13593033
Intersection Graph Marked: 25.650100s
Root Time: 1.599216
direct hop total time 70.772278s
work sharing total time 56.746258s
CommonGraph total time 56.746258s
Running: build/SSSPbaseline /home/cgao037/graph/wen/snap_wen source/wen.txt 64 0.0025 12
Error: Invalid line "% asym unweighted"
read: 176.584242s
loading graph /home/cgao037/graph/wen/snap_wen, root file is source/wen.txt, batch_num is 64, batch_size is 1093043
read: 0.105501s
|E|=437217424
|V|=13593033
Intersection Graph Marked: 25.995821s
Root Time: 0.025795
direct hop total time 64.237076s
work sharing total time 11.703492s
CommonGraph total time 11.703492s
Running: build/SSSPbaseline /home/cgao037/graph/wen/snap_wen source/wen.txt 64 0.0025 13
Error: Invalid line "% asym unweighted"
read: 177.038508s
loading graph /home/cgao037/graph/wen/snap_wen, root file is source/wen.txt, batch_num is 64, batch_size is 1093043
read: 0.091628s
|E|=437217424
|V|=13593033
Intersection Graph Marked: 26.043728s
Root Time: 1.734749
direct hop total time 44.012493s
work sharing total time 26.754799s
CommonGraph total time 26.754799s
Running: build/SSSPbaseline /home/cgao037/graph/wen/snap_wen source/wen.txt 64 0.0025 14
Error: Invalid line "% asym unweighted"
read: 178.154758s
loading graph /home/cgao037/graph/wen/snap_wen, root file is source/wen.txt, batch_num is 64, batch_size is 1093043
read: 0.090234s
|E|=437217424
|V|=13593033
Intersection Graph Marked: 25.943301s
Root Time: 1.651618
direct hop total time 42.076115s
work sharing total time 26.117060s
CommonGraph total time 26.117060s
Running: build/SSSPbaseline /home/cgao037/graph/wen/snap_wen source/wen.txt 64 0.0025 15
Error: Invalid line "% asym unweighted"
read: 177.137080s
loading graph /home/cgao037/graph/wen/snap_wen, root file is source/wen.txt, batch_num is 64, batch_size is 1093043
read: 0.088533s
|E|=437217424
|V|=13593033
Intersection Graph Marked: 26.324266s
Root Time: 1.581802
direct hop total time 41.988297s
work sharing total time 25.763254s
CommonGraph total time 25.763254s
Running: build/SSSPbaseline /home/cgao037/graph/dl/snap_dl source/dl_src.txt 8 0.02 0
Error: Invalid line "% asym positive"
Error: Invalid line "% 172308906 18268992 18268992"
read: 72.433743s
loading graph /home/cgao037/graph/dl/snap_dl, root file is source/dl_src.txt, batch_num is 8, batch_size is 3443679
read: 0.074065s
|E|=172183984
|V|=18268993
Intersection Graph Marked: 48.389952s
Root Time: 0.741108
direct hop total time 5.654886s
work sharing total time 3.649686s
CommonGraph total time 3.649686s
Running: build/SSSPbaseline /home/cgao037/graph/dl/snap_dl source/dl_src.txt 8 0.02 1
Error: Invalid line "% asym positive"
Error: Invalid line "% 172308906 18268992 18268992"
read: 72.358213s
loading graph /home/cgao037/graph/dl/snap_dl, root file is source/dl_src.txt, batch_num is 8, batch_size is 3443679
read: 0.077473s
|E|=172183984
|V|=18268993
Intersection Graph Marked: 58.261808s
Root Time: 0.714939
direct hop total time 6.105745s
work sharing total time 3.994577s
CommonGraph total time 3.994577s
Running: build/SSSPbaseline /home/cgao037/graph/dl/snap_dl source/dl_src.txt 8 0.02 2
Error: Invalid line "% asym positive"
Error: Invalid line "% 172308906 18268992 18268992"
read: 72.408162s
loading graph /home/cgao037/graph/dl/snap_dl, root file is source/dl_src.txt, batch_num is 8, batch_size is 3443679
read: 0.073961s
|E|=172183984
|V|=18268993
Intersection Graph Marked: 38.300766s
Root Time: 0.031264
direct hop total time 0.363817s
work sharing total time 0.235780s
CommonGraph total time 0.235780s
Running: build/SSSPbaseline /home/cgao037/graph/dl/snap_dl source/dl_src.txt 8 0.02 3
Error: Invalid line "% asym positive"
Error: Invalid line "% 172308906 18268992 18268992"
read: 72.393202s
loading graph /home/cgao037/graph/dl/snap_dl, root file is source/dl_src.txt, batch_num is 8, batch_size is 3443679
read: 0.073514s
|E|=172183984
|V|=18268993
Intersection Graph Marked: 45.899196s
Root Time: 0.039029
direct hop total time 0.412104s
work sharing total time 0.279189s
CommonGraph total time 0.279189s
Running: build/SSSPbaseline /home/cgao037/graph/dl/snap_dl source/dl_src.txt 8 0.02 4
Error: Invalid line "% asym positive"
Error: Invalid line "% 172308906 18268992 18268992"
read: 72.387394s
loading graph /home/cgao037/graph/dl/snap_dl, root file is source/dl_src.txt, batch_num is 8, batch_size is 3443679
read: 0.068874s
|E|=172183984
|V|=18268993
Intersection Graph Marked: 45.943660s
Root Time: 0.034428
direct hop total time 0.359499s
work sharing total time 0.254842s
CommonGraph total time 0.254842s
Running: build/SSSPbaseline /home/cgao037/graph/dl/snap_dl source/dl_src.txt 8 0.02 5
Error: Invalid line "% asym positive"
Error: Invalid line "% 172308906 18268992 18268992"
read: 72.315327s
loading graph /home/cgao037/graph/dl/snap_dl, root file is source/dl_src.txt, batch_num is 8, batch_size is 3443679
read: 0.074532s
|E|=172183984
|V|=18268993
Intersection Graph Marked: 43.470123s
Root Time: 0.810404
direct hop total time 6.413047s
work sharing total time 3.854487s
CommonGraph total time 3.854487s
Running: build/SSSPbaseline /home/cgao037/graph/dl/snap_dl source/dl_src.txt 8 0.02 6
Error: Invalid line "% asym positive"
Error: Invalid line "% 172308906 18268992 18268992"
read: 72.387592s
loading graph /home/cgao037/graph/dl/snap_dl, root file is source/dl_src.txt, batch_num is 8, batch_size is 3443679
read: 0.077344s
|E|=172183984
|V|=18268993
Intersection Graph Marked: 36.633138s
Root Time: 1.168824
direct hop total time 5.836575s
work sharing total time 3.841446s
CommonGraph total time 3.841446s
Running: build/SSSPbaseline /home/cgao037/graph/dl/snap_dl source/dl_src.txt 8 0.02 7
Error: Invalid line "% asym positive"
Error: Invalid line "% 172308906 18268992 18268992"
read: 72.356601s
loading graph /home/cgao037/graph/dl/snap_dl, root file is source/dl_src.txt, batch_num is 8, batch_size is 3443679
read: 0.077213s
|E|=172183984
|V|=18268993
Intersection Graph Marked: 49.008616s
Root Time: 0.810925
direct hop total time 6.458333s
work sharing total time 3.753108s
CommonGraph total time 3.753108s
Running: build/SSSPbaseline /home/cgao037/graph/dl/snap_dl source/dl_src.txt 8 0.02 8
Error: Invalid line "% asym positive"
Error: Invalid line "% 172308906 18268992 18268992"
read: 72.341133s
loading graph /home/cgao037/graph/dl/snap_dl, root file is source/dl_src.txt, batch_num is 8, batch_size is 3443679
read: 0.075188s
|E|=172183984
|V|=18268993
Intersection Graph Marked: 48.366394s
Root Time: 0.719552
direct hop total time 6.333889s
work sharing total time 3.855740s
CommonGraph total time 3.855740s
Running: build/SSSPbaseline /home/cgao037/graph/dl/snap_dl source/dl_src.txt 8 0.02 9
Error: Invalid line "% asym positive"
Error: Invalid line "% 172308906 18268992 18268992"
read: 72.370350s
loading graph /home/cgao037/graph/dl/snap_dl, root file is source/dl_src.txt, batch_num is 8, batch_size is 3443679
read: 0.074495s
|E|=172183984
|V|=18268993
Intersection Graph Marked: 36.730734s
Root Time: 0.961500
direct hop total time 6.074271s
work sharing total time 3.739136s
CommonGraph total time 3.739136s
Running: build/SSSPbaseline /home/cgao037/graph/dl/snap_dl source/dl_src.txt 8 0.02 10
Error: Invalid line "% asym positive"
Error: Invalid line "% 172308906 18268992 18268992"
read: 72.585974s
loading graph /home/cgao037/graph/dl/snap_dl, root file is source/dl_src.txt, batch_num is 8, batch_size is 3443679
read: 0.072883s
|E|=172183984
|V|=18268993
Intersection Graph Marked: 48.174732s
Root Time: 0.035662
direct hop total time 0.383877s
work sharing total time 0.246993s
CommonGraph total time 0.246993s
Running: build/SSSPbaseline /home/cgao037/graph/dl/snap_dl source/dl_src.txt 8 0.02 11
Error: Invalid line "% asym positive"
Error: Invalid line "% 172308906 18268992 18268992"
read: 72.442397s
loading graph /home/cgao037/graph/dl/snap_dl, root file is source/dl_src.txt, batch_num is 8, batch_size is 3443679
read: 0.069706s
|E|=172183984
|V|=18268993
Intersection Graph Marked: 40.277394s
Root Time: 0.036631
direct hop total time 0.396261s
work sharing total time 0.246494s
CommonGraph total time 0.246494s
Running: build/SSSPbaseline /home/cgao037/graph/dl/snap_dl source/dl_src.txt 8 0.02 12
Error: Invalid line "% asym positive"
Error: Invalid line "% 172308906 18268992 18268992"
read: 72.311288s
loading graph /home/cgao037/graph/dl/snap_dl, root file is source/dl_src.txt, batch_num is 8, batch_size is 3443679
read: 0.072771s
|E|=172183984
|V|=18268993
Intersection Graph Marked: 48.619632s
Root Time: 0.748310
direct hop total time 5.891119s
work sharing total time 3.737356s
CommonGraph total time 3.737356s
Running: build/SSSPbaseline /home/cgao037/graph/dl/snap_dl source/dl_src.txt 8 0.02 13
Error: Invalid line "% asym positive"
Error: Invalid line "% 172308906 18268992 18268992"
read: 72.389572s
loading graph /home/cgao037/graph/dl/snap_dl, root file is source/dl_src.txt, batch_num is 8, batch_size is 3443679
read: 0.079437s
|E|=172183984
|V|=18268993
Intersection Graph Marked: 43.781973s
Root Time: 0.039518
direct hop total time 5.060454s
work sharing total time 5.390488s
CommonGraph total time 5.390488s
Running: build/SSSPbaseline /home/cgao037/graph/dl/snap_dl source/dl_src.txt 8 0.02 14
Error: Invalid line "% asym positive"
Error: Invalid line "% 172308906 18268992 18268992"
read: 72.447681s
loading graph /home/cgao037/graph/dl/snap_dl, root file is source/dl_src.txt, batch_num is 8, batch_size is 3443679
read: 0.076910s
|E|=172183984
|V|=18268993
Intersection Graph Marked: 57.029124s
Root Time: 0.088865
direct hop total time 0.365374s
work sharing total time 0.267388s
CommonGraph total time 0.267388s
Running: build/SSSPbaseline /home/cgao037/graph/dl/snap_dl source/dl_src.txt 8 0.02 15
Error: Invalid line "% asym positive"
Error: Invalid line "% 172308906 18268992 18268992"
read: 72.976994s
loading graph /home/cgao037/graph/dl/snap_dl, root file is source/dl_src.txt, batch_num is 8, batch_size is 3443679
read: 0.069018s
|E|=172183984
|V|=18268993
Intersection Graph Marked: 35.159904s
Root Time: 0.042829
direct hop total time 0.356814s
work sharing total time 0.310999s
CommonGraph total time 0.310999s
Running: build/SSSPbaseline /home/cgao037/graph/dl/snap_dl source/dl_src.txt 16 0.01 0
Error: Invalid line "% asym positive"
Error: Invalid line "% 172308906 18268992 18268992"
read: 72.378961s
loading graph /home/cgao037/graph/dl/snap_dl, root file is source/dl_src.txt, batch_num is 16, batch_size is 1721839
read: 0.067608s
|E|=172183984
|V|=18268993
Intersection Graph Marked: 46.644905s
Root Time: 0.807457
direct hop total time 10.651648s
work sharing total time 6.392069s
CommonGraph total time 6.392069s
Running: build/SSSPbaseline /home/cgao037/graph/dl/snap_dl source/dl_src.txt 16 0.01 1
Error: Invalid line "% asym positive"
Error: Invalid line "% 172308906 18268992 18268992"
read: 72.899859s
loading graph /home/cgao037/graph/dl/snap_dl, root file is source/dl_src.txt, batch_num is 16, batch_size is 1721839
read: 0.074947s
|E|=172183984
|V|=18268993
Intersection Graph Marked: 45.368600s
Root Time: 0.715791
direct hop total time 12.578551s
work sharing total time 7.514732s
CommonGraph total time 7.514732s
Running: build/SSSPbaseline /home/cgao037/graph/dl/snap_dl source/dl_src.txt 16 0.01 2
Error: Invalid line "% asym positive"
Error: Invalid line "% 172308906 18268992 18268992"
read: 72.502702s
loading graph /home/cgao037/graph/dl/snap_dl, root file is source/dl_src.txt, batch_num is 16, batch_size is 1721839
read: 0.070038s
|E|=172183984
|V|=18268993
Intersection Graph Marked: 40.174846s
Root Time: 0.033951
direct hop total time 0.682418s
work sharing total time 0.414621s
CommonGraph total time 0.414621s
Running: build/SSSPbaseline /home/cgao037/graph/dl/snap_dl source/dl_src.txt 16 0.01 3
Error: Invalid line "% asym positive"
Error: Invalid line "% 172308906 18268992 18268992"
read: 72.390931s
loading graph /home/cgao037/graph/dl/snap_dl, root file is source/dl_src.txt, batch_num is 16, batch_size is 1721839
read: 0.071863s
|E|=172183984
|V|=18268993
Intersection Graph Marked: 44.724423s
Root Time: 0.031204
direct hop total time 0.645928s
work sharing total time 0.402172s
CommonGraph total time 0.402172s
Running: build/SSSPbaseline /home/cgao037/graph/dl/snap_dl source/dl_src.txt 16 0.01 4
Error: Invalid line "% asym positive"
Error: Invalid line "% 172308906 18268992 18268992"
read: 72.315113s
loading graph /home/cgao037/graph/dl/snap_dl, root file is source/dl_src.txt, batch_num is 16, batch_size is 1721839
read: 0.070555s
|E|=172183984
|V|=18268993
Intersection Graph Marked: 47.720434s
Root Time: 0.035336
direct hop total time 0.718423s
work sharing total time 0.419103s
CommonGraph total time 0.419103s
Running: build/SSSPbaseline /home/cgao037/graph/dl/snap_dl source/dl_src.txt 16 0.01 5
Error: Invalid line "% asym positive"
Error: Invalid line "% 172308906 18268992 18268992"
read: 72.432519s
loading graph /home/cgao037/graph/dl/snap_dl, root file is source/dl_src.txt, batch_num is 16, batch_size is 1721839
read: 0.074629s
|E|=172183984
|V|=18268993
Intersection Graph Marked: 46.631599s
Root Time: 0.823830
direct hop total time 11.116199s
work sharing total time 6.379300s
CommonGraph total time 6.379300s
Running: build/SSSPbaseline /home/cgao037/graph/dl/snap_dl source/dl_src.txt 16 0.01 6
Error: Invalid line "% asym positive"
Error: Invalid line "% 172308906 18268992 18268992"
read: 72.449620s
loading graph /home/cgao037/graph/dl/snap_dl, root file is source/dl_src.txt, batch_num is 16, batch_size is 1721839
read: 0.072416s
|E|=172183984
|V|=18268993
Intersection Graph Marked: 34.647439s
Root Time: 0.694565
direct hop total time 12.084906s
work sharing total time 7.293693s
CommonGraph total time 7.293693s
Running: build/SSSPbaseline /home/cgao037/graph/dl/snap_dl source/dl_src.txt 16 0.01 7
Error: Invalid line "% asym positive"
Error: Invalid line "% 172308906 18268992 18268992"
read: 72.324919s
loading graph /home/cgao037/graph/dl/snap_dl, root file is source/dl_src.txt, batch_num is 16, batch_size is 1721839
read: 0.074442s
|E|=172183984
|V|=18268993
Intersection Graph Marked: 43.218167s
Root Time: 0.791405
direct hop total time 13.111852s
work sharing total time 6.752408s
CommonGraph total time 6.752408s
Running: build/SSSPbaseline /home/cgao037/graph/dl/snap_dl source/dl_src.txt 16 0.01 8
Error: Invalid line "% asym positive"
Error: Invalid line "% 172308906 18268992 18268992"
read: 72.414392s
loading graph /home/cgao037/graph/dl/snap_dl, root file is source/dl_src.txt, batch_num is 16, batch_size is 1721839
read: 0.070978s
|E|=172183984
|V|=18268993
Intersection Graph Marked: 33.797667s
Root Time: 0.711310
direct hop total time 10.551637s
work sharing total time 6.340363s
CommonGraph total time 6.340363s
Running: build/SSSPbaseline /home/cgao037/graph/dl/snap_dl source/dl_src.txt 16 0.01 9
Error: Invalid line "% asym positive"
Error: Invalid line "% 172308906 18268992 18268992"
read: 72.419905s
loading graph /home/cgao037/graph/dl/snap_dl, root file is source/dl_src.txt, batch_num is 16, batch_size is 1721839
read: 0.072852s
|E|=172183984
|V|=18268993
Intersection Graph Marked: 42.384664s
Root Time: 0.790231
direct hop total time 9.930089s
work sharing total time 5.957126s
CommonGraph total time 5.957126s
Running: build/SSSPbaseline /home/cgao037/graph/dl/snap_dl source/dl_src.txt 16 0.01 10
Error: Invalid line "% asym positive"
Error: Invalid line "% 172308906 18268992 18268992"
read: 72.509326s
loading graph /home/cgao037/graph/dl/snap_dl, root file is source/dl_src.txt, batch_num is 16, batch_size is 1721839
read: 0.069075s
|E|=172183984
|V|=18268993
Intersection Graph Marked: 47.045823s
Root Time: 0.050042
direct hop total time 0.657959s
work sharing total time 0.446645s
CommonGraph total time 0.446645s
Running: build/SSSPbaseline /home/cgao037/graph/dl/snap_dl source/dl_src.txt 16 0.01 11
Error: Invalid line "% asym positive"
Error: Invalid line "% 172308906 18268992 18268992"
read: 72.330174s
loading graph /home/cgao037/graph/dl/snap_dl, root file is source/dl_src.txt, batch_num is 16, batch_size is 1721839
read: 0.070882s
|E|=172183984
|V|=18268993
Intersection Graph Marked: 47.732425s
Root Time: 0.041560
direct hop total time 0.667732s
work sharing total time 0.373361s
CommonGraph total time 0.373361s
Running: build/SSSPbaseline /home/cgao037/graph/dl/snap_dl source/dl_src.txt 16 0.01 12
Error: Invalid line "% asym positive"
Error: Invalid line "% 172308906 18268992 18268992"
read: 72.358086s
loading graph /home/cgao037/graph/dl/snap_dl, root file is source/dl_src.txt, batch_num is 16, batch_size is 1721839
read: 0.071497s
|E|=172183984
|V|=18268993
Intersection Graph Marked: 49.114240s
Root Time: 0.757327
direct hop total time 10.233762s
work sharing total time 6.096467s
CommonGraph total time 6.096467s
Running: build/SSSPbaseline /home/cgao037/graph/dl/snap_dl source/dl_src.txt 16 0.01 13
Error: Invalid line "% asym positive"
Error: Invalid line "% 172308906 18268992 18268992"
read: 72.471919s
loading graph /home/cgao037/graph/dl/snap_dl, root file is source/dl_src.txt, batch_num is 16, batch_size is 1721839
read: 0.070834s
|E|=172183984
|V|=18268993
Intersection Graph Marked: 53.429549s
Root Time: 0.041594
direct hop total time 8.148874s
work sharing total time 9.046555s
CommonGraph total time 9.046555s
Running: build/SSSPbaseline /home/cgao037/graph/dl/snap_dl source/dl_src.txt 16 0.01 14
Error: Invalid line "% asym positive"
Error: Invalid line "% 172308906 18268992 18268992"
read: 72.338594s
loading graph /home/cgao037/graph/dl/snap_dl, root file is source/dl_src.txt, batch_num is 16, batch_size is 1721839
read: 0.075248s
|E|=172183984
|V|=18268993
Intersection Graph Marked: 40.823601s
Root Time: 0.039991
direct hop total time 0.630197s
work sharing total time 0.566201s
CommonGraph total time 0.566201s
Running: build/SSSPbaseline /home/cgao037/graph/dl/snap_dl source/dl_src.txt 16 0.01 15
Error: Invalid line "% asym positive"
Error: Invalid line "% 172308906 18268992 18268992"
read: 72.388128s
loading graph /home/cgao037/graph/dl/snap_dl, root file is source/dl_src.txt, batch_num is 16, batch_size is 1721839
read: 0.073608s
|E|=172183984
|V|=18268993
Intersection Graph Marked: 57.645067s
Root Time: 0.032785
direct hop total time 0.684098s
work sharing total time 0.387190s
CommonGraph total time 0.387190s
Running: build/SSSPbaseline /home/cgao037/graph/dl/snap_dl source/dl_src.txt 32 0.005 0
Error: Invalid line "% asym positive"
Error: Invalid line "% 172308906 18268992 18268992"
read: 72.930072s
loading graph /home/cgao037/graph/dl/snap_dl, root file is source/dl_src.txt, batch_num is 32, batch_size is 860919
read: 0.074133s
|E|=172183984
|V|=18268993
Intersection Graph Marked: 51.001766s
Root Time: 0.794459
direct hop total time 20.163218s
work sharing total time 11.558796s
CommonGraph total time 11.558796s
Running: build/SSSPbaseline /home/cgao037/graph/dl/snap_dl source/dl_src.txt 32 0.005 1
Error: Invalid line "% asym positive"
Error: Invalid line "% 172308906 18268992 18268992"
read: 72.304639s
loading graph /home/cgao037/graph/dl/snap_dl, root file is source/dl_src.txt, batch_num is 32, batch_size is 860919
read: 0.069675s
|E|=172183984
|V|=18268993
Intersection Graph Marked: 41.881958s
Root Time: 0.891911
direct hop total time 22.774654s
work sharing total time 13.173144s
CommonGraph total time 13.173144s
Running: build/SSSPbaseline /home/cgao037/graph/dl/snap_dl source/dl_src.txt 32 0.005 2
Error: Invalid line "% asym positive"
Error: Invalid line "% 172308906 18268992 18268992"
read: 72.426164s
loading graph /home/cgao037/graph/dl/snap_dl, root file is source/dl_src.txt, batch_num is 32, batch_size is 860919
read: 0.073917s
|E|=172183984
|V|=18268993
Intersection Graph Marked: 44.172908s
Root Time: 0.030305
direct hop total time 1.189777s
work sharing total time 0.809805s
CommonGraph total time 0.809805s
Running: build/SSSPbaseline /home/cgao037/graph/dl/snap_dl source/dl_src.txt 32 0.005 3
Error: Invalid line "% asym positive"
Error: Invalid line "% 172308906 18268992 18268992"
read: 72.292457s
loading graph /home/cgao037/graph/dl/snap_dl, root file is source/dl_src.txt, batch_num is 32, batch_size is 860919
read: 0.077931s
|E|=172183984
|V|=18268993
Intersection Graph Marked: 37.957501s
Root Time: 0.030651
direct hop total time 1.328752s
work sharing total time 0.690064s
CommonGraph total time 0.690064s
Running: build/SSSPbaseline /home/cgao037/graph/dl/snap_dl source/dl_src.txt 32 0.005 4
Error: Invalid line "% asym positive"
Error: Invalid line "% 172308906 18268992 18268992"
read: 72.611127s
loading graph /home/cgao037/graph/dl/snap_dl, root file is source/dl_src.txt, batch_num is 32, batch_size is 860919
read: 0.075773s
|E|=172183984
|V|=18268993
Intersection Graph Marked: 52.307093s
Root Time: 0.030267
direct hop total time 1.242641s
work sharing total time 0.671733s
CommonGraph total time 0.671733s
Running: build/SSSPbaseline /home/cgao037/graph/dl/snap_dl source/dl_src.txt 32 0.005 5
Error: Invalid line "% asym positive"
Error: Invalid line "% 172308906 18268992 18268992"
read: 72.259514s
loading graph /home/cgao037/graph/dl/snap_dl, root file is source/dl_src.txt, batch_num is 32, batch_size is 860919
read: 0.073464s
|E|=172183984
|V|=18268993
Intersection Graph Marked: 41.664256s
Root Time: 0.950010
direct hop total time 20.981501s
work sharing total time 11.617828s
CommonGraph total time 11.617828s
Running: build/SSSPbaseline /home/cgao037/graph/dl/snap_dl source/dl_src.txt 32 0.005 6
Error: Invalid line "% asym positive"
Error: Invalid line "% 172308906 18268992 18268992"
read: 72.327906s
loading graph /home/cgao037/graph/dl/snap_dl, root file is source/dl_src.txt, batch_num is 32, batch_size is 860919
read: 0.081679s
|E|=172183984
|V|=18268993
Intersection Graph Marked: 39.025531s
Root Time: 0.742024
direct hop total time 23.321861s
work sharing total time 13.622832s
CommonGraph total time 13.622832s
Running: build/SSSPbaseline /home/cgao037/graph/dl/snap_dl source/dl_src.txt 32 0.005 7
Error: Invalid line "% asym positive"
Error: Invalid line "% 172308906 18268992 18268992"
read: 72.283548s
loading graph /home/cgao037/graph/dl/snap_dl, root file is source/dl_src.txt, batch_num is 32, batch_size is 860919
read: 0.077220s
|E|=172183984
|V|=18268993
Intersection Graph Marked: 42.795984s
Root Time: 0.783241
direct hop total time 22.138735s
work sharing total time 13.224602s
CommonGraph total time 13.224602s
Running: build/SSSPbaseline /home/cgao037/graph/dl/snap_dl source/dl_src.txt 32 0.005 8
Error: Invalid line "% asym positive"
Error: Invalid line "% 172308906 18268992 18268992"
read: 72.371955s
loading graph /home/cgao037/graph/dl/snap_dl, root file is source/dl_src.txt, batch_num is 32, batch_size is 860919
read: 0.078687s
|E|=172183984
|V|=18268993
Intersection Graph Marked: 53.442845s
Root Time: 0.703479
direct hop total time 22.585493s
work sharing total time 12.709194s
CommonGraph total time 12.709194s
Running: build/SSSPbaseline /home/cgao037/graph/dl/snap_dl source/dl_src.txt 32 0.005 9
Error: Invalid line "% asym positive"
Error: Invalid line "% 172308906 18268992 18268992"
read: 72.324968s
loading graph /home/cgao037/graph/dl/snap_dl, root file is source/dl_src.txt, batch_num is 32, batch_size is 860919
read: 0.088138s
|E|=172183984
|V|=18268993
Intersection Graph Marked: 41.840671s
Root Time: 0.819484
direct hop total time 19.974371s
work sharing total time 11.573184s
CommonGraph total time 11.573184s
Running: build/SSSPbaseline /home/cgao037/graph/dl/snap_dl source/dl_src.txt 32 0.005 10
Error: Invalid line "% asym positive"
Error: Invalid line "% 172308906 18268992 18268992"
read: 72.447051s
loading graph /home/cgao037/graph/dl/snap_dl, root file is source/dl_src.txt, batch_num is 32, batch_size is 860919
read: 0.077233s
|E|=172183984
|V|=18268993
Intersection Graph Marked: 53.606557s
Root Time: 0.043467
direct hop total time 1.309440s
work sharing total time 0.909606s
CommonGraph total time 0.909606s
Running: build/SSSPbaseline /home/cgao037/graph/dl/snap_dl source/dl_src.txt 32 0.005 11
Error: Invalid line "% asym positive"
Error: Invalid line "% 172308906 18268992 18268992"
read: 72.979624s
loading graph /home/cgao037/graph/dl/snap_dl, root file is source/dl_src.txt, batch_num is 32, batch_size is 860919
read: 0.069211s
|E|=172183984
|V|=18268993
Intersection Graph Marked: 55.931731s
Root Time: 0.033146
direct hop total time 1.212949s
work sharing total time 0.687149s
CommonGraph total time 0.687149s
Running: build/SSSPbaseline /home/cgao037/graph/dl/snap_dl source/dl_src.txt 32 0.005 12
Error: Invalid line "% asym positive"
Error: Invalid line "% 172308906 18268992 18268992"
read: 73.037216s
loading graph /home/cgao037/graph/dl/snap_dl, root file is source/dl_src.txt, batch_num is 32, batch_size is 860919
read: 0.071637s
|E|=172183984
|V|=18268993
Intersection Graph Marked: 44.941400s
Root Time: 0.769650
direct hop total time 19.486237s
work sharing total time 11.347229s
CommonGraph total time 11.347229s
Running: build/SSSPbaseline /home/cgao037/graph/dl/snap_dl source/dl_src.txt 32 0.005 13
Error: Invalid line "% asym positive"
Error: Invalid line "% 172308906 18268992 18268992"
read: 73.038801s
loading graph /home/cgao037/graph/dl/snap_dl, root file is source/dl_src.txt, batch_num is 32, batch_size is 860919
read: 0.076770s
|E|=172183984
|V|=18268993
Intersection Graph Marked: 39.348189s
Root Time: 0.029365
direct hop total time 17.821659s
work sharing total time 16.572477s
CommonGraph total time 16.572477s
Running: build/SSSPbaseline /home/cgao037/graph/dl/snap_dl source/dl_src.txt 32 0.005 14
Error: Invalid line "% asym positive"
Error: Invalid line "% 172308906 18268992 18268992"
read: 72.593599s
loading graph /home/cgao037/graph/dl/snap_dl, root file is source/dl_src.txt, batch_num is 32, batch_size is 860919
read: 0.078440s
|E|=172183984
|V|=18268993
Intersection Graph Marked: 51.171988s
Root Time: 0.027367
direct hop total time 1.253019s
work sharing total time 0.749512s
CommonGraph total time 0.749512s
Running: build/SSSPbaseline /home/cgao037/graph/dl/snap_dl source/dl_src.txt 32 0.005 15
Error: Invalid line "% asym positive"
Error: Invalid line "% 172308906 18268992 18268992"
read: 72.396737s
loading graph /home/cgao037/graph/dl/snap_dl, root file is source/dl_src.txt, batch_num is 32, batch_size is 860919
read: 0.072644s
|E|=172183984
|V|=18268993
Intersection Graph Marked: 41.803603s
Root Time: 0.030838
direct hop total time 1.304660s
work sharing total time 0.836148s
CommonGraph total time 0.836148s
Running: build/SSSPbaseline /home/cgao037/graph/dl/snap_dl source/dl_src.txt 64 0.0025 0
Error: Invalid line "% asym positive"
Error: Invalid line "% 172308906 18268992 18268992"
read: 72.450353s
loading graph /home/cgao037/graph/dl/snap_dl, root file is source/dl_src.txt, batch_num is 64, batch_size is 430459
read: 0.078192s
|E|=172183984
|V|=18268993
Intersection Graph Marked: 40.233253s
Root Time: 0.804868
direct hop total time 42.919312s
work sharing total time 22.402199s
CommonGraph total time 22.402199s
Running: build/SSSPbaseline /home/cgao037/graph/dl/snap_dl source/dl_src.txt 64 0.0025 1
Error: Invalid line "% asym positive"
Error: Invalid line "% 172308906 18268992 18268992"
read: 72.372848s
loading graph /home/cgao037/graph/dl/snap_dl, root file is source/dl_src.txt, batch_num is 64, batch_size is 430459
read: 0.081882s
|E|=172183984
|V|=18268993
Intersection Graph Marked: 43.585460s
Root Time: 0.730509
direct hop total time 44.237774s
work sharing total time 25.113180s
CommonGraph total time 25.113180s
Running: build/SSSPbaseline /home/cgao037/graph/dl/snap_dl source/dl_src.txt 64 0.0025 2
Error: Invalid line "% asym positive"
Error: Invalid line "% 172308906 18268992 18268992"
read: 72.363754s
loading graph /home/cgao037/graph/dl/snap_dl, root file is source/dl_src.txt, batch_num is 64, batch_size is 430459
read: 0.077361s
|E|=172183984
|V|=18268993
Intersection Graph Marked: 51.308021s
Root Time: 0.031329
direct hop total time 2.372028s
work sharing total time 1.380988s
CommonGraph total time 1.380988s
Running: build/SSSPbaseline /home/cgao037/graph/dl/snap_dl source/dl_src.txt 64 0.0025 3
Error: Invalid line "% asym positive"
Error: Invalid line "% 172308906 18268992 18268992"
read: 72.419836s
loading graph /home/cgao037/graph/dl/snap_dl, root file is source/dl_src.txt, batch_num is 64, batch_size is 430459
read: 0.067422s
|E|=172183984
|V|=18268993
Intersection Graph Marked: 51.613137s
Root Time: 0.031122
direct hop total time 2.311395s
work sharing total time 1.328672s
CommonGraph total time 1.328672s
Running: build/SSSPbaseline /home/cgao037/graph/dl/snap_dl source/dl_src.txt 64 0.0025 4
Error: Invalid line "% asym positive"
Error: Invalid line "% 172308906 18268992 18268992"
read: 72.355586s
loading graph /home/cgao037/graph/dl/snap_dl, root file is source/dl_src.txt, batch_num is 64, batch_size is 430459
read: 0.073290s
|E|=172183984
|V|=18268993
Intersection Graph Marked: 45.580097s
Root Time: 0.035449
direct hop total time 2.329412s
work sharing total time 1.280412s
CommonGraph total time 1.280412s
Running: build/SSSPbaseline /home/cgao037/graph/dl/snap_dl source/dl_src.txt 64 0.0025 5
Error: Invalid line "% asym positive"
Error: Invalid line "% 172308906 18268992 18268992"
read: 72.402782s
loading graph /home/cgao037/graph/dl/snap_dl, root file is source/dl_src.txt, batch_num is 64, batch_size is 430459
read: 0.070938s
|E|=172183984
|V|=18268993
Intersection Graph Marked: 47.018492s
Root Time: 0.788517
direct hop total time 45.131508s
work sharing total time 23.861015s
CommonGraph total time 23.861015s
Running: build/SSSPbaseline /home/cgao037/graph/dl/snap_dl source/dl_src.txt 64 0.0025 6
Error: Invalid line "% asym positive"
Error: Invalid line "% 172308906 18268992 18268992"
read: 72.415886s
loading graph /home/cgao037/graph/dl/snap_dl, root file is source/dl_src.txt, batch_num is 64, batch_size is 430459
read: 0.076407s
|E|=172183984
|V|=18268993
Intersection Graph Marked: 48.303416s
Root Time: 0.748950
direct hop total time 43.444004s
work sharing total time 25.127993s
CommonGraph total time 25.127993s
Running: build/SSSPbaseline /home/cgao037/graph/dl/snap_dl source/dl_src.txt 64 0.0025 7
Error: Invalid line "% asym positive"
Error: Invalid line "% 172308906 18268992 18268992"
read: 72.274743s
loading graph /home/cgao037/graph/dl/snap_dl, root file is source/dl_src.txt, batch_num is 64, batch_size is 430459
read: 0.081041s
|E|=172183984
|V|=18268993
Intersection Graph Marked: 46.191511s
Root Time: 0.923013
direct hop total time 47.352097s
work sharing total time 22.734074s
CommonGraph total time 22.734074s
Running: build/SSSPbaseline /home/cgao037/graph/dl/snap_dl source/dl_src.txt 64 0.0025 8
Error: Invalid line "% asym positive"
Error: Invalid line "% 172308906 18268992 18268992"
read: 72.323817s
loading graph /home/cgao037/graph/dl/snap_dl, root file is source/dl_src.txt, batch_num is 64, batch_size is 430459
read: 0.076759s
|E|=172183984
|V|=18268993
Intersection Graph Marked: 49.381020s
Root Time: 0.695469
direct hop total time 42.151180s
work sharing total time 22.511263s
CommonGraph total time 22.511263s
Running: build/SSSPbaseline /home/cgao037/graph/dl/snap_dl source/dl_src.txt 64 0.0025 9
Error: Invalid line "% asym positive"
Error: Invalid line "% 172308906 18268992 18268992"
read: 72.562362s
loading graph /home/cgao037/graph/dl/snap_dl, root file is source/dl_src.txt, batch_num is 64, batch_size is 430459
read: 0.073336s
|E|=172183984
|V|=18268993
Intersection Graph Marked: 42.440210s
Root Time: 0.861750
direct hop total time 43.071465s
work sharing total time 22.857153s
CommonGraph total time 22.857153s
Running: build/SSSPbaseline /home/cgao037/graph/dl/snap_dl source/dl_src.txt 64 0.0025 10
Error: Invalid line "% asym positive"
Error: Invalid line "% 172308906 18268992 18268992"
read: 72.341577s
loading graph /home/cgao037/graph/dl/snap_dl, root file is source/dl_src.txt, batch_num is 64, batch_size is 430459
read: 0.078639s
|E|=172183984
|V|=18268993
Intersection Graph Marked: 50.481437s
Root Time: 0.042960
direct hop total time 2.388074s
work sharing total time 1.289609s
CommonGraph total time 1.289609s
Running: build/SSSPbaseline /home/cgao037/graph/dl/snap_dl source/dl_src.txt 64 0.0025 11
Error: Invalid line "% asym positive"
Error: Invalid line "% 172308906 18268992 18268992"
read: 73.919315s
loading graph /home/cgao037/graph/dl/snap_dl, root file is source/dl_src.txt, batch_num is 64, batch_size is 430459
read: 0.071636s
|E|=172183984
|V|=18268993
Intersection Graph Marked: 39.726895s
Root Time: 0.029655
direct hop total time 2.388943s
work sharing total time 1.276590s
CommonGraph total time 1.276590s
Running: build/SSSPbaseline /home/cgao037/graph/dl/snap_dl source/dl_src.txt 64 0.0025 12
Error: Invalid line "% asym positive"
Error: Invalid line "% 172308906 18268992 18268992"
read: 73.935520s
loading graph /home/cgao037/graph/dl/snap_dl, root file is source/dl_src.txt, batch_num is 64, batch_size is 430459
read: 0.069483s
|E|=172183984
|V|=18268993
Intersection Graph Marked: 48.717991s
Root Time: 0.726473
direct hop total time 39.570072s
work sharing total time 22.550577s
CommonGraph total time 22.550577s
Running: build/SSSPbaseline /home/cgao037/graph/dl/snap_dl source/dl_src.txt 64 0.0025 13
Error: Invalid line "% asym positive"
Error: Invalid line "% 172308906 18268992 18268992"
read: 72.334910s
loading graph /home/cgao037/graph/dl/snap_dl, root file is source/dl_src.txt, batch_num is 64, batch_size is 430459
read: 0.082345s
|E|=172183984
|V|=18268993
Intersection Graph Marked: 44.420928s
Root Time: 0.034296
direct hop total time 32.919594s
work sharing total time 34.037224s
CommonGraph total time 34.037224s
Running: build/SSSPbaseline /home/cgao037/graph/dl/snap_dl source/dl_src.txt 64 0.0025 14
Error: Invalid line "% asym positive"
Error: Invalid line "% 172308906 18268992 18268992"
read: 72.536539s
loading graph /home/cgao037/graph/dl/snap_dl, root file is source/dl_src.txt, batch_num is 64, batch_size is 430459
read: 0.069959s
|E|=172183984
|V|=18268993
Intersection Graph Marked: 44.303715s
Root Time: 0.037307
direct hop total time 2.359620s
work sharing total time 1.258218s
CommonGraph total time 1.258218s
Running: build/SSSPbaseline /home/cgao037/graph/dl/snap_dl source/dl_src.txt 64 0.0025 15
Error: Invalid line "% asym positive"
Error: Invalid line "% 172308906 18268992 18268992"
read: 72.456227s
loading graph /home/cgao037/graph/dl/snap_dl, root file is source/dl_src.txt, batch_num is 64, batch_size is 430459
read: 0.067318s
|E|=172183984
|V|=18268993
Intersection Graph Marked: 48.808349s
Root Time: 0.031210
direct hop total time 2.276426s
work sharing total time 1.326290s
CommonGraph total time 1.326290s
Running: build/SSSPbaseline /home/cgao037/graph/or/snap_or source/or.txt 8 0.02 0
Error: Invalid line "% bip unweighted"
read: 133.962136s
loading graph /home/cgao037/graph/or/snap_or, root file is source/or.txt, batch_num is 8, batch_size is 6540749
read: 0.061185s
|E|=327037487
|V|=8730858
Intersection Graph Marked: 113.903858s
Root Time: 1.576268
direct hop total time 7.859814s
work sharing total time 4.839050s
CommonGraph total time 4.839050s
Running: build/SSSPbaseline /home/cgao037/graph/or/snap_or source/or.txt 8 0.02 1
Error: Invalid line "% bip unweighted"
read: 133.585905s
loading graph /home/cgao037/graph/or/snap_or, root file is source/or.txt, batch_num is 8, batch_size is 6540749
read: 0.061027s
|E|=327037487
|V|=8730858
Intersection Graph Marked: 114.681279s
Root Time: 1.599002
direct hop total time 8.005466s
work sharing total time 5.167775s
CommonGraph total time 5.167775s
Running: build/SSSPbaseline /home/cgao037/graph/or/snap_or source/or.txt 8 0.02 2
Error: Invalid line "% bip unweighted"
read: 133.604246s
loading graph /home/cgao037/graph/or/snap_or, root file is source/or.txt, batch_num is 8, batch_size is 6540749
read: 0.059984s
|E|=327037487
|V|=8730858
Intersection Graph Marked: 118.625943s
Root Time: 0.016763
direct hop total time 0.471327s
work sharing total time 0.314616s
CommonGraph total time 0.314616s
Running: build/SSSPbaseline /home/cgao037/graph/or/snap_or source/or.txt 8 0.02 3
Error: Invalid line "% bip unweighted"
read: 133.565430s
loading graph /home/cgao037/graph/or/snap_or, root file is source/or.txt, batch_num is 8, batch_size is 6540749
read: 0.061151s
|E|=327037487
|V|=8730858
Intersection Graph Marked: 118.212363s
Root Time: 2.780501
direct hop total time 9.175505s
work sharing total time 6.229405s
CommonGraph total time 6.229405s
Running: build/SSSPbaseline /home/cgao037/graph/or/snap_or source/or.txt 8 0.02 4
Error: Invalid line "% bip unweighted"
read: 134.744294s
loading graph /home/cgao037/graph/or/snap_or, root file is source/or.txt, batch_num is 8, batch_size is 6540749
read: 0.088830s
|E|=327037487
|V|=8730858
Intersection Graph Marked: 114.909831s
Root Time: 0.017847
direct hop total time 0.546557s
work sharing total time 0.339524s
CommonGraph total time 0.339524s
Running: build/SSSPbaseline /home/cgao037/graph/or/snap_or source/or.txt 8 0.02 5
Error: Invalid line "% bip unweighted"
read: 133.667484s
loading graph /home/cgao037/graph/or/snap_or, root file is source/or.txt, batch_num is 8, batch_size is 6540749
read: 0.059811s
|E|=327037487
|V|=8730858
Intersection Graph Marked: 115.817747s
Root Time: 0.015821
direct hop total time 0.499297s
work sharing total time 0.403584s
CommonGraph total time 0.403584s
Running: build/SSSPbaseline /home/cgao037/graph/or/snap_or source/or.txt 8 0.02 6
Error: Invalid line "% bip unweighted"
read: 133.566498s
loading graph /home/cgao037/graph/or/snap_or, root file is source/or.txt, batch_num is 8, batch_size is 6540749
read: 0.060200s
|E|=327037487
|V|=8730858
Intersection Graph Marked: 120.751847s
Root Time: 1.493667
direct hop total time 11.284300s
work sharing total time 8.204521s
CommonGraph total time 8.204521s
Running: build/SSSPbaseline /home/cgao037/graph/or/snap_or source/or.txt 8 0.02 7
Error: Invalid line "% bip unweighted"
read: 133.597565s
loading graph /home/cgao037/graph/or/snap_or, root file is source/or.txt, batch_num is 8, batch_size is 6540749
read: 0.061853s
|E|=327037487
|V|=8730858
Intersection Graph Marked: 116.026656s
Root Time: 1.778441
direct hop total time 16.087584s
work sharing total time 11.995381s
CommonGraph total time 11.995381s
Running: build/SSSPbaseline /home/cgao037/graph/or/snap_or source/or.txt 8 0.02 8
Error: Invalid line "% bip unweighted"
read: 134.171071s
loading graph /home/cgao037/graph/or/snap_or, root file is source/or.txt, batch_num is 8, batch_size is 6540749
read: 0.060082s
|E|=327037487
|V|=8730858
Intersection Graph Marked: 129.149806s
Root Time: 2.368518
direct hop total time 8.171899s
work sharing total time 5.343575s
CommonGraph total time 5.343575s
Running: build/SSSPbaseline /home/cgao037/graph/or/snap_or source/or.txt 8 0.02 9
Error: Invalid line "% bip unweighted"
read: 133.633029s
loading graph /home/cgao037/graph/or/snap_or, root file is source/or.txt, batch_num is 8, batch_size is 6540749
read: 0.060222s
|E|=327037487
|V|=8730858
Intersection Graph Marked: 108.813080s
Root Time: 0.019016
direct hop total time 0.532097s
work sharing total time 0.347975s
CommonGraph total time 0.347975s
Running: build/SSSPbaseline /home/cgao037/graph/or/snap_or source/or.txt 8 0.02 10
Error: Invalid line "% bip unweighted"
read: 133.504272s
loading graph /home/cgao037/graph/or/snap_or, root file is source/or.txt, batch_num is 8, batch_size is 6540749
read: 0.060989s
|E|=327037487
|V|=8730858
Intersection Graph Marked: 122.456614s
Root Time: 0.016612
direct hop total time 0.456649s
work sharing total time 0.330670s
CommonGraph total time 0.330670s
Running: build/SSSPbaseline /home/cgao037/graph/or/snap_or source/or.txt 8 0.02 11
Error: Invalid line "% bip unweighted"
read: 134.067267s
loading graph /home/cgao037/graph/or/snap_or, root file is source/or.txt, batch_num is 8, batch_size is 6540749
read: 0.060728s
|E|=327037487
|V|=8730858
Intersection Graph Marked: 127.859561s
Root Time: 1.714612
direct hop total time 11.722917s
work sharing total time 5.773606s
CommonGraph total time 5.773606s
Running: build/SSSPbaseline /home/cgao037/graph/or/snap_or source/or.txt 8 0.02 12
Error: Invalid line "% bip unweighted"
read: 133.636136s
loading graph /home/cgao037/graph/or/snap_or, root file is source/or.txt, batch_num is 8, batch_size is 6540749
read: 0.060726s
|E|=327037487
|V|=8730858
Intersection Graph Marked: 110.230151s
Root Time: 0.017582
direct hop total time 0.476012s
work sharing total time 0.385690s
CommonGraph total time 0.385690s
Running: build/SSSPbaseline /home/cgao037/graph/or/snap_or source/or.txt 8 0.02 13
Error: Invalid line "% bip unweighted"
read: 133.924772s
loading graph /home/cgao037/graph/or/snap_or, root file is source/or.txt, batch_num is 8, batch_size is 6540749
read: 0.061515s
|E|=327037487
|V|=8730858
Intersection Graph Marked: 111.373739s
Root Time: 1.669515
direct hop total time 15.852995s
work sharing total time 8.734541s
CommonGraph total time 8.734541s
Running: build/SSSPbaseline /home/cgao037/graph/or/snap_or source/or.txt 8 0.02 14
Error: Invalid line "% bip unweighted"
read: 133.480439s
loading graph /home/cgao037/graph/or/snap_or, root file is source/or.txt, batch_num is 8, batch_size is 6540749
read: 0.061424s
|E|=327037487
|V|=8730858
Intersection Graph Marked: 129.615996s
Root Time: 0.013767
direct hop total time 0.497506s
work sharing total time 0.414235s
CommonGraph total time 0.414235s
Running: build/SSSPbaseline /home/cgao037/graph/or/snap_or source/or.txt 8 0.02 15
Error: Invalid line "% bip unweighted"
read: 133.592948s
loading graph /home/cgao037/graph/or/snap_or, root file is source/or.txt, batch_num is 8, batch_size is 6540749
read: 0.059613s
|E|=327037487
|V|=8730858
Intersection Graph Marked: 113.639971s
Root Time: 0.025068
direct hop total time 0.544102s
work sharing total time 0.328150s
CommonGraph total time 0.328150s
Running: build/SSSPbaseline /home/cgao037/graph/or/snap_or source/or.txt 16 0.01 0
Error: Invalid line "% bip unweighted"
read: 133.564742s
loading graph /home/cgao037/graph/or/snap_or, root file is source/or.txt, batch_num is 16, batch_size is 3270374
read: 0.059648s
|E|=327037487
|V|=8730858
Intersection Graph Marked: 117.229517s
Root Time: 1.553470
direct hop total time 14.380485s
work sharing total time 8.120424s
CommonGraph total time 8.120424s
Running: build/SSSPbaseline /home/cgao037/graph/or/snap_or source/or.txt 16 0.01 1
Error: Invalid line "% bip unweighted"
read: 133.615935s
loading graph /home/cgao037/graph/or/snap_or, root file is source/or.txt, batch_num is 16, batch_size is 3270374
read: 0.059758s
|E|=327037487
|V|=8730858
Intersection Graph Marked: 118.261604s
Root Time: 2.883205
direct hop total time 13.596037s
work sharing total time 8.383983s
CommonGraph total time 8.383983s
Running: build/SSSPbaseline /home/cgao037/graph/or/snap_or source/or.txt 16 0.01 2
Error: Invalid line "% bip unweighted"
read: 133.557394s
loading graph /home/cgao037/graph/or/snap_or, root file is source/or.txt, batch_num is 16, batch_size is 3270374
read: 0.061031s
|E|=327037487
|V|=8730858
Intersection Graph Marked: 120.514592s
Root Time: 0.016174
direct hop total time 0.994142s
work sharing total time 0.771447s
CommonGraph total time 0.771447s
Running: build/SSSPbaseline /home/cgao037/graph/or/snap_or source/or.txt 16 0.01 3
Error: Invalid line "% bip unweighted"
read: 133.395086s
loading graph /home/cgao037/graph/or/snap_or, root file is source/or.txt, batch_num is 16, batch_size is 3270374
read: 0.060568s
|E|=327037487
|V|=8730858
Intersection Graph Marked: 118.887550s
Root Time: 1.516561
direct hop total time 17.101269s
work sharing total time 10.887775s
CommonGraph total time 10.887775s
Running: build/SSSPbaseline /home/cgao037/graph/or/snap_or source/or.txt 16 0.01 4
Error: Invalid line "% bip unweighted"
read: 133.538126s
loading graph /home/cgao037/graph/or/snap_or, root file is source/or.txt, batch_num is 16, batch_size is 3270374
read: 0.060834s
|E|=327037487
|V|=8730858
Intersection Graph Marked: 119.099374s
Root Time: 0.021160
direct hop total time 0.785260s
work sharing total time 0.511794s
CommonGraph total time 0.511794s
Running: build/SSSPbaseline /home/cgao037/graph/or/snap_or source/or.txt 16 0.01 5
Error: Invalid line "% bip unweighted"
read: 133.588326s
loading graph /home/cgao037/graph/or/snap_or, root file is source/or.txt, batch_num is 16, batch_size is 3270374
read: 0.060456s
|E|=327037487
|V|=8730858
Intersection Graph Marked: 122.829125s
Root Time: 0.022737
direct hop total time 0.869717s
work sharing total time 0.516207s
CommonGraph total time 0.516207s
Running: build/SSSPbaseline /home/cgao037/graph/or/snap_or source/or.txt 16 0.01 6
Error: Invalid line "% bip unweighted"
read: 133.549423s
loading graph /home/cgao037/graph/or/snap_or, root file is source/or.txt, batch_num is 16, batch_size is 3270374
read: 0.060498s
|E|=327037487
|V|=8730858
Intersection Graph Marked: 110.096934s
Root Time: 1.499495
direct hop total time 21.380165s
work sharing total time 14.727659s
CommonGraph total time 14.727659s
Running: build/SSSPbaseline /home/cgao037/graph/or/snap_or source/or.txt 16 0.01 7
Error: Invalid line "% bip unweighted"
read: 134.952188s
loading graph /home/cgao037/graph/or/snap_or, root file is source/or.txt, batch_num is 16, batch_size is 3270374
read: 0.088115s
|E|=327037487
|V|=8730858
Intersection Graph Marked: 112.287076s
Root Time: 1.781934
direct hop total time 29.766562s
work sharing total time 21.537029s
CommonGraph total time 21.537029s
Running: build/SSSPbaseline /home/cgao037/graph/or/snap_or source/or.txt 16 0.01 8
Error: Invalid line "% bip unweighted"
read: 133.823712s
loading graph /home/cgao037/graph/or/snap_or, root file is source/or.txt, batch_num is 16, batch_size is 3270374
read: 0.060051s
|E|=327037487
|V|=8730858
Intersection Graph Marked: 98.370522s
Root Time: 1.840967
direct hop total time 17.353537s
work sharing total time 10.261311s
CommonGraph total time 10.261311s
Running: build/SSSPbaseline /home/cgao037/graph/or/snap_or source/or.txt 16 0.01 9
Error: Invalid line "% bip unweighted"
read: 133.467300s
loading graph /home/cgao037/graph/or/snap_or, root file is source/or.txt, batch_num is 16, batch_size is 3270374
read: 0.060644s
|E|=327037487
|V|=8730858
Intersection Graph Marked: 112.247065s
Root Time: 0.019503
direct hop total time 0.810795s
work sharing total time 0.493561s
CommonGraph total time 0.493561s
Running: build/SSSPbaseline /home/cgao037/graph/or/snap_or source/or.txt 16 0.01 10
Error: Invalid line "% bip unweighted"
read: 133.488760s
loading graph /home/cgao037/graph/or/snap_or, root file is source/or.txt, batch_num is 16, batch_size is 3270374
read: 0.062064s
|E|=327037487
|V|=8730858
Intersection Graph Marked: 122.970052s
Root Time: 0.005941
direct hop total time 0.802556s
work sharing total time 0.494626s
CommonGraph total time 0.494626s
Running: build/SSSPbaseline /home/cgao037/graph/or/snap_or source/or.txt 16 0.01 11
Error: Invalid line "% bip unweighted"
read: 133.628607s
loading graph /home/cgao037/graph/or/snap_or, root file is source/or.txt, batch_num is 16, batch_size is 3270374
read: 0.059880s
|E|=327037487
|V|=8730858
Intersection Graph Marked: 114.121280s
Root Time: 1.759084
direct hop total time 21.535166s
work sharing total time 9.449442s
CommonGraph total time 9.449442s
Running: build/SSSPbaseline /home/cgao037/graph/or/snap_or source/or.txt 16 0.01 12
Error: Invalid line "% bip unweighted"
read: 133.573326s
loading graph /home/cgao037/graph/or/snap_or, root file is source/or.txt, batch_num is 16, batch_size is 3270374
read: 0.061402s
|E|=327037487
|V|=8730858
Intersection Graph Marked: 120.316424s
Root Time: 0.018709
direct hop total time 0.870966s
work sharing total time 0.517499s
CommonGraph total time 0.517499s
Running: build/SSSPbaseline /home/cgao037/graph/or/snap_or source/or.txt 16 0.01 13
Error: Invalid line "% bip unweighted"
read: 133.576501s
loading graph /home/cgao037/graph/or/snap_or, root file is source/or.txt, batch_num is 16, batch_size is 3270374
read: 0.060422s
|E|=327037487
|V|=8730858
Intersection Graph Marked: 115.852421s
Root Time: 2.950754
direct hop total time 28.446875s
work sharing total time 14.371311s
CommonGraph total time 14.371311s
Running: build/SSSPbaseline /home/cgao037/graph/or/snap_or source/or.txt 16 0.01 14
Error: Invalid line "% bip unweighted"
read: 134.725584s
loading graph /home/cgao037/graph/or/snap_or, root file is source/or.txt, batch_num is 16, batch_size is 3270374
read: 0.059987s
|E|=327037487
|V|=8730858
Intersection Graph Marked: 114.151295s
Root Time: 0.015830
direct hop total time 0.943029s
work sharing total time 0.499326s
CommonGraph total time 0.499326s
Running: build/SSSPbaseline /home/cgao037/graph/or/snap_or source/or.txt 16 0.01 15
Error: Invalid line "% bip unweighted"
read: 134.130526s
loading graph /home/cgao037/graph/or/snap_or, root file is source/or.txt, batch_num is 16, batch_size is 3270374
read: 0.060363s
|E|=327037487
|V|=8730858
Intersection Graph Marked: 113.957006s
Root Time: 0.019846
direct hop total time 0.855279s
work sharing total time 0.560529s
CommonGraph total time 0.560529s
Running: build/SSSPbaseline /home/cgao037/graph/or/snap_or source/or.txt 32 0.005 0
Error: Invalid line "% bip unweighted"
read: 133.578368s
loading graph /home/cgao037/graph/or/snap_or, root file is source/or.txt, batch_num is 32, batch_size is 1635187
read: 0.059878s
|E|=327037487
|V|=8730858
Intersection Graph Marked: 105.371471s
Root Time: 2.847322
direct hop total time 29.005701s
work sharing total time 15.577561s
CommonGraph total time 15.577561s
Running: build/SSSPbaseline /home/cgao037/graph/or/snap_or source/or.txt 32 0.005 1
Error: Invalid line "% bip unweighted"
read: 134.143901s
loading graph /home/cgao037/graph/or/snap_or, root file is source/or.txt, batch_num is 32, batch_size is 1635187
read: 0.060606s
|E|=327037487
|V|=8730858
Intersection Graph Marked: 115.397939s
Root Time: 1.589522
direct hop total time 26.063534s
work sharing total time 15.712055s
CommonGraph total time 15.712055s
Running: build/SSSPbaseline /home/cgao037/graph/or/snap_or source/or.txt 32 0.005 2
Error: Invalid line "% bip unweighted"
read: 136.700616s
loading graph /home/cgao037/graph/or/snap_or, root file is source/or.txt, batch_num is 32, batch_size is 1635187
read: 0.060089s
|E|=327037487
|V|=8730858
Intersection Graph Marked: 105.710194s
Root Time: 0.024712
direct hop total time 1.623131s
work sharing total time 0.953178s
CommonGraph total time 0.953178s
Running: build/SSSPbaseline /home/cgao037/graph/or/snap_or source/or.txt 32 0.005 3
Error: Invalid line "% bip unweighted"
read: 134.012276s
loading graph /home/cgao037/graph/or/snap_or, root file is source/or.txt, batch_num is 32, batch_size is 1635187
read: 0.062707s
|E|=327037487
|V|=8730858
Intersection Graph Marked: 121.008006s
Root Time: 2.812510
direct hop total time 36.745331s
work sharing total time 22.315186s
CommonGraph total time 22.315186s
Running: build/SSSPbaseline /home/cgao037/graph/or/snap_or source/or.txt 32 0.005 4
Error: Invalid line "% bip unweighted"
read: 133.650921s
loading graph /home/cgao037/graph/or/snap_or, root file is source/or.txt, batch_num is 32, batch_size is 1635187
read: 0.060095s
|E|=327037487
|V|=8730858
Intersection Graph Marked: 119.558271s
Root Time: 0.019131
direct hop total time 1.535237s
work sharing total time 0.921885s
CommonGraph total time 0.921885s
Running: build/SSSPbaseline /home/cgao037/graph/or/snap_or source/or.txt 32 0.005 5
Error: Invalid line "% bip unweighted"
read: 133.731225s
loading graph /home/cgao037/graph/or/snap_or, root file is source/or.txt, batch_num is 32, batch_size is 1635187
read: 0.061286s
|E|=327037487
|V|=8730858
Intersection Graph Marked: 114.550518s
Root Time: 0.018570
direct hop total time 1.527229s
work sharing total time 0.876115s
CommonGraph total time 0.876115s
Running: build/SSSPbaseline /home/cgao037/graph/or/snap_or source/or.txt 32 0.005 6
Error: Invalid line "% bip unweighted"
read: 136.158433s
loading graph /home/cgao037/graph/or/snap_or, root file is source/or.txt, batch_num is 32, batch_size is 1635187
read: 0.087691s
|E|=327037487
|V|=8730858
Intersection Graph Marked: 103.013957s
Root Time: 1.502980
direct hop total time 38.248154s
work sharing total time 26.259295s
CommonGraph total time 26.259295s
Running: build/SSSPbaseline /home/cgao037/graph/or/snap_or source/or.txt 32 0.005 7
Error: Invalid line "% bip unweighted"
read: 136.545701s
loading graph /home/cgao037/graph/or/snap_or, root file is source/or.txt, batch_num is 32, batch_size is 1635187
read: 0.064346s
|E|=327037487
|V|=8730858
Intersection Graph Marked: 121.416842s
Root Time: 1.739202
direct hop total time 57.980671s
work sharing total time 40.824791s
CommonGraph total time 40.824791s
Running: build/SSSPbaseline /home/cgao037/graph/or/snap_or source/or.txt 32 0.005 8
Error: Invalid line "% bip unweighted"
read: 133.832269s
loading graph /home/cgao037/graph/or/snap_or, root file is source/or.txt, batch_num is 32, batch_size is 1635187
read: 0.060022s
|E|=327037487
|V|=8730858
Intersection Graph Marked: 121.074156s
Root Time: 3.245929
direct hop total time 29.635502s
work sharing total time 17.574238s
CommonGraph total time 17.574238s
Running: build/SSSPbaseline /home/cgao037/graph/or/snap_or source/or.txt 32 0.005 9
Error: Invalid line "% bip unweighted"
read: 136.949453s
loading graph /home/cgao037/graph/or/snap_or, root file is source/or.txt, batch_num is 32, batch_size is 1635187
read: 0.073725s
|E|=327037487
|V|=8730858
Intersection Graph Marked: 112.904710s
Root Time: 0.019424
direct hop total time 1.560369s
work sharing total time 0.909772s
CommonGraph total time 0.909772s
Running: build/SSSPbaseline /home/cgao037/graph/or/snap_or source/or.txt 32 0.005 10
Error: Invalid line "% bip unweighted"
read: 133.852678s
loading graph /home/cgao037/graph/or/snap_or, root file is source/or.txt, batch_num is 32, batch_size is 1635187
read: 0.060164s
|E|=327037487
|V|=8730858
Intersection Graph Marked: 114.210623s
Root Time: 0.012138
direct hop total time 1.750023s
work sharing total time 1.020004s
CommonGraph total time 1.020004s
Running: build/SSSPbaseline /home/cgao037/graph/or/snap_or source/or.txt 32 0.005 11
Error: Invalid line "% bip unweighted"
read: 133.355641s
loading graph /home/cgao037/graph/or/snap_or, root file is source/or.txt, batch_num is 32, batch_size is 1635187
read: 0.060342s
|E|=327037487
|V|=8730858
Intersection Graph Marked: 119.662662s
Root Time: 3.020147
direct hop total time 41.200626s
work sharing total time 17.044926s
CommonGraph total time 17.044926s
Running: build/SSSPbaseline /home/cgao037/graph/or/snap_or source/or.txt 32 0.005 12
Error: Invalid line "% bip unweighted"
read: 134.647738s
loading graph /home/cgao037/graph/or/snap_or, root file is source/or.txt, batch_num is 32, batch_size is 1635187
read: 0.061219s
|E|=327037487
|V|=8730858
Intersection Graph Marked: 120.545224s
Root Time: 0.022899
direct hop total time 1.538920s
work sharing total time 0.917584s
CommonGraph total time 0.917584s
Running: build/SSSPbaseline /home/cgao037/graph/or/snap_or source/or.txt 32 0.005 13
Error: Invalid line "% bip unweighted"
read: 133.643091s
loading graph /home/cgao037/graph/or/snap_or, root file is source/or.txt, batch_num is 32, batch_size is 1635187
read: 0.060759s
|E|=327037487
|V|=8730858
Intersection Graph Marked: 113.692146s
Root Time: 1.654055
direct hop total time 56.884823s
work sharing total time 27.268555s
CommonGraph total time 27.268555s
Running: build/SSSPbaseline /home/cgao037/graph/or/snap_or source/or.txt 32 0.005 14
Error: Invalid line "% bip unweighted"
read: 133.519842s
loading graph /home/cgao037/graph/or/snap_or, root file is source/or.txt, batch_num is 32, batch_size is 1635187
read: 0.060501s
|E|=327037487
|V|=8730858
Intersection Graph Marked: 120.774407s
Root Time: 0.018437
direct hop total time 1.521941s
work sharing total time 1.066441s
CommonGraph total time 1.066441s
Running: build/SSSPbaseline /home/cgao037/graph/or/snap_or source/or.txt 32 0.005 15
Error: Invalid line "% bip unweighted"
read: 133.663717s
loading graph /home/cgao037/graph/or/snap_or, root file is source/or.txt, batch_num is 32, batch_size is 1635187
read: 0.060183s
|E|=327037487
|V|=8730858
Intersection Graph Marked: 120.412740s
Root Time: 0.020321
direct hop total time 1.735277s
work sharing total time 0.887465s
CommonGraph total time 0.887465s
Running: build/SSSPbaseline /home/cgao037/graph/or/snap_or source/or.txt 64 0.0025 0
Error: Invalid line "% bip unweighted"
read: 133.484692s
loading graph /home/cgao037/graph/or/snap_or, root file is source/or.txt, batch_num is 64, batch_size is 817593
read: 0.060185s
|E|=327037487
|V|=8730858
Intersection Graph Marked: 121.881251s
Root Time: 2.065691
direct hop total time 54.394894s
work sharing total time 28.480286s
CommonGraph total time 28.480286s
Running: build/SSSPbaseline /home/cgao037/graph/or/snap_or source/or.txt 64 0.0025 1
Error: Invalid line "% bip unweighted"
read: 133.374608s
loading graph /home/cgao037/graph/or/snap_or, root file is source/or.txt, batch_num is 64, batch_size is 817593
read: 0.059590s
|E|=327037487
|V|=8730858
Intersection Graph Marked: 111.774157s
Root Time: 2.153217
direct hop total time 49.436230s
work sharing total time 29.143358s
CommonGraph total time 29.143358s
Running: build/SSSPbaseline /home/cgao037/graph/or/snap_or source/or.txt 64 0.0025 2
Error: Invalid line "% bip unweighted"
read: 133.740322s
loading graph /home/cgao037/graph/or/snap_or, root file is source/or.txt, batch_num is 64, batch_size is 817593
read: 0.060632s
|E|=327037487
|V|=8730858
Intersection Graph Marked: 126.691134s
Root Time: 0.025255
direct hop total time 3.019535s
work sharing total time 1.701678s
CommonGraph total time 1.701678s
Running: build/SSSPbaseline /home/cgao037/graph/or/snap_or source/or.txt 64 0.0025 3
Error: Invalid line "% bip unweighted"
read: 134.071631s
loading graph /home/cgao037/graph/or/snap_or, root file is source/or.txt, batch_num is 64, batch_size is 817593
read: 0.060836s
|E|=327037487
|V|=8730858
Intersection Graph Marked: 118.132897s
Root Time: 1.489304
direct hop total time 69.575966s
work sharing total time 42.141598s
CommonGraph total time 42.141598s
Running: build/SSSPbaseline /home/cgao037/graph/or/snap_or source/or.txt 64 0.0025 4
Error: Invalid line "% bip unweighted"
read: 133.538210s
loading graph /home/cgao037/graph/or/snap_or, root file is source/or.txt, batch_num is 64, batch_size is 817593
read: 0.061162s
|E|=327037487
|V|=8730858
Intersection Graph Marked: 113.471294s
Root Time: 0.020226
direct hop total time 3.067201s
work sharing total time 1.826778s
CommonGraph total time 1.826778s
Running: build/SSSPbaseline /home/cgao037/graph/or/snap_or source/or.txt 64 0.0025 5
Error: Invalid line "% bip unweighted"
read: 133.407186s
loading graph /home/cgao037/graph/or/snap_or, root file is source/or.txt, batch_num is 64, batch_size is 817593
read: 0.060336s
|E|=327037487
|V|=8730858
Intersection Graph Marked: 116.073210s
Root Time: 0.017028
direct hop total time 3.583543s
work sharing total time 1.667837s
CommonGraph total time 1.667837s
Running: build/SSSPbaseline /home/cgao037/graph/or/snap_or source/or.txt 64 0.0025 6
Error: Invalid line "% bip unweighted"
read: 136.346846s
loading graph /home/cgao037/graph/or/snap_or, root file is source/or.txt, batch_num is 64, batch_size is 817593
read: 0.073938s
|E|=327037487
|V|=8730858
Intersection Graph Marked: 119.589974s
Root Time: 1.483378
direct hop total time 76.357384s
work sharing total time 51.882259s
CommonGraph total time 51.882259s
Running: build/SSSPbaseline /home/cgao037/graph/or/snap_or source/or.txt 64 0.0025 7
Error: Invalid line "% bip unweighted"
read: 133.499597s
loading graph /home/cgao037/graph/or/snap_or, root file is source/or.txt, batch_num is 64, batch_size is 817593
read: 0.060433s
|E|=327037487
|V|=8730858
Intersection Graph Marked: 114.356474s
Root Time: 1.742092
direct hop total time 125.838943s
work sharing total time 88.390976s
CommonGraph total time 88.390976s
Running: build/SSSPbaseline /home/cgao037/graph/or/snap_or source/or.txt 64 0.0025 8
Error: Invalid line "% bip unweighted"
read: 133.513258s
loading graph /home/cgao037/graph/or/snap_or, root file is source/or.txt, batch_num is 64, batch_size is 817593
read: 0.061501s
|E|=327037487
|V|=8730858
Intersection Graph Marked: 111.728372s
Root Time: 3.079122
direct hop total time 57.074604s
work sharing total time 32.752766s
CommonGraph total time 32.752766s
Running: build/SSSPbaseline /home/cgao037/graph/or/snap_or source/or.txt 64 0.0025 9
Error: Invalid line "% bip unweighted"
read: 133.989701s
loading graph /home/cgao037/graph/or/snap_or, root file is source/or.txt, batch_num is 64, batch_size is 817593
read: 0.061315s
|E|=327037487
|V|=8730858
Intersection Graph Marked: 123.299525s
Root Time: 0.020398
direct hop total time 3.045755s
work sharing total time 1.759455s
CommonGraph total time 1.759455s
Running: build/SSSPbaseline /home/cgao037/graph/or/snap_or source/or.txt 64 0.0025 10
Error: Invalid line "% bip unweighted"
read: 133.591341s
loading graph /home/cgao037/graph/or/snap_or, root file is source/or.txt, batch_num is 64, batch_size is 817593
read: 0.059942s
|E|=327037487
|V|=8730858
Intersection Graph Marked: 116.409947s
Root Time: 0.023967
direct hop total time 3.564913s
work sharing total time 2.218539s
CommonGraph total time 2.218539s
Running: build/SSSPbaseline /home/cgao037/graph/or/snap_or source/or.txt 64 0.0025 11
Error: Invalid line "% bip unweighted"
read: 133.510655s
loading graph /home/cgao037/graph/or/snap_or, root file is source/or.txt, batch_num is 64, batch_size is 817593
read: 0.060790s
|E|=327037487
|V|=8730858
Intersection Graph Marked: 115.521699s
Root Time: 3.101002
direct hop total time 88.265068s
work sharing total time 34.144306s
CommonGraph total time 34.144306s
Running: build/SSSPbaseline /home/cgao037/graph/or/snap_or source/or.txt 64 0.0025 12
Error: Invalid line "% bip unweighted"
read: 136.326088s
loading graph /home/cgao037/graph/or/snap_or, root file is source/or.txt, batch_num is 64, batch_size is 817593
read: 0.073457s
|E|=327037487
|V|=8730858
Intersection Graph Marked: 117.234703s
Root Time: 0.021402
direct hop total time 3.076096s
work sharing total time 1.701334s
CommonGraph total time 1.701334s
Running: build/SSSPbaseline /home/cgao037/graph/or/snap_or source/or.txt 64 0.0025 13
Error: Invalid line "% bip unweighted"
read: 133.418316s
loading graph /home/cgao037/graph/or/snap_or, root file is source/or.txt, batch_num is 64, batch_size is 817593
read: 0.060062s
|E|=327037487
|V|=8730858
Intersection Graph Marked: 124.054927s
Root Time: 1.629810
direct hop total time 107.551117s
work sharing total time 50.116707s
CommonGraph total time 50.116707s
Running: build/SSSPbaseline /home/cgao037/graph/or/snap_or source/or.txt 64 0.0025 14
Error: Invalid line "% bip unweighted"
read: 133.547316s
loading graph /home/cgao037/graph/or/snap_or, root file is source/or.txt, batch_num is 64, batch_size is 817593
read: 0.061306s
|E|=327037487
|V|=8730858
Intersection Graph Marked: 112.152881s
Root Time: 0.022831
direct hop total time 3.147896s
work sharing total time 2.304531s
CommonGraph total time 2.304531s
Running: build/SSSPbaseline /home/cgao037/graph/or/snap_or source/or.txt 64 0.0025 15
Error: Invalid line "% bip unweighted"
read: 133.435921s
loading graph /home/cgao037/graph/or/snap_or, root file is source/or.txt, batch_num is 64, batch_size is 817593
read: 0.060770s
|E|=327037487
|V|=8730858
Intersection Graph Marked: 121.131933s
Root Time: 0.017183
direct hop total time 3.055257s
work sharing total time 1.740222s
CommonGraph total time 1.740222s
Running: build/SSSPbaseline /home/cgao037/graph/ttw/ttw_snap source/TW_queries.txt 8 0.02 0
Error: Invalid line "% asym unweighted"
read: 621.408699s
loading graph /home/cgao037/graph/ttw/ttw_snap, root file is source/TW_queries.txt, batch_num is 8, batch_size is 29367303
read: 0.289367s
|E|=1468365182
|V|=41652231
Intersection Graph Marked: 255.381634s
Root Time: 7.350875
direct hop total time 26.938110s
work sharing total time 16.418962s
CommonGraph total time 16.418962s
Running: build/SSSPbaseline /home/cgao037/graph/ttw/ttw_snap source/TW_queries.txt 8 0.02 1
Error: Invalid line "% asym unweighted"
read: 632.805396s
loading graph /home/cgao037/graph/ttw/ttw_snap, root file is source/TW_queries.txt, batch_num is 8, batch_size is 29367303
read: 0.297262s
|E|=1468365182
|V|=41652231
Intersection Graph Marked: 267.542382s
Root Time: 5.424659
direct hop total time 24.191195s
work sharing total time 14.933090s
CommonGraph total time 14.933090s
Running: build/SSSPbaseline /home/cgao037/graph/ttw/ttw_snap source/TW_queries.txt 8 0.02 2
Error: Invalid line "% asym unweighted"
read: 621.364308s
loading graph /home/cgao037/graph/ttw/ttw_snap, root file is source/TW_queries.txt, batch_num is 8, batch_size is 29367303
read: 0.287146s
|E|=1468365182
|V|=41652231
Intersection Graph Marked: 242.698478s
Root Time: 5.550500
direct hop total time 37.025387s
work sharing total time 26.049351s
CommonGraph total time 26.049351s
Running: build/SSSPbaseline /home/cgao037/graph/ttw/ttw_snap source/TW_queries.txt 8 0.02 3
Error: Invalid line "% asym unweighted"
read: 622.429495s
loading graph /home/cgao037/graph/ttw/ttw_snap, root file is source/TW_queries.txt, batch_num is 8, batch_size is 29367303
read: 0.286333s
|E|=1468365182
|V|=41652231
Intersection Graph Marked: 242.432493s
Root Time: 5.507439
direct hop total time 27.773863s
work sharing total time 17.256346s
CommonGraph total time 17.256346s
Running: build/SSSPbaseline /home/cgao037/graph/ttw/ttw_snap source/TW_queries.txt 8 0.02 4
Error: Invalid line "% asym unweighted"
read: 621.977193s
loading graph /home/cgao037/graph/ttw/ttw_snap, root file is source/TW_queries.txt, batch_num is 8, batch_size is 29367303
read: 0.297481s
|E|=1468365182
|V|=41652231
Intersection Graph Marked: 246.708512s
Root Time: 5.581524
direct hop total time 25.345663s
work sharing total time 15.443196s
CommonGraph total time 15.443196s
Running: build/SSSPbaseline /home/cgao037/graph/ttw/ttw_snap source/TW_queries.txt 8 0.02 5
Error: Invalid line "% asym unweighted"
read: 642.880943s
loading graph /home/cgao037/graph/ttw/ttw_snap, root file is source/TW_queries.txt, batch_num is 8, batch_size is 29367303
read: 0.287339s
|E|=1468365182
|V|=41652231
Intersection Graph Marked: 255.256761s
Root Time: 5.414866
direct hop total time 24.321199s
work sharing total time 15.386104s
CommonGraph total time 15.386104s
Running: build/SSSPbaseline /home/cgao037/graph/ttw/ttw_snap source/TW_queries.txt 8 0.02 6
Error: Invalid line "% asym unweighted"
read: 625.441660s
loading graph /home/cgao037/graph/ttw/ttw_snap, root file is source/TW_queries.txt, batch_num is 8, batch_size is 29367303
read: 0.295115s
|E|=1468365182
|V|=41652231
Intersection Graph Marked: 242.209011s
Root Time: 0.035132
direct hop total time 3.421122s
work sharing total time 2.600408s
CommonGraph total time 2.600408s
Running: build/SSSPbaseline /home/cgao037/graph/ttw/ttw_snap source/TW_queries.txt 8 0.02 7
Error: Invalid line "% asym unweighted"
read: 624.129966s
loading graph /home/cgao037/graph/ttw/ttw_snap, root file is source/TW_queries.txt, batch_num is 8, batch_size is 29367303
read: 0.297232s
|E|=1468365182
|V|=41652231
Intersection Graph Marked: 249.549575s
Root Time: 5.800196
direct hop total time 36.095417s
work sharing total time 24.237179s
CommonGraph total time 24.237179s
Running: build/SSSPbaseline /home/cgao037/graph/ttw/ttw_snap source/TW_queries.txt 8 0.02 8
Error: Invalid line "% asym unweighted"
read: 621.431524s
loading graph /home/cgao037/graph/ttw/ttw_snap, root file is source/TW_queries.txt, batch_num is 8, batch_size is 29367303
read: 0.291809s
|E|=1468365182
|V|=41652231
Intersection Graph Marked: 247.089407s
Root Time: 5.526994
direct hop total time 33.706375s
work sharing total time 17.382874s
CommonGraph total time 17.382874s
Running: build/SSSPbaseline /home/cgao037/graph/ttw/ttw_snap source/TW_queries.txt 8 0.02 9
Error: Invalid line "% asym unweighted"
read: 621.554860s
loading graph /home/cgao037/graph/ttw/ttw_snap, root file is source/TW_queries.txt, batch_num is 8, batch_size is 29367303
read: 0.284434s
|E|=1468365182
|V|=41652231
Intersection Graph Marked: 241.683839s
Root Time: 6.194809
direct hop total time 27.083950s
work sharing total time 17.034029s
CommonGraph total time 17.034029s
Running: build/SSSPbaseline /home/cgao037/graph/ttw/ttw_snap source/TW_queries.txt 8 0.02 10
Error: Invalid line "% asym unweighted"
read: 622.026073s
loading graph /home/cgao037/graph/ttw/ttw_snap, root file is source/TW_queries.txt, batch_num is 8, batch_size is 29367303
read: 0.289743s
|E|=1468365182
|V|=41652231
Intersection Graph Marked: 242.360385s
Root Time: 5.608186
direct hop total time 29.248880s
work sharing total time 16.984745s
CommonGraph total time 16.984745s
Running: build/SSSPbaseline /home/cgao037/graph/ttw/ttw_snap source/TW_queries.txt 8 0.02 11
Error: Invalid line "% asym unweighted"
read: 622.253837s
loading graph /home/cgao037/graph/ttw/ttw_snap, root file is source/TW_queries.txt, batch_num is 8, batch_size is 29367303
read: 0.292172s
|E|=1468365182
|V|=41652231
Intersection Graph Marked: 241.052193s
Root Time: 5.569901
direct hop total time 38.463985s
work sharing total time 25.861856s
CommonGraph total time 25.861856s
Running: build/SSSPbaseline /home/cgao037/graph/ttw/ttw_snap source/TW_queries.txt 8 0.02 12
Error: Invalid line "% asym unweighted"
read: 621.457594s
loading graph /home/cgao037/graph/ttw/ttw_snap, root file is source/TW_queries.txt, batch_num is 8, batch_size is 29367303
read: 0.287344s
|E|=1468365182
|V|=41652231
Intersection Graph Marked: 253.513269s
Root Time: 0.026190
direct hop total time 160.058685s
work sharing total time 97.185043s
CommonGraph total time 97.185043s
Running: build/SSSPbaseline /home/cgao037/graph/ttw/ttw_snap source/TW_queries.txt 8 0.02 13
Error: Invalid line "% asym unweighted"
read: 621.349722s
loading graph /home/cgao037/graph/ttw/ttw_snap, root file is source/TW_queries.txt, batch_num is 8, batch_size is 29367303
read: 0.285392s
|E|=1468365182
|V|=41652231
Intersection Graph Marked: 275.996396s
Root Time: 5.644617
direct hop total time 27.721256s
work sharing total time 16.878866s
CommonGraph total time 16.878866s
Running: build/SSSPbaseline /home/cgao037/graph/ttw/ttw_snap source/TW_queries.txt 8 0.02 14
Error: Invalid line "% asym unweighted"
read: 621.320932s
loading graph /home/cgao037/graph/ttw/ttw_snap, root file is source/TW_queries.txt, batch_num is 8, batch_size is 29367303
read: 0.281963s
|E|=1468365182
|V|=41652231
Intersection Graph Marked: 242.103472s
Root Time: 5.608498
direct hop total time 25.124794s
work sharing total time 14.761577s
CommonGraph total time 14.761577s
Running: build/SSSPbaseline /home/cgao037/graph/ttw/ttw_snap source/TW_queries.txt 8 0.02 15
Error: Invalid line "% asym unweighted"
read: 621.371202s
loading graph /home/cgao037/graph/ttw/ttw_snap, root file is source/TW_queries.txt, batch_num is 8, batch_size is 29367303
read: 0.288639s
|E|=1468365182
|V|=41652231
Intersection Graph Marked: 243.810786s
Root Time: 5.861029
direct hop total time 24.010113s
work sharing total time 14.637132s
CommonGraph total time 14.637132s
Running: build/SSSPbaseline /home/cgao037/graph/ttw/ttw_snap source/TW_queries.txt 16 0.01 0
Error: Invalid line "% asym unweighted"
read: 624.173956s
loading graph /home/cgao037/graph/ttw/ttw_snap, root file is source/TW_queries.txt, batch_num is 16, batch_size is 14683651
read: 0.286826s
|E|=1468365182
|V|=41652231
Intersection Graph Marked: 261.589957s
Root Time: 7.086537
direct hop total time 47.439419s
work sharing total time 27.247234s
CommonGraph total time 27.247234s
Running: build/SSSPbaseline /home/cgao037/graph/ttw/ttw_snap source/TW_queries.txt 16 0.01 1
Error: Invalid line "% asym unweighted"
read: 627.705095s
loading graph /home/cgao037/graph/ttw/ttw_snap, root file is source/TW_queries.txt, batch_num is 16, batch_size is 14683651
read: 0.292147s
|E|=1468365182
|V|=41652231
Intersection Graph Marked: 268.424150s
Root Time: 5.378897
direct hop total time 47.625587s
work sharing total time 26.831924s
CommonGraph total time 26.831924s
Running: build/SSSPbaseline /home/cgao037/graph/ttw/ttw_snap source/TW_queries.txt 16 0.01 2
Error: Invalid line "% asym unweighted"
read: 621.839024s
loading graph /home/cgao037/graph/ttw/ttw_snap, root file is source/TW_queries.txt, batch_num is 16, batch_size is 14683651
read: 0.306361s
|E|=1468365182
|V|=41652231
Intersection Graph Marked: 251.381562s
Root Time: 5.298074
direct hop total time 67.282280s
work sharing total time 47.057365s
CommonGraph total time 47.057365s
Running: build/SSSPbaseline /home/cgao037/graph/ttw/ttw_snap source/TW_queries.txt 16 0.01 3
Error: Invalid line "% asym unweighted"
read: 621.241281s
loading graph /home/cgao037/graph/ttw/ttw_snap, root file is source/TW_queries.txt, batch_num is 16, batch_size is 14683651
read: 0.285800s
|E|=1468365182
|V|=41652231
Intersection Graph Marked: 247.972228s
Root Time: 5.576209
direct hop total time 48.682941s
work sharing total time 28.470074s
CommonGraph total time 28.470074s
Running: build/SSSPbaseline /home/cgao037/graph/ttw/ttw_snap source/TW_queries.txt 16 0.01 4
Error: Invalid line "% asym unweighted"
read: 621.874663s
loading graph /home/cgao037/graph/ttw/ttw_snap, root file is source/TW_queries.txt, batch_num is 16, batch_size is 14683651
read: 0.284824s
|E|=1468365182
|V|=41652231
Intersection Graph Marked: 276.544926s
Root Time: 5.608380
direct hop total time 50.431004s
work sharing total time 27.684170s
CommonGraph total time 27.684170s
Running: build/SSSPbaseline /home/cgao037/graph/ttw/ttw_snap source/TW_queries.txt 16 0.01 5
Error: Invalid line "% asym unweighted"
read: 621.538787s
loading graph /home/cgao037/graph/ttw/ttw_snap, root file is source/TW_queries.txt, batch_num is 16, batch_size is 14683651
read: 0.282690s
|E|=1468365182
|V|=41652231
Intersection Graph Marked: 265.124590s
Root Time: 5.406610
direct hop total time 45.123791s
work sharing total time 25.592091s
CommonGraph total time 25.592091s
Running: build/SSSPbaseline /home/cgao037/graph/ttw/ttw_snap source/TW_queries.txt 16 0.01 6
Error: Invalid line "% asym unweighted"
read: 622.243278s
loading graph /home/cgao037/graph/ttw/ttw_snap, root file is source/TW_queries.txt, batch_num is 16, batch_size is 14683651
read: 0.284707s
|E|=1468365182
|V|=41652231
Intersection Graph Marked: 242.190112s
Root Time: 0.026346
direct hop total time 6.514739s
work sharing total time 3.919649s
CommonGraph total time 3.919649s
Running: build/SSSPbaseline /home/cgao037/graph/ttw/ttw_snap source/TW_queries.txt 16 0.01 7
Error: Invalid line "% asym unweighted"
read: 621.323419s
loading graph /home/cgao037/graph/ttw/ttw_snap, root file is source/TW_queries.txt, batch_num is 16, batch_size is 14683651
read: 0.285532s
|E|=1468365182
|V|=41652231
Intersection Graph Marked: 239.329736s
Root Time: 5.642106
direct hop total time 70.039749s
work sharing total time 44.335278s
CommonGraph total time 44.335278s
Running: build/SSSPbaseline /home/cgao037/graph/ttw/ttw_snap source/TW_queries.txt 16 0.01 8
Error: Invalid line "% asym unweighted"
read: 624.125001s
loading graph /home/cgao037/graph/ttw/ttw_snap, root file is source/TW_queries.txt, batch_num is 16, batch_size is 14683651
read: 0.315110s
|E|=1468365182
|V|=41652231
Intersection Graph Marked: 243.584036s
Root Time: 5.482959
direct hop total time 65.228699s
work sharing total time 28.622885s
CommonGraph total time 28.622885s
Running: build/SSSPbaseline /home/cgao037/graph/ttw/ttw_snap source/TW_queries.txt 16 0.01 9
Error: Invalid line "% asym unweighted"
read: 622.599292s
loading graph /home/cgao037/graph/ttw/ttw_snap, root file is source/TW_queries.txt, batch_num is 16, batch_size is 14683651
read: 0.271561s
|E|=1468365182
|V|=41652231
Intersection Graph Marked: 258.567957s
Root Time: 6.208715
direct hop total time 46.327881s
work sharing total time 26.009588s
CommonGraph total time 26.009588s
Running: build/SSSPbaseline /home/cgao037/graph/ttw/ttw_snap source/TW_queries.txt 16 0.01 10
Error: Invalid line "% asym unweighted"
read: 624.089424s
loading graph /home/cgao037/graph/ttw/ttw_snap, root file is source/TW_queries.txt, batch_num is 16, batch_size is 14683651
read: 0.292075s
|E|=1468365182
|V|=41652231
Intersection Graph Marked: 238.225330s
Root Time: 5.552542
direct hop total time 51.182354s
work sharing total time 27.563961s
CommonGraph total time 27.563961s
Running: build/SSSPbaseline /home/cgao037/graph/ttw/ttw_snap source/TW_queries.txt 16 0.01 11
Error: Invalid line "% asym unweighted"
read: 627.438326s
loading graph /home/cgao037/graph/ttw/ttw_snap, root file is source/TW_queries.txt, batch_num is 16, batch_size is 14683651
read: 0.288615s
|E|=1468365182
|V|=41652231
Intersection Graph Marked: 278.083611s
Root Time: 5.536739
direct hop total time 66.100861s
work sharing total time 43.276974s
CommonGraph total time 43.276974s
Running: build/SSSPbaseline /home/cgao037/graph/ttw/ttw_snap source/TW_queries.txt 16 0.01 12
Error: Invalid line "% asym unweighted"
read: 621.333859s
loading graph /home/cgao037/graph/ttw/ttw_snap, root file is source/TW_queries.txt, batch_num is 16, batch_size is 14683651
read: 0.286193s
|E|=1468365182
|V|=41652231
Intersection Graph Marked: 262.170113s
Root Time: 0.034430
direct hop total time 296.293640s
work sharing total time 201.587418s
CommonGraph total time 201.587418s
Running: build/SSSPbaseline /home/cgao037/graph/ttw/ttw_snap source/TW_queries.txt 16 0.01 13
Error: Invalid line "% asym unweighted"
read: 621.691175s
loading graph /home/cgao037/graph/ttw/ttw_snap, root file is source/TW_queries.txt, batch_num is 16, batch_size is 14683651
read: 0.290794s
|E|=1468365182
|V|=41652231
Intersection Graph Marked: 258.130291s
Root Time: 5.855612
direct hop total time 54.646008s
work sharing total time 30.541632s
CommonGraph total time 30.541632s
Running: build/SSSPbaseline /home/cgao037/graph/ttw/ttw_snap source/TW_queries.txt 16 0.01 14
Error: Invalid line "% asym unweighted"
read: 621.421091s
loading graph /home/cgao037/graph/ttw/ttw_snap, root file is source/TW_queries.txt, batch_num is 16, batch_size is 14683651
read: 0.287455s
|E|=1468365182
|V|=41652231
Intersection Graph Marked: 251.974035s
Root Time: 5.558256
direct hop total time 46.159550s
work sharing total time 25.844223s
CommonGraph total time 25.844223s
Running: build/SSSPbaseline /home/cgao037/graph/ttw/ttw_snap source/TW_queries.txt 16 0.01 15
Error: Invalid line "% asym unweighted"
read: 622.688110s
loading graph /home/cgao037/graph/ttw/ttw_snap, root file is source/TW_queries.txt, batch_num is 16, batch_size is 14683651
read: 0.282098s
|E|=1468365182
|V|=41652231
Intersection Graph Marked: 246.028294s
Root Time: 5.904654
direct hop total time 46.496960s
work sharing total time 25.940701s
CommonGraph total time 25.940701s
Running: build/SSSPbaseline /home/cgao037/graph/ttw/ttw_snap source/TW_queries.txt 32 0.005 0
Error: Invalid line "% asym unweighted"
read: 621.721283s
loading graph /home/cgao037/graph/ttw/ttw_snap, root file is source/TW_queries.txt, batch_num is 32, batch_size is 7341825
read: 0.286252s
|E|=1468365182
|V|=41652231
Intersection Graph Marked: 270.265825s
Root Time: 7.152050
direct hop total time 88.597191s
work sharing total time 48.066296s
CommonGraph total time 48.066296s
Running: build/SSSPbaseline /home/cgao037/graph/ttw/ttw_snap source/TW_queries.txt 32 0.005 1
Error: Invalid line "% asym unweighted"
read: 621.039751s
loading graph /home/cgao037/graph/ttw/ttw_snap, root file is source/TW_queries.txt, batch_num is 32, batch_size is 7341825
read: 0.283728s
|E|=1468365182
|V|=41652231
Intersection Graph Marked: 237.149563s
Root Time: 5.416302
direct hop total time 90.788925s
work sharing total time 48.222946s
CommonGraph total time 48.222946s
Running: build/SSSPbaseline /home/cgao037/graph/ttw/ttw_snap source/TW_queries.txt 32 0.005 2
Error: Invalid line "% asym unweighted"
read: 621.393056s
loading graph /home/cgao037/graph/ttw/ttw_snap, root file is source/TW_queries.txt, batch_num is 32, batch_size is 7341825
read: 0.288505s
|E|=1468365182
|V|=41652231
Intersection Graph Marked: 231.351609s
Root Time: 5.442986
direct hop total time 131.586166s
work sharing total time 87.260010s
CommonGraph total time 87.260010s
Running: build/SSSPbaseline /home/cgao037/graph/ttw/ttw_snap source/TW_queries.txt 32 0.005 3
Error: Invalid line "% asym unweighted"
read: 621.346152s
loading graph /home/cgao037/graph/ttw/ttw_snap, root file is source/TW_queries.txt, batch_num is 32, batch_size is 7341825
read: 0.288706s
|E|=1468365182
|V|=41652231
Intersection Graph Marked: 249.922992s
Root Time: 5.645756
direct hop total time 92.860855s
work sharing total time 52.993229s
CommonGraph total time 52.993229s
Running: build/SSSPbaseline /home/cgao037/graph/ttw/ttw_snap source/TW_queries.txt 32 0.005 4
Error: Invalid line "% asym unweighted"
read: 624.693463s
loading graph /home/cgao037/graph/ttw/ttw_snap, root file is source/TW_queries.txt, batch_num is 32, batch_size is 7341825
read: 0.286659s
|E|=1468365182
|V|=41652231
Intersection Graph Marked: 256.424544s
Root Time: 5.466127
direct hop total time 90.097557s
work sharing total time 47.673462s
CommonGraph total time 47.673462s
Running: build/SSSPbaseline /home/cgao037/graph/ttw/ttw_snap source/TW_queries.txt 32 0.005 5
Error: Invalid line "% asym unweighted"
read: 622.418098s
loading graph /home/cgao037/graph/ttw/ttw_snap, root file is source/TW_queries.txt, batch_num is 32, batch_size is 7341825
read: 0.285379s
|E|=1468365182
|V|=41652231
Intersection Graph Marked: 240.443157s
Root Time: 5.462890
direct hop total time 99.082970s
work sharing total time 53.420040s
CommonGraph total time 53.420040s
Running: build/SSSPbaseline /home/cgao037/graph/ttw/ttw_snap source/TW_queries.txt 32 0.005 6
Error: Invalid line "% asym unweighted"
read: 621.723967s
loading graph /home/cgao037/graph/ttw/ttw_snap, root file is source/TW_queries.txt, batch_num is 32, batch_size is 7341825
read: 0.283499s
|E|=1468365182
|V|=41652231
Intersection Graph Marked: 254.632614s
Root Time: 0.060194
direct hop total time 14.137550s
work sharing total time 7.757854s
CommonGraph total time 7.757854s
Running: build/SSSPbaseline /home/cgao037/graph/ttw/ttw_snap source/TW_queries.txt 32 0.005 7
Error: Invalid line "% asym unweighted"
read: 623.557655s
loading graph /home/cgao037/graph/ttw/ttw_snap, root file is source/TW_queries.txt, batch_num is 32, batch_size is 7341825
read: 0.288980s
|E|=1468365182
|V|=41652231
Intersection Graph Marked: 271.135329s
Root Time: 5.862186
direct hop total time 128.061508s
work sharing total time 79.342125s
CommonGraph total time 79.342125s
Running: build/SSSPbaseline /home/cgao037/graph/ttw/ttw_snap source/TW_queries.txt 32 0.005 8
Error: Invalid line "% asym unweighted"
read: 621.771964s
loading graph /home/cgao037/graph/ttw/ttw_snap, root file is source/TW_queries.txt, batch_num is 32, batch_size is 7341825
read: 0.284438s
|E|=1468365182
|V|=41652231
Intersection Graph Marked: 230.943874s
Root Time: 5.529140
direct hop total time 120.961975s
work sharing total time 49.349949s
CommonGraph total time 49.349949s
Running: build/SSSPbaseline /home/cgao037/graph/ttw/ttw_snap source/TW_queries.txt 32 0.005 9
Error: Invalid line "% asym unweighted"
read: 622.792608s
loading graph /home/cgao037/graph/ttw/ttw_snap, root file is source/TW_queries.txt, batch_num is 32, batch_size is 7341825
read: 0.285951s
|E|=1468365182
|V|=41652231
Intersection Graph Marked: 287.524277s
Root Time: 6.321368
direct hop total time 87.868561s
work sharing total time 47.609867s
CommonGraph total time 47.609867s
Running: build/SSSPbaseline /home/cgao037/graph/ttw/ttw_snap source/TW_queries.txt 32 0.005 10
Error: Invalid line "% asym unweighted"
read: 621.549117s
loading graph /home/cgao037/graph/ttw/ttw_snap, root file is source/TW_queries.txt, batch_num is 32, batch_size is 7341825
read: 0.284557s
|E|=1468365182
|V|=41652231
Intersection Graph Marked: 229.767290s
Root Time: 5.543732
direct hop total time 98.983017s
work sharing total time 49.544205s
CommonGraph total time 49.544205s
Running: build/SSSPbaseline /home/cgao037/graph/ttw/ttw_snap source/TW_queries.txt 32 0.005 11
Error: Invalid line "% asym unweighted"
read: 625.584377s
loading graph /home/cgao037/graph/ttw/ttw_snap, root file is source/TW_queries.txt, batch_num is 32, batch_size is 7341825
read: 0.283971s
|E|=1468365182
|V|=41652231
Intersection Graph Marked: 241.590732s
Root Time: 5.410169
direct hop total time 129.647720s
work sharing total time 81.171997s
CommonGraph total time 81.171997s
Running: build/SSSPbaseline /home/cgao037/graph/ttw/ttw_snap source/TW_queries.txt 32 0.005 12
Error: Invalid line "% asym unweighted"
read: 622.236311s
loading graph /home/cgao037/graph/ttw/ttw_snap, root file is source/TW_queries.txt, batch_num is 32, batch_size is 7341825
read: 0.288318s
|E|=1468365182
|V|=41652231
Intersection Graph Marked: 240.375679s
Root Time: 0.074176
direct hop total time 302.265808s
work sharing total time 387.031555s
CommonGraph total time 387.031555s
Running: build/SSSPbaseline /home/cgao037/graph/ttw/ttw_snap source/TW_queries.txt 32 0.005 13
Error: Invalid line "% asym unweighted"
read: 624.852861s
loading graph /home/cgao037/graph/ttw/ttw_snap, root file is source/TW_queries.txt, batch_num is 32, batch_size is 7341825
read: 0.291569s
|E|=1468365182
|V|=41652231
Intersection Graph Marked: 236.231840s
Root Time: 5.621925
direct hop total time 90.047142s
work sharing total time 49.959251s
CommonGraph total time 49.959251s
Running: build/SSSPbaseline /home/cgao037/graph/ttw/ttw_snap source/TW_queries.txt 32 0.005 14
Error: Invalid line "% asym unweighted"
read: 621.491972s
loading graph /home/cgao037/graph/ttw/ttw_snap, root file is source/TW_queries.txt, batch_num is 32, batch_size is 7341825
read: 0.292403s
|E|=1468365182
|V|=41652231
Intersection Graph Marked: 250.411952s
Root Time: 5.608826
direct hop total time 87.694275s
work sharing total time 46.362705s
CommonGraph total time 46.362705s
Running: build/SSSPbaseline /home/cgao037/graph/ttw/ttw_snap source/TW_queries.txt 32 0.005 15
Error: Invalid line "% asym unweighted"
read: 621.569243s
loading graph /home/cgao037/graph/ttw/ttw_snap, root file is source/TW_queries.txt, batch_num is 32, batch_size is 7341825
read: 0.295970s
|E|=1468365182
|V|=41652231
Intersection Graph Marked: 237.004521s
Root Time: 5.881986
direct hop total time 89.452698s
work sharing total time 48.618172s
CommonGraph total time 48.618172s
Running: build/SSSPbaseline /home/cgao037/graph/ttw/ttw_snap source/TW_queries.txt 64 0.0025 0
Error: Invalid line "% asym unweighted"
read: 623.402556s
loading graph /home/cgao037/graph/ttw/ttw_snap, root file is source/TW_queries.txt, batch_num is 64, batch_size is 3670912
read: 0.287835s
|E|=1468365182
|V|=41652231
Intersection Graph Marked: 244.111195s
Root Time: 7.285612
direct hop total time 191.726929s
work sharing total time 102.172531s
CommonGraph total time 102.172531s
Running: build/SSSPbaseline /home/cgao037/graph/ttw/ttw_snap source/TW_queries.txt 64 0.0025 1
Error: Invalid line "% asym unweighted"
read: 621.350558s
loading graph /home/cgao037/graph/ttw/ttw_snap, root file is source/TW_queries.txt, batch_num is 64, batch_size is 3670912
read: 0.286693s
|E|=1468365182
|V|=41652231
Intersection Graph Marked: 244.640823s
Root Time: 5.430029
direct hop total time 166.215775s
work sharing total time 86.159645s
CommonGraph total time 86.159645s
Running: build/SSSPbaseline /home/cgao037/graph/ttw/ttw_snap source/TW_queries.txt 64 0.0025 2
Error: Invalid line "% asym unweighted"
read: 620.959625s
loading graph /home/cgao037/graph/ttw/ttw_snap, root file is source/TW_queries.txt, batch_num is 64, batch_size is 3670912
read: 0.287946s
|E|=1468365182
|V|=41652231
Intersection Graph Marked: 244.575482s
Root Time: 5.488969
direct hop total time 259.195587s
work sharing total time 171.311981s
CommonGraph total time 171.311981s
Running: build/SSSPbaseline /home/cgao037/graph/ttw/ttw_snap source/TW_queries.txt 64 0.0025 3
Error: Invalid line "% asym unweighted"
read: 622.076294s
loading graph /home/cgao037/graph/ttw/ttw_snap, root file is source/TW_queries.txt, batch_num is 64, batch_size is 3670912
read: 0.279914s
|E|=1468365182
|V|=41652231
Intersection Graph Marked: 248.522608s
Root Time: 5.819617
direct hop total time 190.126999s
work sharing total time 101.607918s
CommonGraph total time 101.607918s
Running: build/SSSPbaseline /home/cgao037/graph/ttw/ttw_snap source/TW_queries.txt 64 0.0025 4
Error: Invalid line "% asym unweighted"
read: 621.790577s
loading graph /home/cgao037/graph/ttw/ttw_snap, root file is source/TW_queries.txt, batch_num is 64, batch_size is 3670912
read: 0.291077s
|E|=1468365182
|V|=41652231
Intersection Graph Marked: 235.785961s
Root Time: 5.703159
direct hop total time 179.938141s
work sharing total time 93.178268s
CommonGraph total time 93.178268s
Running: build/SSSPbaseline /home/cgao037/graph/ttw/ttw_snap source/TW_queries.txt 64 0.0025 5
Error: Invalid line "% asym unweighted"
read: 622.481475s
loading graph /home/cgao037/graph/ttw/ttw_snap, root file is source/TW_queries.txt, batch_num is 64, batch_size is 3670912
read: 0.298213s
|E|=1468365182
|V|=41652231
Intersection Graph Marked: 250.075511s
Root Time: 5.457745
direct hop total time 190.144211s
work sharing total time 98.549728s
CommonGraph total time 98.549728s
Running: build/SSSPbaseline /home/cgao037/graph/ttw/ttw_snap source/TW_queries.txt 64 0.0025 6
Error: Invalid line "% asym unweighted"
read: 622.070460s
loading graph /home/cgao037/graph/ttw/ttw_snap, root file is source/TW_queries.txt, batch_num is 64, batch_size is 3670912
read: 0.284551s
|E|=1468365182
|V|=41652231
Intersection Graph Marked: 250.124862s
Root Time: 0.051972
direct hop total time 26.377190s
work sharing total time 14.414820s
CommonGraph total time 14.414820s
Running: build/SSSPbaseline /home/cgao037/graph/ttw/ttw_snap source/TW_queries.txt 64 0.0025 7
Error: Invalid line "% asym unweighted"
read: 626.657539s
loading graph /home/cgao037/graph/ttw/ttw_snap, root file is source/TW_queries.txt, batch_num is 64, batch_size is 3670912
read: 0.289932s
|E|=1468365182
|V|=41652231
Intersection Graph Marked: 241.632750s
Root Time: 5.672505
direct hop total time 244.991104s
work sharing total time 150.237213s
CommonGraph total time 150.237213s
Running: build/SSSPbaseline /home/cgao037/graph/ttw/ttw_snap source/TW_queries.txt 64 0.0025 8
Error: Invalid line "% asym unweighted"
read: 621.619114s
loading graph /home/cgao037/graph/ttw/ttw_snap, root file is source/TW_queries.txt, batch_num is 64, batch_size is 3670912
read: 0.289733s
|E|=1468365182
|V|=41652231
Intersection Graph Marked: 256.301921s
Root Time: 5.507000
direct hop total time 253.662781s
work sharing total time 99.066620s
CommonGraph total time 99.066620s
Running: build/SSSPbaseline /home/cgao037/graph/ttw/ttw_snap source/TW_queries.txt 64 0.0025 9
Error: Invalid line "% asym unweighted"
read: 621.526310s
loading graph /home/cgao037/graph/ttw/ttw_snap, root file is source/TW_queries.txt, batch_num is 64, batch_size is 3670912
read: 0.290224s
|E|=1468365182
|V|=41652231
Intersection Graph Marked: 248.918958s
Root Time: 6.269954
direct hop total time 190.535110s
work sharing total time 98.994705s
CommonGraph total time 98.994705s
Running: build/SSSPbaseline /home/cgao037/graph/ttw/ttw_snap source/TW_queries.txt 64 0.0025 10
Error: Invalid line "% asym unweighted"
read: 622.915587s
loading graph /home/cgao037/graph/ttw/ttw_snap, root file is source/TW_queries.txt, batch_num is 64, batch_size is 3670912
read: 0.288940s
|E|=1468365182
|V|=41652231
Intersection Graph Marked: 249.798374s
Root Time: 5.687757
direct hop total time 197.460907s
work sharing total time 94.537544s
CommonGraph total time 94.537544s
Running: build/SSSPbaseline /home/cgao037/graph/ttw/ttw_snap source/TW_queries.txt 64 0.0025 11
Error: Invalid line "% asym unweighted"
read: 622.249327s
loading graph /home/cgao037/graph/ttw/ttw_snap, root file is source/TW_queries.txt, batch_num is 64, batch_size is 3670912
read: 0.288496s
|E|=1468365182
|V|=41652231
Intersection Graph Marked: 242.133119s
Root Time: 5.561164
direct hop total time 268.199921s
work sharing total time 160.206787s
CommonGraph total time 160.206787s
Running: build/SSSPbaseline /home/cgao037/graph/ttw/ttw_snap source/TW_queries.txt 64 0.0025 12
Error: Invalid line "% asym unweighted"
read: 621.323763s
loading graph /home/cgao037/graph/ttw/ttw_snap, root file is source/TW_queries.txt, batch_num is 64, batch_size is 3670912
read: 0.284573s
|E|=1468365182
|V|=41652231
Intersection Graph Marked: 247.529990s
Root Time: 0.033135
direct hop total time 1231.021606s
work sharing total time 772.386414s
CommonGraph total time 772.386414s
Running: build/SSSPbaseline /home/cgao037/graph/ttw/ttw_snap source/TW_queries.txt 64 0.0025 13
Error: Invalid line "% asym unweighted"
read: 621.631637s
loading graph /home/cgao037/graph/ttw/ttw_snap, root file is source/TW_queries.txt, batch_num is 64, batch_size is 3670912
read: 0.289517s
|E|=1468365182
|V|=41652231
Intersection Graph Marked: 249.954353s
Root Time: 5.663875
direct hop total time 186.145844s
work sharing total time 99.340652s
CommonGraph total time 99.340652s
Running: build/SSSPbaseline /home/cgao037/graph/ttw/ttw_snap source/TW_queries.txt 64 0.0025 14
Error: Invalid line "% asym unweighted"
read: 622.508567s
loading graph /home/cgao037/graph/ttw/ttw_snap, root file is source/TW_queries.txt, batch_num is 64, batch_size is 3670912
read: 0.281341s
|E|=1468365182
|V|=41652231
Intersection Graph Marked: 243.268729s
Root Time: 5.624838
direct hop total time 197.365555s
work sharing total time 99.674957s
CommonGraph total time 99.674957s
Running: build/SSSPbaseline /home/cgao037/graph/ttw/ttw_snap source/TW_queries.txt 64 0.0025 15
Error: Invalid line "% asym unweighted"
read: 622.699958s
loading graph /home/cgao037/graph/ttw/ttw_snap, root file is source/TW_queries.txt, batch_num is 64, batch_size is 3670912
read: 0.290168s
|E|=1468365182
|V|=41652231
Intersection Graph Marked: 257.450867s
Root Time: 5.844226
direct hop total time 173.932220s
work sharing total time 88.820847s
CommonGraph total time 88.820847s
