Running: build/SSWPbaseline /home/xyin014/graph/sx/stack_snap source/sx.txt 8 0.02 0
read: 14.979014s
loading graph /home/xyin014/graph/sx/stack_snap, root file is source/sx.txt, batch_num is 8, batch_size is 724668
read: 0.010745s
|E|=36233445
|V|=6024259
streaming total time 4.287231s
|V|=6024259
Intersection Graph Marked: 0.757932s
Version Time: 0.138127
direct hop total time 0.991132s
work sharing total time 0.782226s
CommonGraph total time 0.782226s
Running: build/SSWPbaseline /home/xyin014/graph/sx/stack_snap source/sx.txt 8 0.02 1
read: 15.036960s
loading graph /home/xyin014/graph/sx/stack_snap, root file is source/sx.txt, batch_num is 8, batch_size is 724668
read: 0.006476s
|E|=36233445
|V|=6024259
streaming total time 3.311953s
|V|=6024259
Intersection Graph Marked: 0.674724s
Version Time: 0.125439
direct hop total time 0.976404s
work sharing total time 0.775054s
CommonGraph total time 0.775054s
Running: build/SSWPbaseline /home/xyin014/graph/sx/stack_snap source/sx.txt 8 0.02 2
read: 15.059425s
loading graph /home/xyin014/graph/sx/stack_snap, root file is source/sx.txt, batch_num is 8, batch_size is 724668
read: 0.006552s
|E|=36233445
|V|=6024259
streaming total time 3.250596s
|V|=6024259
Intersection Graph Marked: 0.668311s
Version Time: 0.137900
direct hop total time 0.920958s
work sharing total time 0.730501s
CommonGraph total time 0.730501s
Running: build/SSWPbaseline /home/xyin014/graph/sx/stack_snap source/sx.txt 8 0.02 3
read: 15.054075s
loading graph /home/xyin014/graph/sx/stack_snap, root file is source/sx.txt, batch_num is 8, batch_size is 724668
read: 0.006598s
|E|=36233445
|V|=6024259
streaming total time 3.375455s
|V|=6024259
Intersection Graph Marked: 0.732214s
Version Time: 0.007972
direct hop total time 0.075935s
work sharing total time 0.040960s
CommonGraph total time 0.040960s
Running: build/SSWPbaseline /home/xyin014/graph/sx/stack_snap source/sx.txt 8 0.02 4
read: 15.080200s
loading graph /home/xyin014/graph/sx/stack_snap, root file is source/sx.txt, batch_num is 8, batch_size is 724668
read: 0.006708s
|E|=36233445
|V|=6024259
streaming total time 4.196045s
|V|=6024259
Intersection Graph Marked: 0.728944s
Version Time: 0.157391
direct hop total time 1.026025s
work sharing total time 0.697287s
CommonGraph total time 0.697287s
Running: build/SSWPbaseline /home/xyin014/graph/sx/stack_snap source/sx.txt 8 0.02 5
read: 15.066036s
loading graph /home/xyin014/graph/sx/stack_snap, root file is source/sx.txt, batch_num is 8, batch_size is 724668
read: 0.006490s
|E|=36233445
|V|=6024259
streaming total time 2.619279s
|V|=6024259
Intersection Graph Marked: 0.870966s
Version Time: 0.153246
direct hop total time 0.980769s
work sharing total time 0.764334s
CommonGraph total time 0.764334s
Running: build/SSWPbaseline /home/xyin014/graph/sx/stack_snap source/sx.txt 8 0.02 6
read: 15.086736s
loading graph /home/xyin014/graph/sx/stack_snap, root file is source/sx.txt, batch_num is 8, batch_size is 724668
read: 0.006431s
|E|=36233445
|V|=6024259
streaming total time 1.869355s
|V|=6024259
Intersection Graph Marked: 0.661290s
Version Time: 0.054803
direct hop total time 0.072123s
work sharing total time 0.068532s
CommonGraph total time 0.068532s
Running: build/SSWPbaseline /home/xyin014/graph/sx/stack_snap source/sx.txt 8 0.02 7
read: 15.045392s
loading graph /home/xyin014/graph/sx/stack_snap, root file is source/sx.txt, batch_num is 8, batch_size is 724668
read: 0.006804s
|E|=36233445
|V|=6024259
streaming total time 3.396935s
|V|=6024259
Intersection Graph Marked: 0.782159s
Version Time: 0.264208
direct hop total time 1.033016s
work sharing total time 0.799328s
CommonGraph total time 0.799328s
Running: build/SSWPbaseline /home/xyin014/graph/sx/stack_snap source/sx.txt 8 0.02 8
read: 15.066650s
loading graph /home/xyin014/graph/sx/stack_snap, root file is source/sx.txt, batch_num is 8, batch_size is 724668
read: 0.006584s
|E|=36233445
|V|=6024259
streaming total time 3.659355s
|V|=6024259
Intersection Graph Marked: 0.746995s
Version Time: 0.131060
direct hop total time 2.148092s
work sharing total time 0.828876s
CommonGraph total time 0.828876s
Running: build/SSWPbaseline /home/xyin014/graph/sx/stack_snap source/sx.txt 8 0.02 9
read: 15.137285s
loading graph /home/xyin014/graph/sx/stack_snap, root file is source/sx.txt, batch_num is 8, batch_size is 724668
read: 0.006632s
|E|=36233445
|V|=6024259
streaming total time 3.462673s
|V|=6024259
Intersection Graph Marked: 0.799080s
Version Time: 0.152918
direct hop total time 1.097066s
work sharing total time 0.785403s
CommonGraph total time 0.785403s
Running: build/SSWPbaseline /home/xyin014/graph/sx/stack_snap source/sx.txt 8 0.02 10
read: 15.160921s
loading graph /home/xyin014/graph/sx/stack_snap, root file is source/sx.txt, batch_num is 8, batch_size is 724668
read: 0.006582s
|E|=36233445
|V|=6024259
streaming total time 3.624771s
|V|=6024259
Intersection Graph Marked: 0.794309s
Version Time: 0.154871
direct hop total time 0.955120s
work sharing total time 0.768460s
CommonGraph total time 0.768460s
Running: build/SSWPbaseline /home/xyin014/graph/sx/stack_snap source/sx.txt 8 0.02 11
read: 15.069459s
loading graph /home/xyin014/graph/sx/stack_snap, root file is source/sx.txt, batch_num is 8, batch_size is 724668
read: 0.006504s
|E|=36233445
|V|=6024259
streaming total time 3.715508s
|V|=6024259
Intersection Graph Marked: 0.710012s
Version Time: 0.054203
direct hop total time 0.083950s
work sharing total time 0.041746s
CommonGraph total time 0.041746s
Running: build/SSWPbaseline /home/xyin014/graph/sx/stack_snap source/sx.txt 8 0.02 12
read: 15.061018s
loading graph /home/xyin014/graph/sx/stack_snap, root file is source/sx.txt, batch_num is 8, batch_size is 724668
read: 0.006497s
|E|=36233445
|V|=6024259
streaming total time 2.530475s
|V|=6024259
Intersection Graph Marked: 0.755542s
Version Time: 0.013008
direct hop total time 0.060502s
work sharing total time 0.059507s
CommonGraph total time 0.059507s
Running: build/SSWPbaseline /home/xyin014/graph/sx/stack_snap source/sx.txt 8 0.02 13
read: 15.056425s
loading graph /home/xyin014/graph/sx/stack_snap, root file is source/sx.txt, batch_num is 8, batch_size is 724668
read: 0.006533s
|E|=36233445
|V|=6024259
streaming total time 2.034847s
|V|=6024259
Intersection Graph Marked: 0.792557s
Version Time: 0.006245
direct hop total time 0.059770s
work sharing total time 0.043888s
CommonGraph total time 0.043888s
Running: build/SSWPbaseline /home/xyin014/graph/sx/stack_snap source/sx.txt 8 0.02 14
read: 15.084157s
loading graph /home/xyin014/graph/sx/stack_snap, root file is source/sx.txt, batch_num is 8, batch_size is 724668
read: 0.006422s
|E|=36233445
|V|=6024259
streaming total time 2.806431s
|V|=6024259
Intersection Graph Marked: 0.650159s
Version Time: 0.004063
direct hop total time 0.077862s
work sharing total time 0.040931s
CommonGraph total time 0.040931s
Running: build/SSWPbaseline /home/xyin014/graph/sx/stack_snap source/sx.txt 8 0.02 15
read: 15.179724s
loading graph /home/xyin014/graph/sx/stack_snap, root file is source/sx.txt, batch_num is 8, batch_size is 724668
read: 0.006783s
|E|=36233445
|V|=6024259
streaming total time 3.535179s
|V|=6024259
Intersection Graph Marked: 0.750102s
Version Time: 0.180910
direct hop total time 0.913394s
work sharing total time 0.731246s
CommonGraph total time 0.731246s
Running: build/SSWPbaseline /home/xyin014/graph/sx/stack_snap source/sx.txt 16 0.01 0
read: 15.070938s
loading graph /home/xyin014/graph/sx/stack_snap, root file is source/sx.txt, batch_num is 16, batch_size is 362334
read: 0.006482s
|E|=36233445
|V|=6024259
streaming total time 3.285970s
|V|=6024259
Intersection Graph Marked: 0.786370s
Version Time: 0.144807
direct hop total time 1.675049s
work sharing total time 1.326851s
CommonGraph total time 1.326851s
Running: build/SSWPbaseline /home/xyin014/graph/sx/stack_snap source/sx.txt 16 0.01 1
read: 15.043544s
loading graph /home/xyin014/graph/sx/stack_snap, root file is source/sx.txt, batch_num is 16, batch_size is 362334
read: 0.006642s
|E|=36233445
|V|=6024259
streaming total time 4.061883s
|V|=6024259
Intersection Graph Marked: 0.759386s
Version Time: 0.131332
direct hop total time 1.692829s
work sharing total time 1.282617s
CommonGraph total time 1.282617s
Running: build/SSWPbaseline /home/xyin014/graph/sx/stack_snap source/sx.txt 16 0.01 2
read: 15.056567s
loading graph /home/xyin014/graph/sx/stack_snap, root file is source/sx.txt, batch_num is 16, batch_size is 362334
read: 0.006658s
|E|=36233445
|V|=6024259
streaming total time 2.859037s
|V|=6024259
Intersection Graph Marked: 0.706114s
Version Time: 0.135490
direct hop total time 1.723408s
work sharing total time 1.308858s
CommonGraph total time 1.308858s
Running: build/SSWPbaseline /home/xyin014/graph/sx/stack_snap source/sx.txt 16 0.01 3
read: 15.061926s
loading graph /home/xyin014/graph/sx/stack_snap, root file is source/sx.txt, batch_num is 16, batch_size is 362334
read: 0.006471s
|E|=36233445
|V|=6024259
streaming total time 1.998208s
|V|=6024259
Intersection Graph Marked: 0.894408s
Version Time: 0.019324
direct hop total time 0.122963s
work sharing total time 0.078745s
CommonGraph total time 0.078745s
Running: build/SSWPbaseline /home/xyin014/graph/sx/stack_snap source/sx.txt 16 0.01 4
read: 15.046572s
loading graph /home/xyin014/graph/sx/stack_snap, root file is source/sx.txt, batch_num is 16, batch_size is 362334
read: 0.006681s
|E|=36233445
|V|=6024259
streaming total time 3.386222s
|V|=6024259
Intersection Graph Marked: 0.682355s
Version Time: 0.140203
direct hop total time 1.922930s
work sharing total time 1.298300s
CommonGraph total time 1.298300s
Running: build/SSWPbaseline /home/xyin014/graph/sx/stack_snap source/sx.txt 16 0.01 5
read: 15.073109s
loading graph /home/xyin014/graph/sx/stack_snap, root file is source/sx.txt, batch_num is 16, batch_size is 362334
read: 0.006455s
|E|=36233445
|V|=6024259
streaming total time 3.042038s
|V|=6024259
Intersection Graph Marked: 0.683012s
Version Time: 0.147098
direct hop total time 1.662777s
work sharing total time 1.291100s
CommonGraph total time 1.291100s
Running: build/SSWPbaseline /home/xyin014/graph/sx/stack_snap source/sx.txt 16 0.01 6
read: 15.069653s
loading graph /home/xyin014/graph/sx/stack_snap, root file is source/sx.txt, batch_num is 16, batch_size is 362334
read: 0.006572s
|E|=36233445
|V|=6024259
streaming total time 2.898938s
|V|=6024259
Intersection Graph Marked: 0.781188s
Version Time: 0.004114
direct hop total time 0.128484s
work sharing total time 0.070766s
CommonGraph total time 0.070766s
Running: build/SSWPbaseline /home/xyin014/graph/sx/stack_snap source/sx.txt 16 0.01 7
read: 15.058430s
loading graph /home/xyin014/graph/sx/stack_snap, root file is source/sx.txt, batch_num is 16, batch_size is 362334
read: 0.006564s
|E|=36233445
|V|=6024259
streaming total time 2.311532s
|V|=6024259
Intersection Graph Marked: 0.741339s
Version Time: 0.138105
direct hop total time 1.958526s
work sharing total time 1.503722s
CommonGraph total time 1.503722s
Running: build/SSWPbaseline /home/xyin014/graph/sx/stack_snap source/sx.txt 16 0.01 8
read: 15.076680s
loading graph /home/xyin014/graph/sx/stack_snap, root file is source/sx.txt, batch_num is 16, batch_size is 362334
read: 0.006596s
|E|=36233445
|V|=6024259
streaming total time 3.994351s
|V|=6024259
Intersection Graph Marked: 0.806956s
Version Time: 0.145834
direct hop total time 3.847134s
work sharing total time 1.404372s
CommonGraph total time 1.404372s
Running: build/SSWPbaseline /home/xyin014/graph/sx/stack_snap source/sx.txt 16 0.01 9
read: 15.067160s
loading graph /home/xyin014/graph/sx/stack_snap, root file is source/sx.txt, batch_num is 16, batch_size is 362334
read: 0.006505s
|E|=36233445
|V|=6024259
streaming total time 3.199909s
|V|=6024259
Intersection Graph Marked: 0.692513s
Version Time: 0.181016
direct hop total time 1.752155s
work sharing total time 1.291899s
CommonGraph total time 1.291899s
Running: build/SSWPbaseline /home/xyin014/graph/sx/stack_snap source/sx.txt 16 0.01 10
read: 15.069596s
loading graph /home/xyin014/graph/sx/stack_snap, root file is source/sx.txt, batch_num is 16, batch_size is 362334
read: 0.006454s
|E|=36233445
|V|=6024259
streaming total time 4.148948s
|V|=6024259
Intersection Graph Marked: 0.813450s
Version Time: 0.160775
direct hop total time 1.689943s
work sharing total time 1.317950s
CommonGraph total time 1.317950s
Running: build/SSWPbaseline /home/xyin014/graph/sx/stack_snap source/sx.txt 16 0.01 11
read: 15.077809s
loading graph /home/xyin014/graph/sx/stack_snap, root file is source/sx.txt, batch_num is 16, batch_size is 362334
read: 0.006453s
|E|=36233445
|V|=6024259
streaming total time 1.723714s
|V|=6024259
Intersection Graph Marked: 0.643216s
Version Time: 0.010504
direct hop total time 0.141441s
work sharing total time 0.087393s
CommonGraph total time 0.087393s
Running: build/SSWPbaseline /home/xyin014/graph/sx/stack_snap source/sx.txt 16 0.01 12
read: 15.057277s
loading graph /home/xyin014/graph/sx/stack_snap, root file is source/sx.txt, batch_num is 16, batch_size is 362334
read: 0.006611s
|E|=36233445
|V|=6024259
streaming total time 3.070774s
|V|=6024259
Intersection Graph Marked: 0.772499s
Version Time: 0.054098
direct hop total time 0.135961s
work sharing total time 0.077020s
CommonGraph total time 0.077020s
Running: build/SSWPbaseline /home/xyin014/graph/sx/stack_snap source/sx.txt 16 0.01 13
read: 15.058888s
loading graph /home/xyin014/graph/sx/stack_snap, root file is source/sx.txt, batch_num is 16, batch_size is 362334
read: 0.006563s
|E|=36233445
|V|=6024259
streaming total time 2.750929s
|V|=6024259
Intersection Graph Marked: 0.733585s
Version Time: 0.053993
direct hop total time 0.120374s
work sharing total time 0.071626s
CommonGraph total time 0.071626s
Running: build/SSWPbaseline /home/xyin014/graph/sx/stack_snap source/sx.txt 16 0.01 14
read: 15.063336s
loading graph /home/xyin014/graph/sx/stack_snap, root file is source/sx.txt, batch_num is 16, batch_size is 362334
read: 0.006748s
|E|=36233445
|V|=6024259
streaming total time 1.908123s
|V|=6024259
Intersection Graph Marked: 0.792694s
Version Time: 0.013350
direct hop total time 0.123276s
work sharing total time 0.093168s
CommonGraph total time 0.093168s
Running: build/SSWPbaseline /home/xyin014/graph/sx/stack_snap source/sx.txt 16 0.01 15
read: 15.045716s
loading graph /home/xyin014/graph/sx/stack_snap, root file is source/sx.txt, batch_num is 16, batch_size is 362334
read: 0.006475s
|E|=36233445
|V|=6024259
streaming total time 3.690052s
|V|=6024259
Intersection Graph Marked: 0.803472s
Version Time: 0.180324
direct hop total time 1.656373s
work sharing total time 1.302826s
CommonGraph total time 1.302826s
Running: build/SSWPbaseline /home/xyin014/graph/sx/stack_snap source/sx.txt 32 0.005 0
read: 15.086575s
loading graph /home/xyin014/graph/sx/stack_snap, root file is source/sx.txt, batch_num is 32, batch_size is 181167
read: 0.006492s
|E|=36233445
|V|=6024259
streaming total time 3.288301s
|V|=6024259
Intersection Graph Marked: 0.689015s
Version Time: 0.142371
direct hop total time 3.429593s
work sharing total time 2.427265s
CommonGraph total time 2.427265s
Running: build/SSWPbaseline /home/xyin014/graph/sx/stack_snap source/sx.txt 32 0.005 1
read: 15.072617s
loading graph /home/xyin014/graph/sx/stack_snap, root file is source/sx.txt, batch_num is 32, batch_size is 181167
read: 0.006530s
|E|=36233445
|V|=6024259
streaming total time 2.696562s
|V|=6024259
Intersection Graph Marked: 0.723636s
Version Time: 0.126702
direct hop total time 3.347530s
work sharing total time 2.252195s
CommonGraph total time 2.252195s
Running: build/SSWPbaseline /home/xyin014/graph/sx/stack_snap source/sx.txt 32 0.005 2
read: 15.060426s
loading graph /home/xyin014/graph/sx/stack_snap, root file is source/sx.txt, batch_num is 32, batch_size is 181167
read: 0.006448s
|E|=36233445
|V|=6024259
streaming total time 2.828887s
|V|=6024259
Intersection Graph Marked: 0.774284s
Version Time: 0.137152
direct hop total time 3.280278s
work sharing total time 2.207830s
CommonGraph total time 2.207830s
Running: build/SSWPbaseline /home/xyin014/graph/sx/stack_snap source/sx.txt 32 0.005 3
read: 15.073355s
loading graph /home/xyin014/graph/sx/stack_snap, root file is source/sx.txt, batch_num is 32, batch_size is 181167
read: 0.006530s
|E|=36233445
|V|=6024259
streaming total time 1.707335s
|V|=6024259
Intersection Graph Marked: 0.745867s
Version Time: 0.006899
direct hop total time 0.226588s
work sharing total time 0.142201s
CommonGraph total time 0.142201s
Running: build/SSWPbaseline /home/xyin014/graph/sx/stack_snap source/sx.txt 32 0.005 4
read: 15.075573s
loading graph /home/xyin014/graph/sx/stack_snap, root file is source/sx.txt, batch_num is 32, batch_size is 181167
read: 0.010369s
|E|=36233445
|V|=6024259
streaming total time 2.790540s
|V|=6024259
Intersection Graph Marked: 0.672094s
Version Time: 0.268203
direct hop total time 3.834899s
work sharing total time 2.474334s
CommonGraph total time 2.474334s
Running: build/SSWPbaseline /home/xyin014/graph/sx/stack_snap source/sx.txt 32 0.005 5
read: 15.080839s
loading graph /home/xyin014/graph/sx/stack_snap, root file is source/sx.txt, batch_num is 32, batch_size is 181167
read: 0.006481s
|E|=36233445
|V|=6024259
streaming total time 2.676140s
|V|=6024259
Intersection Graph Marked: 0.816704s
Version Time: 0.140326
direct hop total time 3.250575s
work sharing total time 2.317639s
CommonGraph total time 2.317639s
Running: build/SSWPbaseline /home/xyin014/graph/sx/stack_snap source/sx.txt 32 0.005 6
read: 15.065935s
loading graph /home/xyin014/graph/sx/stack_snap, root file is source/sx.txt, batch_num is 32, batch_size is 181167
read: 0.006442s
|E|=36233445
|V|=6024259
streaming total time 2.427251s
|V|=6024259
Intersection Graph Marked: 0.749139s
Version Time: 0.004100
direct hop total time 0.220138s
work sharing total time 0.125100s
CommonGraph total time 0.125100s
Running: build/SSWPbaseline /home/xyin014/graph/sx/stack_snap source/sx.txt 32 0.005 7
read: 15.056780s
loading graph /home/xyin014/graph/sx/stack_snap, root file is source/sx.txt, batch_num is 32, batch_size is 181167
read: 0.006419s
|E|=36233445
|V|=6024259
streaming total time 3.058257s
|V|=6024259
Intersection Graph Marked: 0.645013s
Version Time: 0.141569
direct hop total time 3.730663s
work sharing total time 2.412365s
CommonGraph total time 2.412365s
Running: build/SSWPbaseline /home/xyin014/graph/sx/stack_snap source/sx.txt 32 0.005 8
read: 15.078507s
loading graph /home/xyin014/graph/sx/stack_snap, root file is source/sx.txt, batch_num is 32, batch_size is 181167
read: 0.006715s
|E|=36233445
|V|=6024259
streaming total time 4.142900s
|V|=6024259
Intersection Graph Marked: 0.711895s
Version Time: 1.060350
direct hop total time 7.623020s
work sharing total time 2.488156s
CommonGraph total time 2.488156s
Running: build/SSWPbaseline /home/xyin014/graph/sx/stack_snap source/sx.txt 32 0.005 9
read: 15.065758s
loading graph /home/xyin014/graph/sx/stack_snap, root file is source/sx.txt, batch_num is 32, batch_size is 181167
read: 0.006479s
|E|=36233445
|V|=6024259
streaming total time 2.872454s
|V|=6024259
Intersection Graph Marked: 0.799497s
Version Time: 0.144174
direct hop total time 3.637108s
work sharing total time 2.711534s
CommonGraph total time 2.711534s
Running: build/SSWPbaseline /home/xyin014/graph/sx/stack_snap source/sx.txt 32 0.005 10
read: 15.047503s
loading graph /home/xyin014/graph/sx/stack_snap, root file is source/sx.txt, batch_num is 32, batch_size is 181167
read: 0.006462s
|E|=36233445
|V|=6024259
streaming total time 3.124793s
|V|=6024259
Intersection Graph Marked: 0.801168s
Version Time: 0.156601
direct hop total time 3.742140s
work sharing total time 2.633572s
CommonGraph total time 2.633572s
Running: build/SSWPbaseline /home/xyin014/graph/sx/stack_snap source/sx.txt 32 0.005 11
read: 15.070572s
loading graph /home/xyin014/graph/sx/stack_snap, root file is source/sx.txt, batch_num is 32, batch_size is 181167
read: 0.006523s
|E|=36233445
|V|=6024259
streaming total time 2.503406s
|V|=6024259
Intersection Graph Marked: 0.654263s
Version Time: 0.004269
direct hop total time 0.226134s
work sharing total time 0.128463s
CommonGraph total time 0.128463s
Running: build/SSWPbaseline /home/xyin014/graph/sx/stack_snap source/sx.txt 32 0.005 12
read: 15.043727s
loading graph /home/xyin014/graph/sx/stack_snap, root file is source/sx.txt, batch_num is 32, batch_size is 181167
read: 0.006568s
|E|=36233445
|V|=6024259
streaming total time 2.167071s
|V|=6024259
Intersection Graph Marked: 0.674961s
Version Time: 0.004105
direct hop total time 0.235190s
work sharing total time 0.139772s
CommonGraph total time 0.139772s
Running: build/SSWPbaseline /home/xyin014/graph/sx/stack_snap source/sx.txt 32 0.005 13
read: 15.088420s
loading graph /home/xyin014/graph/sx/stack_snap, root file is source/sx.txt, batch_num is 32, batch_size is 181167
read: 0.006486s
|E|=36233445
|V|=6024259
streaming total time 2.215107s
|V|=6024259
Intersection Graph Marked: 0.648601s
Version Time: 0.004135
direct hop total time 0.218851s
work sharing total time 0.151670s
CommonGraph total time 0.151670s
Running: build/SSWPbaseline /home/xyin014/graph/sx/stack_snap source/sx.txt 32 0.005 14
read: 15.201196s
loading graph /home/xyin014/graph/sx/stack_snap, root file is source/sx.txt, batch_num is 32, batch_size is 181167
read: 0.006737s
|E|=36233445
|V|=6024259
streaming total time 1.704336s
|V|=6024259
Intersection Graph Marked: 0.769861s
Version Time: 0.007118
direct hop total time 0.231967s
work sharing total time 0.129473s
CommonGraph total time 0.129473s
Running: build/SSWPbaseline /home/xyin014/graph/sx/stack_snap source/sx.txt 32 0.005 15
read: 15.020810s
loading graph /home/xyin014/graph/sx/stack_snap, root file is source/sx.txt, batch_num is 32, batch_size is 181167
read: 0.006566s
|E|=36233445
|V|=6024259
streaming total time 2.938575s
|V|=6024259
Intersection Graph Marked: 0.790161s
Version Time: 0.168376
direct hop total time 3.322927s
work sharing total time 2.203079s
CommonGraph total time 2.203079s
Running: build/SSWPbaseline /home/xyin014/graph/sx/stack_snap source/sx.txt 64 0.0025 0
read: 15.068699s
loading graph /home/xyin014/graph/sx/stack_snap, root file is source/sx.txt, batch_num is 64, batch_size is 90583
read: 0.006679s
|E|=36233445
|V|=6024259
streaming total time 3.383714s
|V|=6024259
Intersection Graph Marked: 0.668833s
Version Time: 0.140223
direct hop total time 6.425231s
work sharing total time 4.373590s
CommonGraph total time 4.373590s
Running: build/SSWPbaseline /home/xyin014/graph/sx/stack_snap source/sx.txt 64 0.0025 1
read: 15.051818s
loading graph /home/xyin014/graph/sx/stack_snap, root file is source/sx.txt, batch_num is 64, batch_size is 90583
read: 0.006462s
|E|=36233445
|V|=6024259
streaming total time 3.633630s
|V|=6024259
Intersection Graph Marked: 0.726520s
Version Time: 0.131431
direct hop total time 6.250532s
work sharing total time 4.890590s
CommonGraph total time 4.890590s
Running: build/SSWPbaseline /home/xyin014/graph/sx/stack_snap source/sx.txt 64 0.0025 2
read: 15.074648s
loading graph /home/xyin014/graph/sx/stack_snap, root file is source/sx.txt, batch_num is 64, batch_size is 90583
read: 0.006588s
|E|=36233445
|V|=6024259
streaming total time 3.857821s
|V|=6024259
Intersection Graph Marked: 0.854063s
Version Time: 0.132691
direct hop total time 7.540298s
work sharing total time 4.869328s
CommonGraph total time 4.869328s
Running: build/SSWPbaseline /home/xyin014/graph/sx/stack_snap source/sx.txt 64 0.0025 3
read: 15.033823s
loading graph /home/xyin014/graph/sx/stack_snap, root file is source/sx.txt, batch_num is 64, batch_size is 90583
read: 0.006475s
|E|=36233445
|V|=6024259
streaming total time 1.305918s
|V|=6024259
Intersection Graph Marked: 0.688941s
Version Time: 0.009288
direct hop total time 0.428327s
work sharing total time 0.246622s
CommonGraph total time 0.246622s
Running: build/SSWPbaseline /home/xyin014/graph/sx/stack_snap source/sx.txt 64 0.0025 4
read: 15.063119s
loading graph /home/xyin014/graph/sx/stack_snap, root file is source/sx.txt, batch_num is 64, batch_size is 90583
read: 0.006550s
|E|=36233445
|V|=6024259
streaming total time 3.604195s
|V|=6024259
Intersection Graph Marked: 0.658473s
Version Time: 0.141852
direct hop total time 6.429068s
work sharing total time 4.475727s
CommonGraph total time 4.475727s
Running: build/SSWPbaseline /home/xyin014/graph/sx/stack_snap source/sx.txt 64 0.0025 5
read: 15.124509s
loading graph /home/xyin014/graph/sx/stack_snap, root file is source/sx.txt, batch_num is 64, batch_size is 90583
read: 0.006577s
|E|=36233445
|V|=6024259
streaming total time 3.259439s
|V|=6024259
Intersection Graph Marked: 0.675385s
Version Time: 0.164263
direct hop total time 7.051657s
work sharing total time 4.624653s
CommonGraph total time 4.624653s
Running: build/SSWPbaseline /home/xyin014/graph/sx/stack_snap source/sx.txt 64 0.0025 6
read: 15.081234s
loading graph /home/xyin014/graph/sx/stack_snap, root file is source/sx.txt, batch_num is 64, batch_size is 90583
read: 0.006566s
|E|=36233445
|V|=6024259
streaming total time 2.022224s
|V|=6024259
Intersection Graph Marked: 0.769403s
Version Time: 0.010404
direct hop total time 0.420877s
work sharing total time 0.242232s
CommonGraph total time 0.242232s
Running: build/SSWPbaseline /home/xyin014/graph/sx/stack_snap source/sx.txt 64 0.0025 7
read: 15.075398s
loading graph /home/xyin014/graph/sx/stack_snap, root file is source/sx.txt, batch_num is 64, batch_size is 90583
read: 0.006482s
|E|=36233445
|V|=6024259
streaming total time 3.426668s
|V|=6024259
Intersection Graph Marked: 0.713872s
Version Time: 0.462115
direct hop total time 6.481966s
work sharing total time 4.591735s
CommonGraph total time 4.591735s
Running: build/SSWPbaseline /home/xyin014/graph/sx/stack_snap source/sx.txt 64 0.0025 8
read: 15.047950s
loading graph /home/xyin014/graph/sx/stack_snap, root file is source/sx.txt, batch_num is 64, batch_size is 90583
read: 0.006453s
|E|=36233445
|V|=6024259
streaming total time 3.984864s
|V|=6024259
Intersection Graph Marked: 0.671358s
Version Time: 0.135204
direct hop total time 14.200510s
work sharing total time 4.370241s
CommonGraph total time 4.370241s
Running: build/SSWPbaseline /home/xyin014/graph/sx/stack_snap source/sx.txt 64 0.0025 9
read: 15.055127s
loading graph /home/xyin014/graph/sx/stack_snap, root file is source/sx.txt, batch_num is 64, batch_size is 90583
read: 0.006511s
|E|=36233445
|V|=6024259
streaming total time 2.840506s
|V|=6024259
Intersection Graph Marked: 0.768496s
Version Time: 1.016923
direct hop total time 6.234045s
work sharing total time 4.307419s
CommonGraph total time 4.307419s
Running: build/SSWPbaseline /home/xyin014/graph/sx/stack_snap source/sx.txt 64 0.0025 10
read: 15.074743s
loading graph /home/xyin014/graph/sx/stack_snap, root file is source/sx.txt, batch_num is 64, batch_size is 90583
read: 0.006752s
|E|=36233445
|V|=6024259
streaming total time 3.286085s
|V|=6024259
Intersection Graph Marked: 0.729559s
Version Time: 0.156877
direct hop total time 7.040408s
work sharing total time 4.824929s
CommonGraph total time 4.824929s
Running: build/SSWPbaseline /home/xyin014/graph/sx/stack_snap source/sx.txt 64 0.0025 11
read: 15.048426s
loading graph /home/xyin014/graph/sx/stack_snap, root file is source/sx.txt, batch_num is 64, batch_size is 90583
read: 0.006483s
|E|=36233445
|V|=6024259
streaming total time 2.334820s
|V|=6024259
Intersection Graph Marked: 0.667753s
Version Time: 0.004077
direct hop total time 0.414766s
work sharing total time 0.256293s
CommonGraph total time 0.256293s
Running: build/SSWPbaseline /home/xyin014/graph/sx/stack_snap source/sx.txt 64 0.0025 12
read: 15.104363s
loading graph /home/xyin014/graph/sx/stack_snap, root file is source/sx.txt, batch_num is 64, batch_size is 90583
read: 0.006370s
|E|=36233445
|V|=6024259
streaming total time 1.896683s
|V|=6024259
Intersection Graph Marked: 0.769468s
Version Time: 0.004095
direct hop total time 0.426291s
work sharing total time 0.245707s
CommonGraph total time 0.245707s
Running: build/SSWPbaseline /home/xyin014/graph/sx/stack_snap source/sx.txt 64 0.0025 13
read: 15.189877s
loading graph /home/xyin014/graph/sx/stack_snap, root file is source/sx.txt, batch_num is 64, batch_size is 90583
read: 0.006521s
|E|=36233445
|V|=6024259
streaming total time 2.086223s
|V|=6024259
Intersection Graph Marked: 0.691697s
Version Time: 0.004058
direct hop total time 0.420165s
work sharing total time 0.249290s
CommonGraph total time 0.249290s
Running: build/SSWPbaseline /home/xyin014/graph/sx/stack_snap source/sx.txt 64 0.0025 14
read: 15.050454s
loading graph /home/xyin014/graph/sx/stack_snap, root file is source/sx.txt, batch_num is 64, batch_size is 90583
read: 0.006621s
|E|=36233445
|V|=6024259
streaming total time 1.298894s
|V|=6024259
Intersection Graph Marked: 0.879982s
Version Time: 0.006942
direct hop total time 0.414844s
work sharing total time 0.251510s
CommonGraph total time 0.251510s
Running: build/SSWPbaseline /home/xyin014/graph/sx/stack_snap source/sx.txt 64 0.0025 15
read: 15.036608s
loading graph /home/xyin014/graph/sx/stack_snap, root file is source/sx.txt, batch_num is 64, batch_size is 90583
read: 0.006531s
|E|=36233445
|V|=6024259
streaming total time 3.626211s
|V|=6024259
Intersection Graph Marked: 0.655611s
Version Time: 0.348887
direct hop total time 6.150600s
work sharing total time 4.468664s
CommonGraph total time 4.468664s
Running: build/SSWPbaseline /home/xyin014/graph/wiki/snap_wiki source/wiki_src.txt 8 0.02 0
read: 5.838481s
loading graph /home/xyin014/graph/wiki/snap_wiki, root file is source/wiki_src.txt, batch_num is 8, batch_size is 292273
read: 0.013582s
|E|=14613674
|V|=1870709
streaming total time 14.367698s
|V|=1870709
Intersection Graph Marked: 28.881841s
Version Time: 0.001424
direct hop total time 0.335170s
work sharing total time 0.274020s
CommonGraph total time 0.274020s
Running: build/SSWPbaseline /home/xyin014/graph/wiki/snap_wiki source/wiki_src.txt 8 0.02 1
read: 5.822511s
loading graph /home/xyin014/graph/wiki/snap_wiki, root file is source/wiki_src.txt, batch_num is 8, batch_size is 292273
read: 0.002594s
|E|=14613674
|V|=1870709
streaming total time 11.395716s
|V|=1870709
Intersection Graph Marked: 37.019050s
Version Time: 0.398741
direct hop total time 0.708784s
work sharing total time 0.653145s
CommonGraph total time 0.653145s
Running: build/SSWPbaseline /home/xyin014/graph/wiki/snap_wiki source/wiki_src.txt 8 0.02 2
read: 5.808917s
loading graph /home/xyin014/graph/wiki/snap_wiki, root file is source/wiki_src.txt, batch_num is 8, batch_size is 292273
read: 0.002609s
|E|=14613674
|V|=1870709
streaming total time 10.983391s
|V|=1870709
Intersection Graph Marked: 28.748064s
Version Time: 0.364258
direct hop total time 0.619479s
work sharing total time 0.638522s
CommonGraph total time 0.638522s
Running: build/SSWPbaseline /home/xyin014/graph/wiki/snap_wiki source/wiki_src.txt 8 0.02 3
read: 5.812208s
loading graph /home/xyin014/graph/wiki/snap_wiki, root file is source/wiki_src.txt, batch_num is 8, batch_size is 292273
read: 0.002538s
|E|=14613674
|V|=1870709
streaming total time 15.891976s
|V|=1870709
Intersection Graph Marked: 26.656525s
Version Time: 0.464723
direct hop total time 0.816081s
work sharing total time 0.747149s
CommonGraph total time 0.747149s
Running: build/SSWPbaseline /home/xyin014/graph/wiki/snap_wiki source/wiki_src.txt 8 0.02 4
read: 5.828287s
loading graph /home/xyin014/graph/wiki/snap_wiki, root file is source/wiki_src.txt, batch_num is 8, batch_size is 292273
read: 0.002656s
|E|=14613674
|V|=1870709
streaming total time 10.886147s
|V|=1870709
Intersection Graph Marked: 25.457981s
Version Time: 0.347314
direct hop total time 0.669675s
work sharing total time 0.685145s
CommonGraph total time 0.685145s
Running: build/SSWPbaseline /home/xyin014/graph/wiki/snap_wiki source/wiki_src.txt 8 0.02 5
read: 5.795423s
loading graph /home/xyin014/graph/wiki/snap_wiki, root file is source/wiki_src.txt, batch_num is 8, batch_size is 292273
read: 0.002555s
|E|=14613674
|V|=1870709
streaming total time 11.940676s
|V|=1870709
Intersection Graph Marked: 26.719989s
Version Time: 0.458003
direct hop total time 0.704073s
work sharing total time 0.733997s
CommonGraph total time 0.733997s
Running: build/SSWPbaseline /home/xyin014/graph/wiki/snap_wiki source/wiki_src.txt 8 0.02 6
read: 5.812796s
loading graph /home/xyin014/graph/wiki/snap_wiki, root file is source/wiki_src.txt, batch_num is 8, batch_size is 292273
read: 0.002638s
|E|=14613674
|V|=1870709
streaming total time 11.652633s
|V|=1870709
Intersection Graph Marked: 24.508658s
Version Time: 0.234591
direct hop total time 0.495698s
work sharing total time 0.449111s
CommonGraph total time 0.449111s
Running: build/SSWPbaseline /home/xyin014/graph/wiki/snap_wiki source/wiki_src.txt 8 0.02 7
read: 5.818803s
loading graph /home/xyin014/graph/wiki/snap_wiki, root file is source/wiki_src.txt, batch_num is 8, batch_size is 292273
read: 0.002536s
|E|=14613674
|V|=1870709
streaming total time 11.217642s
|V|=1870709
Intersection Graph Marked: 26.338510s
Version Time: 0.504307
direct hop total time 0.755591s
work sharing total time 0.816030s
CommonGraph total time 0.816030s
Running: build/SSWPbaseline /home/xyin014/graph/wiki/snap_wiki source/wiki_src.txt 8 0.02 8
read: 5.804422s
loading graph /home/xyin014/graph/wiki/snap_wiki, root file is source/wiki_src.txt, batch_num is 8, batch_size is 292273
read: 0.002573s
|E|=14613674
|V|=1870709
streaming total time 11.595529s
|V|=1870709
Intersection Graph Marked: 39.746001s
Version Time: 0.339512
direct hop total time 0.661613s
work sharing total time 0.620836s
CommonGraph total time 0.620836s
Running: build/SSWPbaseline /home/xyin014/graph/wiki/snap_wiki source/wiki_src.txt 8 0.02 9
read: 5.835426s
loading graph /home/xyin014/graph/wiki/snap_wiki, root file is source/wiki_src.txt, batch_num is 8, batch_size is 292273
read: 0.006841s
|E|=14613674
|V|=1870709
streaming total time 10.647328s
|V|=1870709
Intersection Graph Marked: 29.315585s
Version Time: 0.382113
direct hop total time 0.592386s
work sharing total time 0.602057s
CommonGraph total time 0.602057s
Running: build/SSWPbaseline /home/xyin014/graph/wiki/snap_wiki source/wiki_src.txt 8 0.02 10
read: 5.956644s
loading graph /home/xyin014/graph/wiki/snap_wiki, root file is source/wiki_src.txt, batch_num is 8, batch_size is 292273
read: 0.002630s
|E|=14613674
|V|=1870709
streaming total time 10.300332s
|V|=1870709
Intersection Graph Marked: 38.253571s
Version Time: 0.357315
direct hop total time 0.583665s
work sharing total time 0.590997s
CommonGraph total time 0.590997s
Running: build/SSWPbaseline /home/xyin014/graph/wiki/snap_wiki source/wiki_src.txt 8 0.02 11
read: 5.867648s
loading graph /home/xyin014/graph/wiki/snap_wiki, root file is source/wiki_src.txt, batch_num is 8, batch_size is 292273
read: 0.002613s
|E|=14613674
|V|=1870709
streaming total time 11.943372s
|V|=1870709
Intersection Graph Marked: 25.327387s
Version Time: 0.405733
direct hop total time 0.896386s
work sharing total time 0.982306s
CommonGraph total time 0.982306s
Running: build/SSWPbaseline /home/xyin014/graph/wiki/snap_wiki source/wiki_src.txt 8 0.02 12
read: 5.806316s
loading graph /home/xyin014/graph/wiki/snap_wiki, root file is source/wiki_src.txt, batch_num is 8, batch_size is 292273
read: 0.002608s
|E|=14613674
|V|=1870709
streaming total time 12.675909s
|V|=1870709
Intersection Graph Marked: 24.999595s
Version Time: 0.255105
direct hop total time 0.457168s
work sharing total time 0.384910s
CommonGraph total time 0.384910s
Running: build/SSWPbaseline /home/xyin014/graph/wiki/snap_wiki source/wiki_src.txt 8 0.02 13
read: 5.809863s
loading graph /home/xyin014/graph/wiki/snap_wiki, root file is source/wiki_src.txt, batch_num is 8, batch_size is 292273
read: 0.002591s
|E|=14613674
|V|=1870709
streaming total time 12.436130s
|V|=1870709
Intersection Graph Marked: 25.846273s
Version Time: 0.393028
direct hop total time 1.021147s
work sharing total time 1.021490s
CommonGraph total time 1.021490s
Running: build/SSWPbaseline /home/xyin014/graph/wiki/snap_wiki source/wiki_src.txt 8 0.02 14
read: 5.818648s
loading graph /home/xyin014/graph/wiki/snap_wiki, root file is source/wiki_src.txt, batch_num is 8, batch_size is 292273
read: 0.002671s
|E|=14613674
|V|=1870709
streaming total time 11.434465s
|V|=1870709
Intersection Graph Marked: 25.318060s
Version Time: 0.394943
direct hop total time 0.926437s
work sharing total time 0.969302s
CommonGraph total time 0.969302s
Running: build/SSWPbaseline /home/xyin014/graph/wiki/snap_wiki source/wiki_src.txt 8 0.02 15
read: 5.867218s
loading graph /home/xyin014/graph/wiki/snap_wiki, root file is source/wiki_src.txt, batch_num is 8, batch_size is 292273
read: 0.002625s
|E|=14613674
|V|=1870709
streaming total time 10.470718s
|V|=1870709
Intersection Graph Marked: 29.474257s
Version Time: 0.408615
direct hop total time 0.712439s
work sharing total time 0.666209s
CommonGraph total time 0.666209s
Running: build/SSWPbaseline /home/xyin014/graph/wiki/snap_wiki source/wiki_src.txt 16 0.01 0
read: 5.806353s
loading graph /home/xyin014/graph/wiki/snap_wiki, root file is source/wiki_src.txt, batch_num is 16, batch_size is 146136
read: 0.002552s
|E|=14613674
|V|=1870709
streaming total time 12.159340s
|V|=1870709
Intersection Graph Marked: 24.899361s
Version Time: 0.001733
direct hop total time 0.561828s
work sharing total time 0.490547s
CommonGraph total time 0.490547s
Running: build/SSWPbaseline /home/xyin014/graph/wiki/snap_wiki source/wiki_src.txt 16 0.01 1
read: 5.818926s
loading graph /home/xyin014/graph/wiki/snap_wiki, root file is source/wiki_src.txt, batch_num is 16, batch_size is 146136
read: 0.002584s
|E|=14613674
|V|=1870709
streaming total time 11.683878s
|V|=1870709
Intersection Graph Marked: 25.236745s
Version Time: 0.405233
direct hop total time 1.346378s
work sharing total time 1.271320s
CommonGraph total time 1.271320s
Running: build/SSWPbaseline /home/xyin014/graph/wiki/snap_wiki source/wiki_src.txt 16 0.01 2
read: 5.860428s
loading graph /home/xyin014/graph/wiki/snap_wiki, root file is source/wiki_src.txt, batch_num is 16, batch_size is 146136
read: 0.002585s
|E|=14613674
|V|=1870709
streaming total time 11.746354s
|V|=1870709
Intersection Graph Marked: 24.372196s
Version Time: 0.365022
direct hop total time 1.092458s
work sharing total time 1.024155s
CommonGraph total time 1.024155s
Running: build/SSWPbaseline /home/xyin014/graph/wiki/snap_wiki source/wiki_src.txt 16 0.01 3
read: 5.817243s
loading graph /home/xyin014/graph/wiki/snap_wiki, root file is source/wiki_src.txt, batch_num is 16, batch_size is 146136
read: 0.002897s
|E|=14613674
|V|=1870709
streaming total time 12.521544s
|V|=1870709
Intersection Graph Marked: 26.051103s
Version Time: 0.514056
direct hop total time 1.548738s
work sharing total time 1.452389s
CommonGraph total time 1.452389s
Running: build/SSWPbaseline /home/xyin014/graph/wiki/snap_wiki source/wiki_src.txt 16 0.01 4
read: 5.817370s
loading graph /home/xyin014/graph/wiki/snap_wiki, root file is source/wiki_src.txt, batch_num is 16, batch_size is 146136
read: 0.002997s
|E|=14613674
|V|=1870709
streaming total time 17.285313s
|V|=1870709
Intersection Graph Marked: 25.275897s
Version Time: 0.356992
direct hop total time 1.207221s
work sharing total time 1.150590s
CommonGraph total time 1.150590s
Running: build/SSWPbaseline /home/xyin014/graph/wiki/snap_wiki source/wiki_src.txt 16 0.01 5
read: 5.819257s
loading graph /home/xyin014/graph/wiki/snap_wiki, root file is source/wiki_src.txt, batch_num is 16, batch_size is 146136
read: 0.002635s
|E|=14613674
|V|=1870709
streaming total time 13.490477s
|V|=1870709
Intersection Graph Marked: 64.195039s
Version Time: 0.461258
direct hop total time 1.422982s
work sharing total time 1.402011s
CommonGraph total time 1.402011s
Running: build/SSWPbaseline /home/xyin014/graph/wiki/snap_wiki source/wiki_src.txt 16 0.01 6
read: 5.798850s
loading graph /home/xyin014/graph/wiki/snap_wiki, root file is source/wiki_src.txt, batch_num is 16, batch_size is 146136
read: 0.002574s
|E|=14613674
|V|=1870709
streaming total time 11.606591s
|V|=1870709
Intersection Graph Marked: 25.103602s
Version Time: 0.265827
direct hop total time 0.864830s
work sharing total time 0.983514s
CommonGraph total time 0.983514s
Running: build/SSWPbaseline /home/xyin014/graph/wiki/snap_wiki source/wiki_src.txt 16 0.01 7
read: 5.811946s
loading graph /home/xyin014/graph/wiki/snap_wiki, root file is source/wiki_src.txt, batch_num is 16, batch_size is 146136
read: 0.002629s
|E|=14613674
|V|=1870709
streaming total time 11.632812s
|V|=1870709
Intersection Graph Marked: 24.881644s
Version Time: 0.581436
direct hop total time 1.486538s
work sharing total time 1.461825s
CommonGraph total time 1.461825s
Running: build/SSWPbaseline /home/xyin014/graph/wiki/snap_wiki source/wiki_src.txt 16 0.01 8
read: 5.815147s
loading graph /home/xyin014/graph/wiki/snap_wiki, root file is source/wiki_src.txt, batch_num is 16, batch_size is 146136
read: 0.002613s
|E|=14613674
|V|=1870709
streaming total time 10.550396s
|V|=1870709
Intersection Graph Marked: 28.785119s
Version Time: 0.405045
direct hop total time 1.130709s
work sharing total time 1.049219s
CommonGraph total time 1.049219s
Running: build/SSWPbaseline /home/xyin014/graph/wiki/snap_wiki source/wiki_src.txt 16 0.01 9
read: 5.817514s
loading graph /home/xyin014/graph/wiki/snap_wiki, root file is source/wiki_src.txt, batch_num is 16, batch_size is 146136
read: 0.003316s
|E|=14613674
|V|=1870709
streaming total time 11.305449s
|V|=1870709
Intersection Graph Marked: 35.130710s
Version Time: 0.425082
direct hop total time 1.298354s
work sharing total time 1.130141s
CommonGraph total time 1.130141s
Running: build/SSWPbaseline /home/xyin014/graph/wiki/snap_wiki source/wiki_src.txt 16 0.01 10
read: 5.822789s
loading graph /home/xyin014/graph/wiki/snap_wiki, root file is source/wiki_src.txt, batch_num is 16, batch_size is 146136
read: 0.002539s
|E|=14613674
|V|=1870709
streaming total time 11.846006s
|V|=1870709
Intersection Graph Marked: 28.489578s
Version Time: 0.380216
direct hop total time 0.973145s
work sharing total time 1.165897s
CommonGraph total time 1.165897s
Running: build/SSWPbaseline /home/xyin014/graph/wiki/snap_wiki source/wiki_src.txt 16 0.01 11
read: 5.815219s
loading graph /home/xyin014/graph/wiki/snap_wiki, root file is source/wiki_src.txt, batch_num is 16, batch_size is 146136
read: 0.002529s
|E|=14613674
|V|=1870709
streaming total time 11.991247s
|V|=1870709
Intersection Graph Marked: 27.759843s
Version Time: 0.481674
direct hop total time 1.957093s
work sharing total time 1.886431s
CommonGraph total time 1.886431s
Running: build/SSWPbaseline /home/xyin014/graph/wiki/snap_wiki source/wiki_src.txt 16 0.01 12
read: 5.809410s
loading graph /home/xyin014/graph/wiki/snap_wiki, root file is source/wiki_src.txt, batch_num is 16, batch_size is 146136
read: 0.002532s
|E|=14613674
|V|=1870709
streaming total time 16.852528s
|V|=1870709
Intersection Graph Marked: 29.651799s
Version Time: 0.258853
direct hop total time 0.845158s
work sharing total time 0.792635s
CommonGraph total time 0.792635s
Running: build/SSWPbaseline /home/xyin014/graph/wiki/snap_wiki source/wiki_src.txt 16 0.01 13
read: 5.810501s
loading graph /home/xyin014/graph/wiki/snap_wiki, root file is source/wiki_src.txt, batch_num is 16, batch_size is 146136
read: 0.002712s
|E|=14613674
|V|=1870709
streaming total time 12.185078s
|V|=1870709
Intersection Graph Marked: 26.968636s
Version Time: 0.461837
direct hop total time 1.725743s
work sharing total time 1.772173s
CommonGraph total time 1.772173s
Running: build/SSWPbaseline /home/xyin014/graph/wiki/snap_wiki source/wiki_src.txt 16 0.01 14
read: 5.817724s
loading graph /home/xyin014/graph/wiki/snap_wiki, root file is source/wiki_src.txt, batch_num is 16, batch_size is 146136
read: 0.002786s
|E|=14613674
|V|=1870709
streaming total time 12.726868s
|V|=1870709
Intersection Graph Marked: 25.790426s
Version Time: 0.444668
direct hop total time 1.822236s
work sharing total time 2.016838s
CommonGraph total time 2.016838s
Running: build/SSWPbaseline /home/xyin014/graph/wiki/snap_wiki source/wiki_src.txt 16 0.01 15
read: 5.815452s
loading graph /home/xyin014/graph/wiki/snap_wiki, root file is source/wiki_src.txt, batch_num is 16, batch_size is 146136
read: 0.002551s
|E|=14613674
|V|=1870709
streaming total time 12.271844s
|V|=1870709
Intersection Graph Marked: 24.610219s
Version Time: 0.405939
direct hop total time 1.306767s
work sharing total time 1.324300s
CommonGraph total time 1.324300s
Running: build/SSWPbaseline /home/xyin014/graph/wiki/snap_wiki source/wiki_src.txt 32 0.005 0
read: 5.822592s
loading graph /home/xyin014/graph/wiki/snap_wiki, root file is source/wiki_src.txt, batch_num is 32, batch_size is 73068
read: 0.002619s
|E|=14613674
|V|=1870709
streaming total time 14.367286s
|V|=1870709
Intersection Graph Marked: 24.698424s
Version Time: 0.003331
direct hop total time 0.927741s
work sharing total time 0.954666s
CommonGraph total time 0.954666s
Running: build/SSWPbaseline /home/xyin014/graph/wiki/snap_wiki source/wiki_src.txt 32 0.005 1
read: 5.815225s
loading graph /home/xyin014/graph/wiki/snap_wiki, root file is source/wiki_src.txt, batch_num is 32, batch_size is 73068
read: 0.002596s
|E|=14613674
|V|=1870709
streaming total time 11.027010s
|V|=1870709
Intersection Graph Marked: 42.418954s
Version Time: 0.403906
direct hop total time 2.754271s
work sharing total time 2.481100s
CommonGraph total time 2.481100s
Running: build/SSWPbaseline /home/xyin014/graph/wiki/snap_wiki source/wiki_src.txt 32 0.005 2
read: 5.808975s
loading graph /home/xyin014/graph/wiki/snap_wiki, root file is source/wiki_src.txt, batch_num is 32, batch_size is 73068
read: 0.002576s
|E|=14613674
|V|=1870709
streaming total time 11.153653s
|V|=1870709
Intersection Graph Marked: 26.010507s
Version Time: 0.393081
direct hop total time 2.162622s
work sharing total time 2.050420s
CommonGraph total time 2.050420s
Running: build/SSWPbaseline /home/xyin014/graph/wiki/snap_wiki source/wiki_src.txt 32 0.005 3
read: 5.781542s
loading graph /home/xyin014/graph/wiki/snap_wiki, root file is source/wiki_src.txt, batch_num is 32, batch_size is 73068
read: 0.002622s
|E|=14613674
|V|=1870709
streaming total time 12.360708s
|V|=1870709
Intersection Graph Marked: 28.211664s
Version Time: 0.485728
direct hop total time 2.767281s
work sharing total time 2.584611s
CommonGraph total time 2.584611s
Running: build/SSWPbaseline /home/xyin014/graph/wiki/snap_wiki source/wiki_src.txt 32 0.005 4
read: 5.808810s
loading graph /home/xyin014/graph/wiki/snap_wiki, root file is source/wiki_src.txt, batch_num is 32, batch_size is 73068
read: 0.004194s
|E|=14613674
|V|=1870709
streaming total time 10.566969s
|V|=1870709
Intersection Graph Marked: 25.736096s
Version Time: 0.358785
direct hop total time 2.436845s
work sharing total time 2.191264s
CommonGraph total time 2.191264s
Running: build/SSWPbaseline /home/xyin014/graph/wiki/snap_wiki source/wiki_src.txt 32 0.005 5
read: 5.804064s
loading graph /home/xyin014/graph/wiki/snap_wiki, root file is source/wiki_src.txt, batch_num is 32, batch_size is 73068
read: 0.002614s
|E|=14613674
|V|=1870709
streaming total time 13.271121s
|V|=1870709
Intersection Graph Marked: 24.119521s
Version Time: 0.561838
direct hop total time 2.632471s
work sharing total time 2.686674s
CommonGraph total time 2.686674s
Running: build/SSWPbaseline /home/xyin014/graph/wiki/snap_wiki source/wiki_src.txt 32 0.005 6
read: 5.800943s
loading graph /home/xyin014/graph/wiki/snap_wiki, root file is source/wiki_src.txt, batch_num is 32, batch_size is 73068
read: 0.002565s
|E|=14613674
|V|=1870709
streaming total time 16.029312s
|V|=1870709
Intersection Graph Marked: 24.950331s
Version Time: 0.241125
direct hop total time 1.656300s
work sharing total time 1.281934s
CommonGraph total time 1.281934s
Running: build/SSWPbaseline /home/xyin014/graph/wiki/snap_wiki source/wiki_src.txt 32 0.005 7
read: 5.821521s
loading graph /home/xyin014/graph/wiki/snap_wiki, root file is source/wiki_src.txt, batch_num is 32, batch_size is 73068
read: 0.002618s
|E|=14613674
|V|=1870709
streaming total time 13.206553s
|V|=1870709
Intersection Graph Marked: 26.327852s
Version Time: 0.508688
direct hop total time 2.610899s
work sharing total time 2.637105s
CommonGraph total time 2.637105s
Running: build/SSWPbaseline /home/xyin014/graph/wiki/snap_wiki source/wiki_src.txt 32 0.005 8
read: 5.812276s
loading graph /home/xyin014/graph/wiki/snap_wiki, root file is source/wiki_src.txt, batch_num is 32, batch_size is 73068
read: 0.002541s
|E|=14613674
|V|=1870709
streaming total time 13.373157s
|V|=1870709
Intersection Graph Marked: 29.895095s
Version Time: 0.375343
direct hop total time 2.167318s
work sharing total time 1.940587s
CommonGraph total time 1.940587s
Running: build/SSWPbaseline /home/xyin014/graph/wiki/snap_wiki source/wiki_src.txt 32 0.005 9
read: 5.823562s
loading graph /home/xyin014/graph/wiki/snap_wiki, root file is source/wiki_src.txt, batch_num is 32, batch_size is 73068
read: 0.002541s
|E|=14613674
|V|=1870709
streaming total time 11.179781s
|V|=1870709
Intersection Graph Marked: 33.805294s
Version Time: 0.342024
direct hop total time 2.273464s
work sharing total time 2.256871s
CommonGraph total time 2.256871s
Running: build/SSWPbaseline /home/xyin014/graph/wiki/snap_wiki source/wiki_src.txt 32 0.005 10
read: 5.838700s
loading graph /home/xyin014/graph/wiki/snap_wiki, root file is source/wiki_src.txt, batch_num is 32, batch_size is 73068
read: 0.002586s
|E|=14613674
|V|=1870709
streaming total time 12.518207s
|V|=1870709
Intersection Graph Marked: 25.089286s
Version Time: 0.363745
direct hop total time 1.984162s
work sharing total time 1.689414s
CommonGraph total time 1.689414s
Running: build/SSWPbaseline /home/xyin014/graph/wiki/snap_wiki source/wiki_src.txt 32 0.005 11
read: 5.817819s
loading graph /home/xyin014/graph/wiki/snap_wiki, root file is source/wiki_src.txt, batch_num is 32, batch_size is 73068
read: 0.002646s
|E|=14613674
|V|=1870709
streaming total time 12.679182s
|V|=1870709
Intersection Graph Marked: 24.887121s
Version Time: 0.601593
direct hop total time 3.588059s
work sharing total time 3.451819s
CommonGraph total time 3.451819s
Running: build/SSWPbaseline /home/xyin014/graph/wiki/snap_wiki source/wiki_src.txt 32 0.005 12
read: 5.865774s
loading graph /home/xyin014/graph/wiki/snap_wiki, root file is source/wiki_src.txt, batch_num is 32, batch_size is 73068
read: 0.002540s
|E|=14613674
|V|=1870709
streaming total time 13.093868s
|V|=1870709
Intersection Graph Marked: 27.464314s
Version Time: 0.241440
direct hop total time 1.750464s
work sharing total time 1.432869s
CommonGraph total time 1.432869s
Running: build/SSWPbaseline /home/xyin014/graph/wiki/snap_wiki source/wiki_src.txt 32 0.005 13
read: 5.809611s
loading graph /home/xyin014/graph/wiki/snap_wiki, root file is source/wiki_src.txt, batch_num is 32, batch_size is 73068
read: 0.002584s
|E|=14613674
|V|=1870709
streaming total time 12.693716s
|V|=1870709
Intersection Graph Marked: 25.311569s
Version Time: 0.349480
direct hop total time 3.647820s
work sharing total time 3.496589s
CommonGraph total time 3.496589s
Running: build/SSWPbaseline /home/xyin014/graph/wiki/snap_wiki source/wiki_src.txt 32 0.005 14
read: 5.830892s
loading graph /home/xyin014/graph/wiki/snap_wiki, root file is source/wiki_src.txt, batch_num is 32, batch_size is 73068
read: 0.002582s
|E|=14613674
|V|=1870709
streaming total time 12.827613s
|V|=1870709
Intersection Graph Marked: 25.081219s
Version Time: 0.529090
direct hop total time 3.401133s
work sharing total time 3.472075s
CommonGraph total time 3.472075s
Running: build/SSWPbaseline /home/xyin014/graph/wiki/snap_wiki source/wiki_src.txt 32 0.005 15
read: 5.813641s
loading graph /home/xyin014/graph/wiki/snap_wiki, root file is source/wiki_src.txt, batch_num is 32, batch_size is 73068
read: 0.002566s
|E|=14613674
|V|=1870709
streaming total time 12.553000s
|V|=1870709
Intersection Graph Marked: 26.112927s
Version Time: 0.409926
direct hop total time 2.515248s
work sharing total time 2.336174s
CommonGraph total time 2.336174s
Running: build/SSWPbaseline /home/xyin014/graph/wiki/snap_wiki source/wiki_src.txt 64 0.0025 0
read: 5.809442s
loading graph /home/xyin014/graph/wiki/snap_wiki, root file is source/wiki_src.txt, batch_num is 64, batch_size is 36534
read: 0.002671s
|E|=14613674
|V|=1870709
streaming total time 15.072865s
|V|=1870709
Intersection Graph Marked: 28.137521s
Version Time: 0.001623
direct hop total time 1.979806s
work sharing total time 1.898133s
CommonGraph total time 1.898133s
Running: build/SSWPbaseline /home/xyin014/graph/wiki/snap_wiki source/wiki_src.txt 64 0.0025 1
read: 5.833322s
loading graph /home/xyin014/graph/wiki/snap_wiki, root file is source/wiki_src.txt, batch_num is 64, batch_size is 36534
read: 0.002542s
|E|=14613674
|V|=1870709
streaming total time 12.558882s
|V|=1870709
Intersection Graph Marked: 39.648608s
Version Time: 0.344471
direct hop total time 4.860574s
work sharing total time 4.028953s
CommonGraph total time 4.028953s
Running: build/SSWPbaseline /home/xyin014/graph/wiki/snap_wiki source/wiki_src.txt 64 0.0025 2
read: 5.814146s
loading graph /home/xyin014/graph/wiki/snap_wiki, root file is source/wiki_src.txt, batch_num is 64, batch_size is 36534
read: 0.002529s
|E|=14613674
|V|=1870709
streaming total time 10.961263s
|V|=1870709
Intersection Graph Marked: 27.479137s
Version Time: 0.383649
direct hop total time 4.177567s
work sharing total time 3.490989s
CommonGraph total time 3.490989s
Running: build/SSWPbaseline /home/xyin014/graph/wiki/snap_wiki source/wiki_src.txt 64 0.0025 3
read: 5.855207s
loading graph /home/xyin014/graph/wiki/snap_wiki, root file is source/wiki_src.txt, batch_num is 64, batch_size is 36534
read: 0.002527s
|E|=14613674
|V|=1870709
streaming total time 12.267531s
|V|=1870709
Intersection Graph Marked: 25.607753s
Version Time: 0.486195
direct hop total time 5.696926s
work sharing total time 4.569725s
CommonGraph total time 4.569725s
Running: build/SSWPbaseline /home/xyin014/graph/wiki/snap_wiki source/wiki_src.txt 64 0.0025 4
read: 5.808537s
loading graph /home/xyin014/graph/wiki/snap_wiki, root file is source/wiki_src.txt, batch_num is 64, batch_size is 36534
read: 0.002653s
|E|=14613674
|V|=1870709
streaming total time 12.598888s
|V|=1870709
Intersection Graph Marked: 25.241295s
Version Time: 0.377469
direct hop total time 5.015892s
work sharing total time 4.180367s
CommonGraph total time 4.180367s
Running: build/SSWPbaseline /home/xyin014/graph/wiki/snap_wiki source/wiki_src.txt 64 0.0025 5
read: 5.822629s
loading graph /home/xyin014/graph/wiki/snap_wiki, root file is source/wiki_src.txt, batch_num is 64, batch_size is 36534
read: 0.002632s
|E|=14613674
|V|=1870709
streaming total time 24.509939s
|V|=1870709
Intersection Graph Marked: 29.237759s
Version Time: 0.488856
direct hop total time 5.087785s
work sharing total time 4.587906s
CommonGraph total time 4.587906s
Running: build/SSWPbaseline /home/xyin014/graph/wiki/snap_wiki source/wiki_src.txt 64 0.0025 6
read: 5.836652s
loading graph /home/xyin014/graph/wiki/snap_wiki, root file is source/wiki_src.txt, batch_num is 64, batch_size is 36534
read: 0.013220s
|E|=14613674
|V|=1870709
streaming total time 10.050771s
|V|=1870709
Intersection Graph Marked: 28.412197s
Version Time: 0.361480
direct hop total time 3.328012s
work sharing total time 2.426822s
CommonGraph total time 2.426822s
Running: build/SSWPbaseline /home/xyin014/graph/wiki/snap_wiki source/wiki_src.txt 64 0.0025 7
read: 5.815820s
loading graph /home/xyin014/graph/wiki/snap_wiki, root file is source/wiki_src.txt, batch_num is 64, batch_size is 36534
read: 0.002662s
|E|=14613674
|V|=1870709
streaming total time 13.239811s
|V|=1870709
Intersection Graph Marked: 24.998275s
Version Time: 0.553419
direct hop total time 5.043283s
work sharing total time 4.507158s
CommonGraph total time 4.507158s
Running: build/SSWPbaseline /home/xyin014/graph/wiki/snap_wiki source/wiki_src.txt 64 0.0025 8
read: 5.807551s
loading graph /home/xyin014/graph/wiki/snap_wiki, root file is source/wiki_src.txt, batch_num is 64, batch_size is 36534
read: 0.003167s
|E|=14613674
|V|=1870709
streaming total time 10.794241s
|V|=1870709
Intersection Graph Marked: 25.699189s
Version Time: 0.337836
direct hop total time 3.918550s
work sharing total time 3.624063s
CommonGraph total time 3.624063s
Running: build/SSWPbaseline /home/xyin014/graph/wiki/snap_wiki source/wiki_src.txt 64 0.0025 9
read: 5.807761s
loading graph /home/xyin014/graph/wiki/snap_wiki, root file is source/wiki_src.txt, batch_num is 64, batch_size is 36534
read: 0.002714s
|E|=14613674
|V|=1870709
streaming total time 11.747854s
|V|=1870709
Intersection Graph Marked: 28.496069s
Version Time: 0.380632
direct hop total time 4.242570s
work sharing total time 3.640314s
CommonGraph total time 3.640314s
Running: build/SSWPbaseline /home/xyin014/graph/wiki/snap_wiki source/wiki_src.txt 64 0.0025 10
read: 5.807566s
loading graph /home/xyin014/graph/wiki/snap_wiki, root file is source/wiki_src.txt, batch_num is 64, batch_size is 36534
read: 0.002601s
|E|=14613674
|V|=1870709
streaming total time 10.432540s
|V|=1870709
Intersection Graph Marked: 25.959973s
Version Time: 0.383747
direct hop total time 3.571855s
work sharing total time 3.017482s
CommonGraph total time 3.017482s
Running: build/SSWPbaseline /home/xyin014/graph/wiki/snap_wiki source/wiki_src.txt 64 0.0025 11
read: 5.804786s
loading graph /home/xyin014/graph/wiki/snap_wiki, root file is source/wiki_src.txt, batch_num is 64, batch_size is 36534
read: 0.002540s
|E|=14613674
|V|=1870709
streaming total time 20.557642s
|V|=1870709
Intersection Graph Marked: 25.153447s
Version Time: 0.348544
direct hop total time 6.763969s
work sharing total time 6.278660s
CommonGraph total time 6.278660s
Running: build/SSWPbaseline /home/xyin014/graph/wiki/snap_wiki source/wiki_src.txt 64 0.0025 12
read: 5.835905s
loading graph /home/xyin014/graph/wiki/snap_wiki, root file is source/wiki_src.txt, batch_num is 64, batch_size is 36534
read: 0.002612s
|E|=14613674
|V|=1870709
streaming total time 9.973755s
|V|=1870709
Intersection Graph Marked: 29.584914s
Version Time: 0.262893
direct hop total time 3.157324s
work sharing total time 2.359137s
CommonGraph total time 2.359137s
Running: build/SSWPbaseline /home/xyin014/graph/wiki/snap_wiki source/wiki_src.txt 64 0.0025 13
read: 5.844677s
loading graph /home/xyin014/graph/wiki/snap_wiki, root file is source/wiki_src.txt, batch_num is 64, batch_size is 36534
read: 0.002571s
|E|=14613674
|V|=1870709
streaming total time 13.582503s
|V|=1870709
Intersection Graph Marked: 38.215731s
Version Time: 0.381330
direct hop total time 7.001342s
work sharing total time 6.265749s
CommonGraph total time 6.265749s
Running: build/SSWPbaseline /home/xyin014/graph/wiki/snap_wiki source/wiki_src.txt 64 0.0025 14
read: 5.808166s
loading graph /home/xyin014/graph/wiki/snap_wiki, root file is source/wiki_src.txt, batch_num is 64, batch_size is 36534
read: 0.002685s
|E|=14613674
|V|=1870709
streaming total time 13.662023s
|V|=1870709
Intersection Graph Marked: 26.641290s
Version Time: 0.356227
direct hop total time 6.436273s
work sharing total time 6.098261s
CommonGraph total time 6.098261s
Running: build/SSWPbaseline /home/xyin014/graph/wiki/snap_wiki source/wiki_src.txt 64 0.0025 15
read: 5.810595s
loading graph /home/xyin014/graph/wiki/snap_wiki, root file is source/wiki_src.txt, batch_num is 64, batch_size is 36534
read: 0.002566s
|E|=14613674
|V|=1870709
streaming total time 12.692593s
|V|=1870709
Intersection Graph Marked: 26.752372s
Version Time: 0.405509
direct hop total time 4.859895s
work sharing total time 4.202085s
CommonGraph total time 4.202085s
Running: build/SSWPbaseline /home/xyin014/graph/wen/snap_wen source/wen.txt 8 0.02 0
Error: Invalid line "% asym unweighted"
read: 178.332598s
loading graph /home/xyin014/graph/wen/snap_wen, root file is source/wen.txt, batch_num is 8, batch_size is 8744348
read: 0.091057s
|E|=437217424
|V|=13593033
streaming total time 51.941124s
|V|=13593033
Intersection Graph Marked: 9.955753s
Version Time: 1.205942
direct hop total time 3.417348s
work sharing total time 2.233015s
CommonGraph total time 2.233015s
Running: build/SSWPbaseline /home/xyin014/graph/wen/snap_wen source/wen.txt 8 0.02 1
Error: Invalid line "% asym unweighted"
read: 176.619433s
loading graph /home/xyin014/graph/wen/snap_wen, root file is source/wen.txt, batch_num is 8, batch_size is 8744348
read: 0.089326s
|E|=437217424
|V|=13593033
Re Computing: 4 728585 1530547
streaming total time 60.665237s
|V|=13593033
Intersection Graph Marked: 10.980690s
Version Time: 0.009089
direct hop total time 6.677508s
work sharing total time 5.068563s
CommonGraph total time 5.068563s
Running: build/SSWPbaseline /home/xyin014/graph/wen/snap_wen source/wen.txt 8 0.02 2
Error: Invalid line "% asym unweighted"
read: 176.429161s
loading graph /home/xyin014/graph/wen/snap_wen, root file is source/wen.txt, batch_num is 8, batch_size is 8744348
read: 0.099751s
|E|=437217424
|V|=13593033
streaming total time 58.242180s
|V|=13593033
Intersection Graph Marked: 10.779712s
Version Time: 0.015737
direct hop total time 3.567957s
work sharing total time 1.505731s
CommonGraph total time 1.505731s
Running: build/SSWPbaseline /home/xyin014/graph/wen/snap_wen source/wen.txt 8 0.02 3
Error: Invalid line "% asym unweighted"
read: 176.728317s
loading graph /home/xyin014/graph/wen/snap_wen, root file is source/wen.txt, batch_num is 8, batch_size is 8744348
read: 0.091458s
|E|=437217424
|V|=13593033
streaming total time 48.404289s
|V|=13593033
Intersection Graph Marked: 10.989930s
Version Time: 1.496664
direct hop total time 4.711569s
work sharing total time 3.124019s
CommonGraph total time 3.124019s
Running: build/SSWPbaseline /home/xyin014/graph/wen/snap_wen source/wen.txt 8 0.02 4
Error: Invalid line "% asym unweighted"
read: 176.496373s
loading graph /home/xyin014/graph/wen/snap_wen, root file is source/wen.txt, batch_num is 8, batch_size is 8744348
read: 0.091805s
|E|=437217424
|V|=13593033
streaming total time 60.655823s
|V|=13593033
Intersection Graph Marked: 10.626022s
Version Time: 1.264055
direct hop total time 4.608462s
work sharing total time 3.142229s
CommonGraph total time 3.142229s
Running: build/SSWPbaseline /home/xyin014/graph/wen/snap_wen source/wen.txt 8 0.02 5
Error: Invalid line "% asym unweighted"
read: 176.481882s
loading graph /home/xyin014/graph/wen/snap_wen, root file is source/wen.txt, batch_num is 8, batch_size is 8744348
read: 0.091187s
|E|=437217424
|V|=13593033
Re Computing: 10 1921628 584525
streaming total time 49.820892s
|V|=13593033
Intersection Graph Marked: 10.721585s
Version Time: 1.298390
direct hop total time 5.372551s
work sharing total time 4.034422s
CommonGraph total time 4.034422s
Running: build/SSWPbaseline /home/xyin014/graph/wen/snap_wen source/wen.txt 8 0.02 6
Error: Invalid line "% asym unweighted"
read: 176.765058s
loading graph /home/xyin014/graph/wen/snap_wen, root file is source/wen.txt, batch_num is 8, batch_size is 8744348
read: 0.090458s
|E|=437217424
|V|=13593033
streaming total time 50.096062s
|V|=13593033
Intersection Graph Marked: 10.663326s
Version Time: 1.001575
direct hop total time 3.453721s
work sharing total time 2.295528s
CommonGraph total time 2.295528s
Running: build/SSWPbaseline /home/xyin014/graph/wen/snap_wen source/wen.txt 8 0.02 7
Error: Invalid line "% asym unweighted"
read: 177.590292s
loading graph /home/xyin014/graph/wen/snap_wen, root file is source/wen.txt, batch_num is 8, batch_size is 8744348
read: 0.099731s
|E|=437217424
|V|=13593033
streaming total time 61.367264s
|V|=13593033
Intersection Graph Marked: 9.529474s
Version Time: 1.380136
direct hop total time 4.585605s
work sharing total time 3.168385s
CommonGraph total time 3.168385s
Running: build/SSWPbaseline /home/xyin014/graph/wen/snap_wen source/wen.txt 8 0.02 8
Error: Invalid line "% asym unweighted"
read: 178.690850s
loading graph /home/xyin014/graph/wen/snap_wen, root file is source/wen.txt, batch_num is 8, batch_size is 8744348
read: 0.101916s
|E|=437217424
|V|=13593033
streaming total time 49.299076s
|V|=13593033
Intersection Graph Marked: 9.554999s
Version Time: 1.408530
direct hop total time 4.767698s
work sharing total time 3.197205s
CommonGraph total time 3.197205s
Running: build/SSWPbaseline /home/xyin014/graph/wen/snap_wen source/wen.txt 8 0.02 9
Error: Invalid line "% asym unweighted"
read: 176.645545s
loading graph /home/xyin014/graph/wen/snap_wen, root file is source/wen.txt, batch_num is 8, batch_size is 8744348
read: 0.090437s
|E|=437217424
|V|=13593033
streaming total time 59.907356s
|V|=13593033
Intersection Graph Marked: 10.117567s
Version Time: 1.326881
direct hop total time 3.446722s
work sharing total time 2.415906s
CommonGraph total time 2.415906s
Running: build/SSWPbaseline /home/xyin014/graph/wen/snap_wen source/wen.txt 8 0.02 10
Error: Invalid line "% asym unweighted"
read: 176.489863s
loading graph /home/xyin014/graph/wen/snap_wen, root file is source/wen.txt, batch_num is 8, batch_size is 8744348
read: 0.090713s
|E|=437217424
|V|=13593033
Re Computing: 5 1316465 1704355
streaming total time 61.971611s
|V|=13593033
Intersection Graph Marked: 10.734526s
Version Time: 0.024468
direct hop total time 6.809224s
work sharing total time 5.482714s
CommonGraph total time 5.482714s
Running: build/SSWPbaseline /home/xyin014/graph/wen/snap_wen source/wen.txt 8 0.02 11
Error: Invalid line "% asym unweighted"
read: 176.414383s
loading graph /home/xyin014/graph/wen/snap_wen, root file is source/wen.txt, batch_num is 8, batch_size is 8744348
read: 0.092483s
|E|=437217424
|V|=13593033
streaming total time 58.959099s
|V|=13593033
Intersection Graph Marked: 10.901535s
Version Time: 0.945641
direct hop total time 3.154084s
work sharing total time 2.120875s
CommonGraph total time 2.120875s
Running: build/SSWPbaseline /home/xyin014/graph/wen/snap_wen source/wen.txt 8 0.02 12
Error: Invalid line "% asym unweighted"
read: 176.408006s
loading graph /home/xyin014/graph/wen/snap_wen, root file is source/wen.txt, batch_num is 8, batch_size is 8744348
read: 0.090848s
|E|=437217424
|V|=13593033
streaming total time 44.959000s
|V|=13593033
Intersection Graph Marked: 10.643236s
Version Time: 0.013411
direct hop total time 4.501862s
work sharing total time 1.847839s
CommonGraph total time 1.847839s
Running: build/SSWPbaseline /home/xyin014/graph/wen/snap_wen source/wen.txt 8 0.02 13
Error: Invalid line "% asym unweighted"
read: 177.018074s
loading graph /home/xyin014/graph/wen/snap_wen, root file is source/wen.txt, batch_num is 8, batch_size is 8744348
read: 0.091114s
|E|=437217424
|V|=13593033
Re Computing: 5 1715034 1657034
streaming total time 52.709072s
|V|=13593033
Intersection Graph Marked: 9.763037s
Version Time: 1.001891
direct hop total time 7.796309s
work sharing total time 6.194873s
CommonGraph total time 6.194873s
Running: build/SSWPbaseline /home/xyin014/graph/wen/snap_wen source/wen.txt 8 0.02 14
Error: Invalid line "% asym unweighted"
read: 176.358681s
loading graph /home/xyin014/graph/wen/snap_wen, root file is source/wen.txt, batch_num is 8, batch_size is 8744348
read: 0.092967s
|E|=437217424
|V|=13593033
streaming total time 64.325119s
|V|=13593033
Intersection Graph Marked: 10.175710s
Version Time: 1.471294
direct hop total time 2.863629s
work sharing total time 2.013111s
CommonGraph total time 2.013111s
Running: build/SSWPbaseline /home/xyin014/graph/wen/snap_wen source/wen.txt 8 0.02 15
Error: Invalid line "% asym unweighted"
read: 176.476056s
loading graph /home/xyin014/graph/wen/snap_wen, root file is source/wen.txt, batch_num is 8, batch_size is 8744348
read: 0.090396s
|E|=437217424
|V|=13593033
streaming total time 45.951031s
|V|=13593033
Intersection Graph Marked: 10.436662s
Version Time: 1.274825
direct hop total time 3.290359s
work sharing total time 2.216784s
CommonGraph total time 2.216784s
Running: build/SSWPbaseline /home/xyin014/graph/wen/snap_wen source/wen.txt 16 0.01 0
Error: Invalid line "% asym unweighted"
read: 176.356401s
loading graph /home/xyin014/graph/wen/snap_wen, root file is source/wen.txt, batch_num is 16, batch_size is 4372174
read: 0.092814s
|E|=437217424
|V|=13593033
streaming total time 51.216095s
|V|=13593033
Intersection Graph Marked: 9.727877s
Version Time: 1.373717
direct hop total time 6.412847s
work sharing total time 4.101846s
CommonGraph total time 4.101846s
Running: build/SSWPbaseline /home/xyin014/graph/wen/snap_wen source/wen.txt 16 0.01 1
Error: Invalid line "% asym unweighted"
read: 176.514065s
loading graph /home/xyin014/graph/wen/snap_wen, root file is source/wen.txt, batch_num is 16, batch_size is 4372174
read: 0.091238s
|E|=437217424
|V|=13593033
Re Computing: 4 545319 1557387
streaming total time 52.733566s
|V|=13593033
Intersection Graph Marked: 10.750773s
Version Time: 0.008658
direct hop total time 10.646309s
work sharing total time 10.096196s
CommonGraph total time 10.096196s
Running: build/SSWPbaseline /home/xyin014/graph/wen/snap_wen source/wen.txt 16 0.01 2
Error: Invalid line "% asym unweighted"
read: 176.838823s
loading graph /home/xyin014/graph/wen/snap_wen, root file is source/wen.txt, batch_num is 16, batch_size is 4372174
read: 0.092806s
|E|=437217424
|V|=13593033
streaming total time 54.874863s
|V|=13593033
Intersection Graph Marked: 10.953826s
Version Time: 0.013597
direct hop total time 8.272009s
work sharing total time 2.132201s
CommonGraph total time 2.132201s
Running: build/SSWPbaseline /home/xyin014/graph/wen/snap_wen source/wen.txt 16 0.01 3
Error: Invalid line "% asym unweighted"
read: 176.506818s
loading graph /home/xyin014/graph/wen/snap_wen, root file is source/wen.txt, batch_num is 16, batch_size is 4372174
read: 0.091082s
|E|=437217424
|V|=13593033
streaming total time 50.750126s
|V|=13593033
Intersection Graph Marked: 10.768192s
Version Time: 1.351813
direct hop total time 8.579724s
work sharing total time 5.485228s
CommonGraph total time 5.485228s
Running: build/SSWPbaseline /home/xyin014/graph/wen/snap_wen source/wen.txt 16 0.01 4
Error: Invalid line "% asym unweighted"
read: 176.716856s
loading graph /home/xyin014/graph/wen/snap_wen, root file is source/wen.txt, batch_num is 16, batch_size is 4372174
read: 0.091369s
|E|=437217424
|V|=13593033
streaming total time 53.147629s
|V|=13593033
Intersection Graph Marked: 11.444593s
Version Time: 1.391529
direct hop total time 8.934304s
work sharing total time 5.760529s
CommonGraph total time 5.760529s
Running: build/SSWPbaseline /home/xyin014/graph/wen/snap_wen source/wen.txt 16 0.01 5
Error: Invalid line "% asym unweighted"
read: 176.630171s
loading graph /home/xyin014/graph/wen/snap_wen, root file is source/wen.txt, batch_num is 16, batch_size is 4372174
read: 0.090403s
|E|=437217424
|V|=13593033
Re Computing: 10 1638512 594331
streaming total time 60.374901s
|V|=13593033
Intersection Graph Marked: 10.490701s
Version Time: 1.301849
direct hop total time 10.058663s
work sharing total time 7.203063s
CommonGraph total time 7.203063s
Running: build/SSWPbaseline /home/xyin014/graph/wen/snap_wen source/wen.txt 16 0.01 6
Error: Invalid line "% asym unweighted"
read: 176.732588s
loading graph /home/xyin014/graph/wen/snap_wen, root file is source/wen.txt, batch_num is 16, batch_size is 4372174
read: 0.090234s
|E|=437217424
|V|=13593033
streaming total time 48.811119s
|V|=13593033
Intersection Graph Marked: 10.227218s
Version Time: 0.985151
direct hop total time 6.072769s
work sharing total time 4.016488s
CommonGraph total time 4.016488s
Running: build/SSWPbaseline /home/xyin014/graph/wen/snap_wen source/wen.txt 16 0.01 7
Error: Invalid line "% asym unweighted"
read: 177.806136s
loading graph /home/xyin014/graph/wen/snap_wen, root file is source/wen.txt, batch_num is 16, batch_size is 4372174
read: 0.090351s
|E|=437217424
|V|=13593033
streaming total time 47.925034s
|V|=13593033
Intersection Graph Marked: 9.799098s
Version Time: 1.294011
direct hop total time 9.145618s
work sharing total time 5.658799s
CommonGraph total time 5.658799s
Running: build/SSWPbaseline /home/xyin014/graph/wen/snap_wen source/wen.txt 16 0.01 8
Error: Invalid line "% asym unweighted"
read: 176.553555s
loading graph /home/xyin014/graph/wen/snap_wen, root file is source/wen.txt, batch_num is 16, batch_size is 4372174
read: 0.093346s
|E|=437217424
|V|=13593033
streaming total time 43.078888s
|V|=13593033
Intersection Graph Marked: 10.835616s
Version Time: 1.426229
direct hop total time 9.682346s
work sharing total time 5.843238s
CommonGraph total time 5.843238s
Running: build/SSWPbaseline /home/xyin014/graph/wen/snap_wen source/wen.txt 16 0.01 9
Error: Invalid line "% asym unweighted"
read: 177.694983s
loading graph /home/xyin014/graph/wen/snap_wen, root file is source/wen.txt, batch_num is 16, batch_size is 4372174
read: 0.090673s
|E|=437217424
|V|=13593033
streaming total time 42.055813s
|V|=13593033
Intersection Graph Marked: 10.801357s
Version Time: 1.483938
direct hop total time 6.985260s
work sharing total time 4.535830s
CommonGraph total time 4.535830s
Running: build/SSWPbaseline /home/xyin014/graph/wen/snap_wen source/wen.txt 16 0.01 10
Error: Invalid line "% asym unweighted"
read: 176.960437s
loading graph /home/xyin014/graph/wen/snap_wen, root file is source/wen.txt, batch_num is 16, batch_size is 4372174
read: 0.093731s
|E|=437217424
|V|=13593033
Re Computing: 5 1174910 1644551
streaming total time 54.289536s
|V|=13593033
Intersection Graph Marked: 10.739942s
Version Time: 0.009500
direct hop total time 12.522287s
work sharing total time 10.527678s
CommonGraph total time 10.527678s
Running: build/SSWPbaseline /home/xyin014/graph/wen/snap_wen source/wen.txt 16 0.01 11
Error: Invalid line "% asym unweighted"
read: 176.923870s
loading graph /home/xyin014/graph/wen/snap_wen, root file is source/wen.txt, batch_num is 16, batch_size is 4372174
read: 0.090735s
|E|=437217424
|V|=13593033
streaming total time 55.755665s
|V|=13593033
Intersection Graph Marked: 11.221966s
Version Time: 0.953670
direct hop total time 5.887731s
work sharing total time 3.735657s
CommonGraph total time 3.735657s
Running: build/SSWPbaseline /home/xyin014/graph/wen/snap_wen source/wen.txt 16 0.01 12
Error: Invalid line "% asym unweighted"
read: 176.516722s
loading graph /home/xyin014/graph/wen/snap_wen, root file is source/wen.txt, batch_num is 16, batch_size is 4372174
read: 0.091579s
|E|=437217424
|V|=13593033
streaming total time 55.831257s
|V|=13593033
Intersection Graph Marked: 9.905292s
Version Time: 0.027896
direct hop total time 9.017787s
work sharing total time 2.542913s
CommonGraph total time 2.542913s
Running: build/SSWPbaseline /home/xyin014/graph/wen/snap_wen source/wen.txt 16 0.01 13
Error: Invalid line "% asym unweighted"
read: 176.809041s
loading graph /home/xyin014/graph/wen/snap_wen, root file is source/wen.txt, batch_num is 16, batch_size is 4372174
read: 0.090567s
|E|=437217424
|V|=13593033
Re Computing: 5 1525379 1674702
streaming total time 48.675110s
|V|=13593033
Intersection Graph Marked: 10.445098s
Version Time: 0.992991
direct hop total time 14.137455s
work sharing total time 11.245078s
CommonGraph total time 11.245078s
Running: build/SSWPbaseline /home/xyin014/graph/wen/snap_wen source/wen.txt 16 0.01 14
Error: Invalid line "% asym unweighted"
read: 176.886601s
loading graph /home/xyin014/graph/wen/snap_wen, root file is source/wen.txt, batch_num is 16, batch_size is 4372174
read: 0.090770s
|E|=437217424
|V|=13593033
streaming total time 48.096291s
|V|=13593033
Intersection Graph Marked: 10.408081s
Version Time: 1.337793
direct hop total time 5.453068s
work sharing total time 3.499886s
CommonGraph total time 3.499886s
Running: build/SSWPbaseline /home/xyin014/graph/wen/snap_wen source/wen.txt 16 0.01 15
Error: Invalid line "% asym unweighted"
read: 176.423196s
loading graph /home/xyin014/graph/wen/snap_wen, root file is source/wen.txt, batch_num is 16, batch_size is 4372174
read: 0.094185s
|E|=437217424
|V|=13593033
streaming total time 41.284599s
|V|=13593033
Intersection Graph Marked: 11.314395s
Version Time: 1.286125
direct hop total time 5.815104s
work sharing total time 3.845387s
CommonGraph total time 3.845387s
Running: build/SSWPbaseline /home/xyin014/graph/wen/snap_wen source/wen.txt 32 0.005 0
Error: Invalid line "% asym unweighted"
read: 176.740052s
loading graph /home/xyin014/graph/wen/snap_wen, root file is source/wen.txt, batch_num is 32, batch_size is 2186087
read: 0.093460s
|E|=437217424
|V|=13593033
streaming total time 43.286243s
|V|=13593033
Intersection Graph Marked: 10.619194s
Version Time: 1.227060
direct hop total time 13.119920s
work sharing total time 7.521355s
CommonGraph total time 7.521355s
Running: build/SSWPbaseline /home/xyin014/graph/wen/snap_wen source/wen.txt 32 0.005 1
Error: Invalid line "% asym unweighted"
read: 176.470701s
loading graph /home/xyin014/graph/wen/snap_wen, root file is source/wen.txt, batch_num is 32, batch_size is 2186087
read: 0.091565s
|E|=437217424
|V|=13593033
Re Computing: 4 431350 1569285
streaming total time 32.901726s
|V|=13593033
Intersection Graph Marked: 10.043673s
Version Time: 0.037674
direct hop total time 21.550512s
work sharing total time 18.070505s
CommonGraph total time 18.070505s
Running: build/SSWPbaseline /home/xyin014/graph/wen/snap_wen source/wen.txt 32 0.005 2
Error: Invalid line "% asym unweighted"
read: 176.435724s
loading graph /home/xyin014/graph/wen/snap_wen, root file is source/wen.txt, batch_num is 32, batch_size is 2186087
read: 0.091071s
|E|=437217424
|V|=13593033
streaming total time 34.759819s
|V|=13593033
Intersection Graph Marked: 10.726568s
Version Time: 0.008670
direct hop total time 15.735142s
work sharing total time 3.465703s
CommonGraph total time 3.465703s
Running: build/SSWPbaseline /home/xyin014/graph/wen/snap_wen source/wen.txt 32 0.005 3
Error: Invalid line "% asym unweighted"
read: 176.951983s
loading graph /home/xyin014/graph/wen/snap_wen, root file is source/wen.txt, batch_num is 32, batch_size is 2186087
read: 0.091854s
|E|=437217424
|V|=13593033
streaming total time 52.091335s
|V|=13593033
Intersection Graph Marked: 10.427653s
Version Time: 1.478138
direct hop total time 16.910852s
work sharing total time 10.408324s
CommonGraph total time 10.408324s
Running: build/SSWPbaseline /home/xyin014/graph/wen/snap_wen source/wen.txt 32 0.005 4
Error: Invalid line "% asym unweighted"
read: 176.505448s
loading graph /home/xyin014/graph/wen/snap_wen, root file is source/wen.txt, batch_num is 32, batch_size is 2186087
read: 0.091894s
|E|=437217424
|V|=13593033
streaming total time 50.740578s
|V|=13593033
Intersection Graph Marked: 10.370668s
Version Time: 1.277547
direct hop total time 17.460001s
work sharing total time 10.831389s
CommonGraph total time 10.831389s
Running: build/SSWPbaseline /home/xyin014/graph/wen/snap_wen source/wen.txt 32 0.005 5
Error: Invalid line "% asym unweighted"
read: 176.402730s
loading graph /home/xyin014/graph/wen/snap_wen, root file is source/wen.txt, batch_num is 32, batch_size is 2186087
read: 0.090404s
|E|=437217424
|V|=13593033
Re Computing: 10 1504517 593153
streaming total time 45.520256s
|V|=13593033
Intersection Graph Marked: 9.867011s
Version Time: 1.311468
direct hop total time 18.503487s
work sharing total time 13.137163s
CommonGraph total time 13.137163s
Running: build/SSWPbaseline /home/xyin014/graph/wen/snap_wen source/wen.txt 32 0.005 6
Error: Invalid line "% asym unweighted"
read: 178.293719s
loading graph /home/xyin014/graph/wen/snap_wen, root file is source/wen.txt, batch_num is 32, batch_size is 2186087
read: 0.090825s
|E|=437217424
|V|=13593033
streaming total time 45.236427s
|V|=13593033
Intersection Graph Marked: 10.798750s
Version Time: 0.974656
direct hop total time 12.544738s
work sharing total time 7.796121s
CommonGraph total time 7.796121s
Running: build/SSWPbaseline /home/xyin014/graph/wen/snap_wen source/wen.txt 32 0.005 7
Error: Invalid line "% asym unweighted"
read: 176.778381s
loading graph /home/xyin014/graph/wen/snap_wen, root file is source/wen.txt, batch_num is 32, batch_size is 2186087
read: 0.091310s
|E|=437217424
|V|=13593033
streaming total time 37.761765s
|V|=13593033
Intersection Graph Marked: 10.432515s
Version Time: 1.354145
direct hop total time 17.117361s
work sharing total time 10.518093s
CommonGraph total time 10.518093s
Running: build/SSWPbaseline /home/xyin014/graph/wen/snap_wen source/wen.txt 32 0.005 8
Error: Invalid line "% asym unweighted"
read: 176.520679s
loading graph /home/xyin014/graph/wen/snap_wen, root file is source/wen.txt, batch_num is 32, batch_size is 2186087
read: 0.093363s
|E|=437217424
|V|=13593033
streaming total time 37.463062s
|V|=13593033
Intersection Graph Marked: 10.650510s
Version Time: 1.428983
direct hop total time 16.903381s
work sharing total time 10.317640s
CommonGraph total time 10.317640s
Running: build/SSWPbaseline /home/xyin014/graph/wen/snap_wen source/wen.txt 32 0.005 9
Error: Invalid line "% asym unweighted"
read: 176.875577s
loading graph /home/xyin014/graph/wen/snap_wen, root file is source/wen.txt, batch_num is 32, batch_size is 2186087
read: 0.092553s
|E|=437217424
|V|=13593033
streaming total time 37.972015s
|V|=13593033
Intersection Graph Marked: 9.846392s
Version Time: 1.513259
direct hop total time 12.664170s
work sharing total time 7.955873s
CommonGraph total time 7.955873s
Running: build/SSWPbaseline /home/xyin014/graph/wen/snap_wen source/wen.txt 32 0.005 10
Error: Invalid line "% asym unweighted"
read: 176.549711s
loading graph /home/xyin014/graph/wen/snap_wen, root file is source/wen.txt, batch_num is 32, batch_size is 2186087
read: 0.090578s
|E|=437217424
|V|=13593033
Re Computing: 5 1111258 1736593
streaming total time 50.200806s
|V|=13593033
Intersection Graph Marked: 10.668527s
Version Time: 0.009336
direct hop total time 22.150108s
work sharing total time 18.832108s
CommonGraph total time 18.832108s
Running: build/SSWPbaseline /home/xyin014/graph/wen/snap_wen source/wen.txt 32 0.005 11
Error: Invalid line "% asym unweighted"
read: 176.850933s
loading graph /home/xyin014/graph/wen/snap_wen, root file is source/wen.txt, batch_num is 32, batch_size is 2186087
read: 0.093080s
|E|=437217424
|V|=13593033
streaming total time 42.119312s
|V|=13593033
Intersection Graph Marked: 10.266847s
Version Time: 0.944871
direct hop total time 11.437123s
work sharing total time 6.881040s
CommonGraph total time 6.881040s
Running: build/SSWPbaseline /home/xyin014/graph/wen/snap_wen source/wen.txt 32 0.005 12
Error: Invalid line "% asym unweighted"
read: 176.806951s
loading graph /home/xyin014/graph/wen/snap_wen, root file is source/wen.txt, batch_num is 32, batch_size is 2186087
read: 0.092760s
|E|=437217424
|V|=13593033
streaming total time 39.486355s
|V|=13593033
Intersection Graph Marked: 10.404316s
Version Time: 0.058758
direct hop total time 17.114672s
work sharing total time 4.305339s
CommonGraph total time 4.305339s
Running: build/SSWPbaseline /home/xyin014/graph/wen/snap_wen source/wen.txt 32 0.005 13
Error: Invalid line "% asym unweighted"
read: 176.830034s
loading graph /home/xyin014/graph/wen/snap_wen, root file is source/wen.txt, batch_num is 32, batch_size is 2186087
read: 0.092288s
|E|=437217424
|V|=13593033
Re Computing: 5 1417888 1704812
streaming total time 54.694401s
|V|=13593033
Intersection Graph Marked: 10.559704s
Version Time: 0.994405
direct hop total time 24.836273s
work sharing total time 22.668961s
CommonGraph total time 22.668961s
Running: build/SSWPbaseline /home/xyin014/graph/wen/snap_wen source/wen.txt 32 0.005 14
Error: Invalid line "% asym unweighted"
read: 198.990722s
loading graph /home/xyin014/graph/wen/snap_wen, root file is source/wen.txt, batch_num is 32, batch_size is 2186087
read: 0.092814s
|E|=437217424
|V|=13593033
streaming total time 47.732506s
|V|=13593033
Intersection Graph Marked: 10.785068s
Version Time: 1.315497
direct hop total time 10.809651s
work sharing total time 6.338346s
CommonGraph total time 6.338346s
Running: build/SSWPbaseline /home/xyin014/graph/wen/snap_wen source/wen.txt 32 0.005 15
Error: Invalid line "% asym unweighted"
read: 176.504199s
loading graph /home/xyin014/graph/wen/snap_wen, root file is source/wen.txt, batch_num is 32, batch_size is 2186087
read: 0.090477s
|E|=437217424
|V|=13593033
streaming total time 42.285774s
|V|=13593033
Intersection Graph Marked: 9.483761s
Version Time: 1.269960
direct hop total time 11.376772s
work sharing total time 6.827886s
CommonGraph total time 6.827886s
Running: build/SSWPbaseline /home/xyin014/graph/wen/snap_wen source/wen.txt 64 0.0025 0
Error: Invalid line "% asym unweighted"
read: 176.161047s
loading graph /home/xyin014/graph/wen/snap_wen, root file is source/wen.txt, batch_num is 64, batch_size is 1093043
read: 0.091167s
|E|=437217424
|V|=13593033
streaming total time 32.237007s
|V|=13593033
Intersection Graph Marked: 11.063059s
Version Time: 1.219862
direct hop total time 24.651068s
work sharing total time 14.337248s
CommonGraph total time 14.337248s
Running: build/SSWPbaseline /home/xyin014/graph/wen/snap_wen source/wen.txt 64 0.0025 1
Error: Invalid line "% asym unweighted"
read: 178.355746s
loading graph /home/xyin014/graph/wen/snap_wen, root file is source/wen.txt, batch_num is 64, batch_size is 1093043
read: 0.121432s
|E|=437217424
|V|=13593033
Re Computing: 5 1952071 2045484
streaming total time 35.413197s
|V|=13593033
Intersection Graph Marked: 10.126204s
Version Time: 0.058957
direct hop total time 32.617588s
work sharing total time 35.607597s
CommonGraph total time 35.607597s
Running: build/SSWPbaseline /home/xyin014/graph/wen/snap_wen source/wen.txt 64 0.0025 2
Error: Invalid line "% asym unweighted"
read: 178.462470s
loading graph /home/xyin014/graph/wen/snap_wen, root file is source/wen.txt, batch_num is 64, batch_size is 1093043
read: 0.091698s
|E|=437217424
|V|=13593033
streaming total time 44.671661s
|V|=13593033
Intersection Graph Marked: 10.119303s
Version Time: 0.020517
direct hop total time 34.441872s
work sharing total time 6.067921s
CommonGraph total time 6.067921s
Running: build/SSWPbaseline /home/xyin014/graph/wen/snap_wen source/wen.txt 64 0.0025 3
Error: Invalid line "% asym unweighted"
read: 176.936661s
loading graph /home/xyin014/graph/wen/snap_wen, root file is source/wen.txt, batch_num is 64, batch_size is 1093043
read: 0.090049s
|E|=437217424
|V|=13593033
streaming total time 36.259129s
|V|=13593033
Intersection Graph Marked: 9.300220s
Version Time: 1.348087
direct hop total time 32.443623s
work sharing total time 19.169735s
CommonGraph total time 19.169735s
Running: build/SSWPbaseline /home/xyin014/graph/wen/snap_wen source/wen.txt 64 0.0025 4
Error: Invalid line "% asym unweighted"
read: 176.791462s
loading graph /home/xyin014/graph/wen/snap_wen, root file is source/wen.txt, batch_num is 64, batch_size is 1093043
read: 0.091408s
|E|=437217424
|V|=13593033
streaming total time 50.552231s
|V|=13593033
Intersection Graph Marked: 10.399627s
Version Time: 1.269967
direct hop total time 31.466702s
work sharing total time 18.765850s
CommonGraph total time 18.765850s
Running: build/SSWPbaseline /home/xyin014/graph/wen/snap_wen source/wen.txt 64 0.0025 5
Error: Invalid line "% asym unweighted"
read: 176.985042s
loading graph /home/xyin014/graph/wen/snap_wen, root file is source/wen.txt, batch_num is 64, batch_size is 1093043
read: 0.092220s
|E|=437217424
|V|=13593033
Re Computing: 10 1421974 586419
streaming total time 48.278088s
|V|=13593033
Intersection Graph Marked: 9.560803s
Version Time: 1.336010
direct hop total time 38.382504s
work sharing total time 25.644487s
CommonGraph total time 25.644487s
Running: build/SSWPbaseline /home/xyin014/graph/wen/snap_wen source/wen.txt 64 0.0025 6
Error: Invalid line "% asym unweighted"
read: 176.516959s
loading graph /home/xyin014/graph/wen/snap_wen, root file is source/wen.txt, batch_num is 64, batch_size is 1093043
read: 0.090034s
|E|=437217424
|V|=13593033
streaming total time 40.923317s
|V|=13593033
Intersection Graph Marked: 10.224454s
Version Time: 0.963173
direct hop total time 22.052382s
work sharing total time 12.931414s
CommonGraph total time 12.931414s
Running: build/SSWPbaseline /home/xyin014/graph/wen/snap_wen source/wen.txt 64 0.0025 7
Error: Invalid line "% asym unweighted"
read: 176.778852s
loading graph /home/xyin014/graph/wen/snap_wen, root file is source/wen.txt, batch_num is 64, batch_size is 1093043
read: 0.092306s
|E|=437217424
|V|=13593033
streaming total time 35.029408s
|V|=13593033
Intersection Graph Marked: 10.588731s
Version Time: 2.061906
direct hop total time 32.056080s
work sharing total time 18.972435s
CommonGraph total time 18.972435s
Running: build/SSWPbaseline /home/xyin014/graph/wen/snap_wen source/wen.txt 64 0.0025 8
Error: Invalid line "% asym unweighted"
read: 176.585771s
loading graph /home/xyin014/graph/wen/snap_wen, root file is source/wen.txt, batch_num is 64, batch_size is 1093043
read: 0.090592s
|E|=437217424
|V|=13593033
streaming total time 41.104458s
|V|=13593033
Intersection Graph Marked: 10.705531s
Version Time: 1.426096
direct hop total time 33.010986s
work sharing total time 19.567165s
CommonGraph total time 19.567165s
Running: build/SSWPbaseline /home/xyin014/graph/wen/snap_wen source/wen.txt 64 0.0025 9
Error: Invalid line "% asym unweighted"
read: 176.750223s
loading graph /home/xyin014/graph/wen/snap_wen, root file is source/wen.txt, batch_num is 64, batch_size is 1093043
read: 0.091644s
|E|=437217424
|V|=13593033
streaming total time 49.176342s
|V|=13593033
Intersection Graph Marked: 10.244209s
Version Time: 1.347657
direct hop total time 24.768093s
work sharing total time 15.074492s
CommonGraph total time 15.074492s
Running: build/SSWPbaseline /home/xyin014/graph/wen/snap_wen source/wen.txt 64 0.0025 10
Error: Invalid line "% asym unweighted"
read: 176.942705s
loading graph /home/xyin014/graph/wen/snap_wen, root file is source/wen.txt, batch_num is 64, batch_size is 1093043
read: 0.093260s
|E|=437217424
|V|=13593033
Re Computing: 5 1047644 1733896
streaming total time 35.815594s
|V|=13593033
Intersection Graph Marked: 10.058031s
Version Time: 0.009022
direct hop total time 41.859539s
work sharing total time 38.271008s
CommonGraph total time 38.271008s
Running: build/SSWPbaseline /home/xyin014/graph/wen/snap_wen source/wen.txt 64 0.0025 11
Error: Invalid line "% asym unweighted"
read: 176.527694s
loading graph /home/xyin014/graph/wen/snap_wen, root file is source/wen.txt, batch_num is 64, batch_size is 1093043
read: 0.092392s
|E|=437217424
|V|=13593033
streaming total time 33.683762s
|V|=13593033
Intersection Graph Marked: 9.818868s
Version Time: 1.080735
direct hop total time 21.658258s
work sharing total time 12.730017s
CommonGraph total time 12.730017s
Running: build/SSWPbaseline /home/xyin014/graph/wen/snap_wen source/wen.txt 64 0.0025 12
Error: Invalid line "% asym unweighted"
read: 176.455817s
loading graph /home/xyin014/graph/wen/snap_wen, root file is source/wen.txt, batch_num is 64, batch_size is 1093043
read: 0.089642s
|E|=437217424
|V|=13593033
streaming total time 43.586948s
|V|=13593033
Intersection Graph Marked: 9.720047s
Version Time: 0.008742
direct hop total time 29.292639s
work sharing total time 6.819530s
CommonGraph total time 6.819530s
Running: build/SSWPbaseline /home/xyin014/graph/wen/snap_wen source/wen.txt 64 0.0025 13
Error: Invalid line "% asym unweighted"
read: 177.456545s
loading graph /home/xyin014/graph/wen/snap_wen, root file is source/wen.txt, batch_num is 64, batch_size is 1093043
read: 0.102342s
|E|=437217424
|V|=13593033
Re Computing: 5 1379656 1707223
streaming total time 37.724365s
|V|=13593033
Intersection Graph Marked: 10.054384s
Version Time: 0.999935
direct hop total time 50.285931s
work sharing total time 42.014233s
CommonGraph total time 42.014233s
Running: build/SSWPbaseline /home/xyin014/graph/wen/snap_wen source/wen.txt 64 0.0025 14
Error: Invalid line "% asym unweighted"
read: 176.953029s
loading graph /home/xyin014/graph/wen/snap_wen, root file is source/wen.txt, batch_num is 64, batch_size is 1093043
read: 0.092646s
|E|=437217424
|V|=13593033
streaming total time 39.196865s
|V|=13593033
Intersection Graph Marked: 10.028457s
Version Time: 1.293298
direct hop total time 20.724380s
work sharing total time 13.018412s
CommonGraph total time 13.018412s
Running: build/SSWPbaseline /home/xyin014/graph/wen/snap_wen source/wen.txt 64 0.0025 15
Error: Invalid line "% asym unweighted"
read: 176.498427s
loading graph /home/xyin014/graph/wen/snap_wen, root file is source/wen.txt, batch_num is 64, batch_size is 1093043
read: 0.091252s
|E|=437217424
|V|=13593033
streaming total time 36.513783s
|V|=13593033
Intersection Graph Marked: 9.614213s
Version Time: 1.395519
direct hop total time 21.431984s
work sharing total time 12.684478s
CommonGraph total time 12.684478s
Running: build/SSWPbaseline /home/xyin014/graph/dl/snap_dl source/dl_src.txt 8 0.02 0
Error: Invalid line "% asym positive"
Error: Invalid line "% 172308906 18268992 18268992"
read: 73.390821s
loading graph /home/xyin014/graph/dl/snap_dl, root file is source/dl_src.txt, batch_num is 8, batch_size is 3443679
read: 0.072956s
|E|=172183984
|V|=18268993
streaming total time 19.725977s
|V|=18268993
Intersection Graph Marked: 4.919650s
Version Time: 0.716335
direct hop total time 5.068120s
work sharing total time 3.403641s
CommonGraph total time 3.403641s
Running: build/SSWPbaseline /home/xyin014/graph/dl/snap_dl source/dl_src.txt 8 0.02 1
Error: Invalid line "% asym positive"
Error: Invalid line "% 172308906 18268992 18268992"
read: 74.641392s
loading graph /home/xyin014/graph/dl/snap_dl, root file is source/dl_src.txt, batch_num is 8, batch_size is 3443679
read: 0.068490s
|E|=172183984
|V|=18268993
streaming total time 17.883001s
|V|=18268993
Intersection Graph Marked: 4.947780s
Version Time: 0.609152
direct hop total time 4.193824s
work sharing total time 2.728020s
CommonGraph total time 2.728020s
Running: build/SSWPbaseline /home/xyin014/graph/dl/snap_dl source/dl_src.txt 8 0.02 2
Error: Invalid line "% asym positive"
Error: Invalid line "% 172308906 18268992 18268992"
read: 72.465988s
loading graph /home/xyin014/graph/dl/snap_dl, root file is source/dl_src.txt, batch_num is 8, batch_size is 3443679
read: 0.068184s
|E|=172183984
|V|=18268993
streaming total time 12.250548s
|V|=18268993
Intersection Graph Marked: 5.304263s
Version Time: 0.012231
direct hop total time 0.403018s
work sharing total time 0.220704s
CommonGraph total time 0.220704s
Running: build/SSWPbaseline /home/xyin014/graph/dl/snap_dl source/dl_src.txt 8 0.02 3
Error: Invalid line "% asym positive"
Error: Invalid line "% 172308906 18268992 18268992"
read: 72.608720s
loading graph /home/xyin014/graph/dl/snap_dl, root file is source/dl_src.txt, batch_num is 8, batch_size is 3443679
read: 0.075411s
|E|=172183984
|V|=18268993
streaming total time 13.324594s
|V|=18268993
Intersection Graph Marked: 5.636257s
Version Time: 0.012463
direct hop total time 0.378068s
work sharing total time 0.245083s
CommonGraph total time 0.245083s
Running: build/SSWPbaseline /home/xyin014/graph/dl/snap_dl source/dl_src.txt 8 0.02 4
Error: Invalid line "% asym positive"
Error: Invalid line "% 172308906 18268992 18268992"
read: 72.567684s
loading graph /home/xyin014/graph/dl/snap_dl, root file is source/dl_src.txt, batch_num is 8, batch_size is 3443679
read: 0.072857s
|E|=172183984
|V|=18268993
streaming total time 11.933578s
|V|=18268993
Intersection Graph Marked: 5.526092s
Version Time: 0.027692
direct hop total time 0.360197s
work sharing total time 0.235692s
CommonGraph total time 0.235692s
Running: build/SSWPbaseline /home/xyin014/graph/dl/snap_dl source/dl_src.txt 8 0.02 5
Error: Invalid line "% asym positive"
Error: Invalid line "% 172308906 18268992 18268992"
read: 73.239210s
loading graph /home/xyin014/graph/dl/snap_dl, root file is source/dl_src.txt, batch_num is 8, batch_size is 3443679
read: 0.079241s
|E|=172183984
|V|=18268993
streaming total time 16.881329s
|V|=18268993
Intersection Graph Marked: 5.302964s
Version Time: 0.539789
direct hop total time 3.961343s
work sharing total time 2.593340s
CommonGraph total time 2.593340s
Running: build/SSWPbaseline /home/xyin014/graph/dl/snap_dl source/dl_src.txt 8 0.02 6
Error: Invalid line "% asym positive"
Error: Invalid line "% 172308906 18268992 18268992"
read: 72.511803s
loading graph /home/xyin014/graph/dl/snap_dl, root file is source/dl_src.txt, batch_num is 8, batch_size is 3443679
read: 0.074616s
|E|=172183984
|V|=18268993
streaming total time 17.950016s
|V|=18268993
Intersection Graph Marked: 5.067755s
Version Time: 0.491269
direct hop total time 4.052096s
work sharing total time 2.636787s
CommonGraph total time 2.636787s
Running: build/SSWPbaseline /home/xyin014/graph/dl/snap_dl source/dl_src.txt 8 0.02 7
Error: Invalid line "% asym positive"
Error: Invalid line "% 172308906 18268992 18268992"
read: 72.417037s
loading graph /home/xyin014/graph/dl/snap_dl, root file is source/dl_src.txt, batch_num is 8, batch_size is 3443679
read: 0.077704s
|E|=172183984
|V|=18268993
streaming total time 20.822720s
|V|=18268993
Intersection Graph Marked: 5.274807s
Version Time: 0.756551
direct hop total time 5.064678s
work sharing total time 3.284247s
CommonGraph total time 3.284247s
Running: build/SSWPbaseline /home/xyin014/graph/dl/snap_dl source/dl_src.txt 8 0.02 8
Error: Invalid line "% asym positive"
Error: Invalid line "% 172308906 18268992 18268992"
read: 72.507097s
loading graph /home/xyin014/graph/dl/snap_dl, root file is source/dl_src.txt, batch_num is 8, batch_size is 3443679
read: 0.075024s
|E|=172183984
|V|=18268993
streaming total time 17.565317s
|V|=18268993
Intersection Graph Marked: 6.058696s
Version Time: 0.641747
direct hop total time 4.104052s
work sharing total time 2.677982s
CommonGraph total time 2.677982s
Running: build/SSWPbaseline /home/xyin014/graph/dl/snap_dl source/dl_src.txt 8 0.02 9
Error: Invalid line "% asym positive"
Error: Invalid line "% 172308906 18268992 18268992"
read: 72.339626s
loading graph /home/xyin014/graph/dl/snap_dl, root file is source/dl_src.txt, batch_num is 8, batch_size is 3443679
read: 0.072517s
|E|=172183984
|V|=18268993
streaming total time 23.105207s
|V|=18268993
Intersection Graph Marked: 5.722577s
Version Time: 0.731632
direct hop total time 4.717002s
work sharing total time 3.139359s
CommonGraph total time 3.139359s
Running: build/SSWPbaseline /home/xyin014/graph/dl/snap_dl source/dl_src.txt 8 0.02 10
Error: Invalid line "% asym positive"
Error: Invalid line "% 172308906 18268992 18268992"
read: 72.498288s
loading graph /home/xyin014/graph/dl/snap_dl, root file is source/dl_src.txt, batch_num is 8, batch_size is 3443679
read: 0.079419s
|E|=172183984
|V|=18268993
streaming total time 12.864109s
|V|=18268993
Intersection Graph Marked: 6.315224s
Version Time: 0.024805
direct hop total time 0.412928s
work sharing total time 0.312799s
CommonGraph total time 0.312799s
Running: build/SSWPbaseline /home/xyin014/graph/dl/snap_dl source/dl_src.txt 8 0.02 11
Error: Invalid line "% asym positive"
Error: Invalid line "% 172308906 18268992 18268992"
read: 72.590528s
loading graph /home/xyin014/graph/dl/snap_dl, root file is source/dl_src.txt, batch_num is 8, batch_size is 3443679
read: 0.074182s
|E|=172183984
|V|=18268993
streaming total time 10.842907s
|V|=18268993
Intersection Graph Marked: 5.562301s
Version Time: 0.013787
direct hop total time 0.341028s
work sharing total time 0.235769s
CommonGraph total time 0.235769s
Running: build/SSWPbaseline /home/xyin014/graph/dl/snap_dl source/dl_src.txt 8 0.02 12
Error: Invalid line "% asym positive"
Error: Invalid line "% 172308906 18268992 18268992"
read: 73.392837s
loading graph /home/xyin014/graph/dl/snap_dl, root file is source/dl_src.txt, batch_num is 8, batch_size is 3443679
read: 0.075212s
|E|=172183984
|V|=18268993
streaming total time 15.404346s
|V|=18268993
Intersection Graph Marked: 5.328684s
Version Time: 0.724961
direct hop total time 4.436396s
work sharing total time 3.008232s
CommonGraph total time 3.008232s
Running: build/SSWPbaseline /home/xyin014/graph/dl/snap_dl source/dl_src.txt 8 0.02 13
Error: Invalid line "% asym positive"
Error: Invalid line "% 172308906 18268992 18268992"
read: 72.530809s
loading graph /home/xyin014/graph/dl/snap_dl, root file is source/dl_src.txt, batch_num is 8, batch_size is 3443679
read: 0.068156s
|E|=172183984
|V|=18268993
Re Computing: 6 1481467 851256
streaming total time 13.579671s
|V|=18268993
Intersection Graph Marked: 6.049355s
Version Time: 0.012058
direct hop total time 3.147260s
work sharing total time 3.078315s
CommonGraph total time 3.078315s
Running: build/SSWPbaseline /home/xyin014/graph/dl/snap_dl source/dl_src.txt 8 0.02 14
Error: Invalid line "% asym positive"
Error: Invalid line "% 172308906 18268992 18268992"
read: 72.551038s
loading graph /home/xyin014/graph/dl/snap_dl, root file is source/dl_src.txt, batch_num is 8, batch_size is 3443679
read: 0.076776s
|E|=172183984
|V|=18268993
streaming total time 12.303311s
|V|=18268993
Intersection Graph Marked: 5.779526s
Version Time: 0.016888
direct hop total time 0.333186s
work sharing total time 0.276590s
CommonGraph total time 0.276590s
Running: build/SSWPbaseline /home/xyin014/graph/dl/snap_dl source/dl_src.txt 8 0.02 15
Error: Invalid line "% asym positive"
Error: Invalid line "% 172308906 18268992 18268992"
read: 72.630122s
loading graph /home/xyin014/graph/dl/snap_dl, root file is source/dl_src.txt, batch_num is 8, batch_size is 3443679
read: 0.079686s
|E|=172183984
|V|=18268993
streaming total time 11.107910s
|V|=18268993
Intersection Graph Marked: 5.308627s
Version Time: 0.017757
direct hop total time 0.390792s
work sharing total time 0.276557s
CommonGraph total time 0.276557s
Running: build/SSWPbaseline /home/xyin014/graph/dl/snap_dl source/dl_src.txt 16 0.01 0
Error: Invalid line "% asym positive"
Error: Invalid line "% 172308906 18268992 18268992"
read: 72.537095s
loading graph /home/xyin014/graph/dl/snap_dl, root file is source/dl_src.txt, batch_num is 16, batch_size is 1721839
read: 0.073182s
|E|=172183984
|V|=18268993
streaming total time 20.901941s
|V|=18268993
Intersection Graph Marked: 4.984834s
Version Time: 0.767377
direct hop total time 10.154977s
work sharing total time 6.022350s
CommonGraph total time 6.022350s
Running: build/SSWPbaseline /home/xyin014/graph/dl/snap_dl source/dl_src.txt 16 0.01 1
Error: Invalid line "% asym positive"
Error: Invalid line "% 172308906 18268992 18268992"
read: 72.413711s
loading graph /home/xyin014/graph/dl/snap_dl, root file is source/dl_src.txt, batch_num is 16, batch_size is 1721839
read: 0.070540s
|E|=172183984
|V|=18268993
streaming total time 18.579700s
|V|=18268993
Intersection Graph Marked: 5.003292s
Version Time: 0.529533
direct hop total time 6.803901s
work sharing total time 4.231429s
CommonGraph total time 4.231429s
Running: build/SSWPbaseline /home/xyin014/graph/dl/snap_dl source/dl_src.txt 16 0.01 2
Error: Invalid line "% asym positive"
Error: Invalid line "% 172308906 18268992 18268992"
read: 72.439721s
loading graph /home/xyin014/graph/dl/snap_dl, root file is source/dl_src.txt, batch_num is 16, batch_size is 1721839
read: 0.071633s
|E|=172183984
|V|=18268993
streaming total time 17.687025s
|V|=18268993
Intersection Graph Marked: 5.243651s
Version Time: 0.011517
direct hop total time 0.616921s
work sharing total time 0.372163s
CommonGraph total time 0.372163s
Running: build/SSWPbaseline /home/xyin014/graph/dl/snap_dl source/dl_src.txt 16 0.01 3
Error: Invalid line "% asym positive"
Error: Invalid line "% 172308906 18268992 18268992"
read: 72.556363s
loading graph /home/xyin014/graph/dl/snap_dl, root file is source/dl_src.txt, batch_num is 16, batch_size is 1721839
read: 0.070659s
|E|=172183984
|V|=18268993
streaming total time 8.834276s
|V|=18268993
Intersection Graph Marked: 6.119047s
Version Time: 0.040892
direct hop total time 0.653768s
work sharing total time 0.438086s
CommonGraph total time 0.438086s
Running: build/SSWPbaseline /home/xyin014/graph/dl/snap_dl source/dl_src.txt 16 0.01 4
Error: Invalid line "% asym positive"
Error: Invalid line "% 172308906 18268992 18268992"
read: 72.666029s
loading graph /home/xyin014/graph/dl/snap_dl, root file is source/dl_src.txt, batch_num is 16, batch_size is 1721839
read: 0.071138s
|E|=172183984
|V|=18268993
streaming total time 11.330839s
|V|=18268993
Intersection Graph Marked: 5.466719s
Version Time: 0.012325
direct hop total time 0.691060s
work sharing total time 0.526449s
CommonGraph total time 0.526449s
Running: build/SSWPbaseline /home/xyin014/graph/dl/snap_dl source/dl_src.txt 16 0.01 5
Error: Invalid line "% asym positive"
Error: Invalid line "% 172308906 18268992 18268992"
read: 72.524148s
loading graph /home/xyin014/graph/dl/snap_dl, root file is source/dl_src.txt, batch_num is 16, batch_size is 1721839
read: 0.068948s
|E|=172183984
|V|=18268993
streaming total time 22.273359s
|V|=18268993
Intersection Graph Marked: 6.162863s
Version Time: 0.607286
direct hop total time 6.581005s
work sharing total time 4.245472s
CommonGraph total time 4.245472s
Running: build/SSWPbaseline /home/xyin014/graph/dl/snap_dl source/dl_src.txt 16 0.01 6
Error: Invalid line "% asym positive"
Error: Invalid line "% 172308906 18268992 18268992"
read: 72.588851s
loading graph /home/xyin014/graph/dl/snap_dl, root file is source/dl_src.txt, batch_num is 16, batch_size is 1721839
read: 0.075611s
|E|=172183984
|V|=18268993
streaming total time 17.051344s
|V|=18268993
Intersection Graph Marked: 4.944302s
Version Time: 0.504623
direct hop total time 7.013809s
work sharing total time 4.510635s
CommonGraph total time 4.510635s
Running: build/SSWPbaseline /home/xyin014/graph/dl/snap_dl source/dl_src.txt 16 0.01 7
Error: Invalid line "% asym positive"
Error: Invalid line "% 172308906 18268992 18268992"
read: 72.647019s
loading graph /home/xyin014/graph/dl/snap_dl, root file is source/dl_src.txt, batch_num is 16, batch_size is 1721839
read: 0.073844s
|E|=172183984
|V|=18268993
streaming total time 18.606255s
|V|=18268993
Intersection Graph Marked: 4.953718s
Version Time: 0.744139
direct hop total time 8.943119s
work sharing total time 5.422110s
CommonGraph total time 5.422110s
Running: build/SSWPbaseline /home/xyin014/graph/dl/snap_dl source/dl_src.txt 16 0.01 8
Error: Invalid line "% asym positive"
Error: Invalid line "% 172308906 18268992 18268992"
read: 72.434374s
loading graph /home/xyin014/graph/dl/snap_dl, root file is source/dl_src.txt, batch_num is 16, batch_size is 1721839
read: 0.070876s
|E|=172183984
|V|=18268993
streaming total time 11.565977s
|V|=18268993
Intersection Graph Marked: 5.994001s
Version Time: 0.665084
direct hop total time 7.152557s
work sharing total time 4.502154s
CommonGraph total time 4.502154s
Running: build/SSWPbaseline /home/xyin014/graph/dl/snap_dl source/dl_src.txt 16 0.01 9
Error: Invalid line "% asym positive"
Error: Invalid line "% 172308906 18268992 18268992"
read: 72.539394s
loading graph /home/xyin014/graph/dl/snap_dl, root file is source/dl_src.txt, batch_num is 16, batch_size is 1721839
read: 0.071196s
|E|=172183984
|V|=18268993
streaming total time 18.058069s
|V|=18268993
Intersection Graph Marked: 6.326115s
Version Time: 0.761198
direct hop total time 8.180565s
work sharing total time 5.052640s
CommonGraph total time 5.052640s
Running: build/SSWPbaseline /home/xyin014/graph/dl/snap_dl source/dl_src.txt 16 0.01 10
Error: Invalid line "% asym positive"
Error: Invalid line "% 172308906 18268992 18268992"
read: 72.572954s
loading graph /home/xyin014/graph/dl/snap_dl, root file is source/dl_src.txt, batch_num is 16, batch_size is 1721839
read: 0.079844s
|E|=172183984
|V|=18268993
streaming total time 9.608235s
|V|=18268993
Intersection Graph Marked: 4.883995s
Version Time: 0.075454
direct hop total time 0.619170s
work sharing total time 0.382495s
CommonGraph total time 0.382495s
Running: build/SSWPbaseline /home/xyin014/graph/dl/snap_dl source/dl_src.txt 16 0.01 11
Error: Invalid line "% asym positive"
Error: Invalid line "% 172308906 18268992 18268992"
read: 72.890415s
loading graph /home/xyin014/graph/dl/snap_dl, root file is source/dl_src.txt, batch_num is 16, batch_size is 1721839
read: 0.073573s
|E|=172183984
|V|=18268993
streaming total time 12.408147s
|V|=18268993
Intersection Graph Marked: 5.813185s
Version Time: 0.014825
direct hop total time 0.699963s
work sharing total time 0.382212s
CommonGraph total time 0.382212s
Running: build/SSWPbaseline /home/xyin014/graph/dl/snap_dl source/dl_src.txt 16 0.01 12
Error: Invalid line "% asym positive"
Error: Invalid line "% 172308906 18268992 18268992"
read: 72.477640s
loading graph /home/xyin014/graph/dl/snap_dl, root file is source/dl_src.txt, batch_num is 16, batch_size is 1721839
read: 0.070968s
|E|=172183984
|V|=18268993
streaming total time 9.570224s
|V|=18268993
Intersection Graph Marked: 6.825667s
Version Time: 0.741892
direct hop total time 9.206008s
work sharing total time 5.457923s
CommonGraph total time 5.457923s
Running: build/SSWPbaseline /home/xyin014/graph/dl/snap_dl source/dl_src.txt 16 0.01 13
Error: Invalid line "% asym positive"
Error: Invalid line "% 172308906 18268992 18268992"
read: 72.594260s
loading graph /home/xyin014/graph/dl/snap_dl, root file is source/dl_src.txt, batch_num is 16, batch_size is 1721839
read: 0.072395s
|E|=172183984
|V|=18268993
Re Computing: 7 1817981 1016640
streaming total time 22.856241s
|V|=18268993
Intersection Graph Marked: 5.075387s
Version Time: 0.011390
direct hop total time 6.128313s
work sharing total time 6.386048s
CommonGraph total time 6.386048s
Running: build/SSWPbaseline /home/xyin014/graph/dl/snap_dl source/dl_src.txt 16 0.01 14
Error: Invalid line "% asym positive"
Error: Invalid line "% 172308906 18268992 18268992"
read: 72.505957s
loading graph /home/xyin014/graph/dl/snap_dl, root file is source/dl_src.txt, batch_num is 16, batch_size is 1721839
read: 0.066675s
|E|=172183984
|V|=18268993
streaming total time 8.703538s
|V|=18268993
Intersection Graph Marked: 5.390384s
Version Time: 0.014374
direct hop total time 0.622584s
work sharing total time 0.390876s
CommonGraph total time 0.390876s
Running: build/SSWPbaseline /home/xyin014/graph/dl/snap_dl source/dl_src.txt 16 0.01 15
Error: Invalid line "% asym positive"
Error: Invalid line "% 172308906 18268992 18268992"
read: 72.515109s
loading graph /home/xyin014/graph/dl/snap_dl, root file is source/dl_src.txt, batch_num is 16, batch_size is 1721839
read: 0.077871s
|E|=172183984
|V|=18268993
streaming total time 11.740300s
|V|=18268993
Intersection Graph Marked: 5.483651s
Version Time: 0.011534
direct hop total time 0.655380s
work sharing total time 0.388529s
CommonGraph total time 0.388529s
Running: build/SSWPbaseline /home/xyin014/graph/dl/snap_dl source/dl_src.txt 32 0.005 0
Error: Invalid line "% asym positive"
Error: Invalid line "% 172308906 18268992 18268992"
read: 72.310905s
loading graph /home/xyin014/graph/dl/snap_dl, root file is source/dl_src.txt, batch_num is 32, batch_size is 860919
read: 0.082001s
|E|=172183984
|V|=18268993
streaming total time 14.123498s
|V|=18268993
Intersection Graph Marked: 5.169319s
Version Time: 0.867320
direct hop total time 18.241432s
work sharing total time 10.304404s
CommonGraph total time 10.304404s
Running: build/SSWPbaseline /home/xyin014/graph/dl/snap_dl source/dl_src.txt 32 0.005 1
Error: Invalid line "% asym positive"
Error: Invalid line "% 172308906 18268992 18268992"
read: 72.533768s
loading graph /home/xyin014/graph/dl/snap_dl, root file is source/dl_src.txt, batch_num is 32, batch_size is 860919
read: 0.077963s
|E|=172183984
|V|=18268993
streaming total time 14.642109s
|V|=18268993
Intersection Graph Marked: 5.729392s
Version Time: 0.518606
direct hop total time 14.345252s
work sharing total time 8.221213s
CommonGraph total time 8.221213s
Running: build/SSWPbaseline /home/xyin014/graph/dl/snap_dl source/dl_src.txt 32 0.005 2
Error: Invalid line "% asym positive"
Error: Invalid line "% 172308906 18268992 18268992"
read: 72.396127s
loading graph /home/xyin014/graph/dl/snap_dl, root file is source/dl_src.txt, batch_num is 32, batch_size is 860919
read: 0.079914s
|E|=172183984
|V|=18268993
streaming total time 9.673033s
|V|=18268993
Intersection Graph Marked: 5.754712s
Version Time: 0.032259
direct hop total time 1.261122s
work sharing total time 0.689675s
CommonGraph total time 0.689675s
Running: build/SSWPbaseline /home/xyin014/graph/dl/snap_dl source/dl_src.txt 32 0.005 3
Error: Invalid line "% asym positive"
Error: Invalid line "% 172308906 18268992 18268992"
read: 72.611344s
loading graph /home/xyin014/graph/dl/snap_dl, root file is source/dl_src.txt, batch_num is 32, batch_size is 860919
read: 0.073221s
|E|=172183984
|V|=18268993
streaming total time 9.463691s
|V|=18268993
Intersection Graph Marked: 4.982091s
Version Time: 0.022364
direct hop total time 1.633101s
work sharing total time 0.844782s
CommonGraph total time 0.844782s
Running: build/SSWPbaseline /home/xyin014/graph/dl/snap_dl source/dl_src.txt 32 0.005 4
Error: Invalid line "% asym positive"
Error: Invalid line "% 172308906 18268992 18268992"
read: 72.629591s
loading graph /home/xyin014/graph/dl/snap_dl, root file is source/dl_src.txt, batch_num is 32, batch_size is 860919
read: 0.073915s
|E|=172183984
|V|=18268993
streaming total time 14.480068s
|V|=18268993
Intersection Graph Marked: 5.507432s
Version Time: 0.057900
direct hop total time 1.376081s
work sharing total time 0.938164s
CommonGraph total time 0.938164s
Running: build/SSWPbaseline /home/xyin014/graph/dl/snap_dl source/dl_src.txt 32 0.005 5
Error: Invalid line "% asym positive"
Error: Invalid line "% 172308906 18268992 18268992"
read: 72.432640s
loading graph /home/xyin014/graph/dl/snap_dl, root file is source/dl_src.txt, batch_num is 32, batch_size is 860919
read: 0.082477s
|E|=172183984
|V|=18268993
streaming total time 20.452667s
|V|=18268993
Intersection Graph Marked: 5.183884s
Version Time: 0.583170
direct hop total time 13.973700s
work sharing total time 7.976520s
CommonGraph total time 7.976520s
Running: build/SSWPbaseline /home/xyin014/graph/dl/snap_dl source/dl_src.txt 32 0.005 6
Error: Invalid line "% asym positive"
Error: Invalid line "% 172308906 18268992 18268992"
read: 72.436720s
loading graph /home/xyin014/graph/dl/snap_dl, root file is source/dl_src.txt, batch_num is 32, batch_size is 860919
read: 0.073481s
|E|=172183984
|V|=18268993
streaming total time 22.152245s
|V|=18268993
Intersection Graph Marked: 5.132948s
Version Time: 0.581503
direct hop total time 14.030466s
work sharing total time 8.285850s
CommonGraph total time 8.285850s
Running: build/SSWPbaseline /home/xyin014/graph/dl/snap_dl source/dl_src.txt 32 0.005 7
Error: Invalid line "% asym positive"
Error: Invalid line "% 172308906 18268992 18268992"
read: 72.619728s
loading graph /home/xyin014/graph/dl/snap_dl, root file is source/dl_src.txt, batch_num is 32, batch_size is 860919
read: 0.070971s
|E|=172183984
|V|=18268993
streaming total time 12.454330s
|V|=18268993
Intersection Graph Marked: 6.507517s
Version Time: 0.750652
direct hop total time 15.949540s
work sharing total time 9.666032s
CommonGraph total time 9.666032s
Running: build/SSWPbaseline /home/xyin014/graph/dl/snap_dl source/dl_src.txt 32 0.005 8
Error: Invalid line "% asym positive"
Error: Invalid line "% 172308906 18268992 18268992"
read: 72.474784s
loading graph /home/xyin014/graph/dl/snap_dl, root file is source/dl_src.txt, batch_num is 32, batch_size is 860919
read: 0.069896s
|E|=172183984
|V|=18268993
streaming total time 14.275041s
|V|=18268993
Intersection Graph Marked: 5.019685s
Version Time: 0.659911
direct hop total time 15.202242s
work sharing total time 8.911592s
CommonGraph total time 8.911592s
Running: build/SSWPbaseline /home/xyin014/graph/dl/snap_dl source/dl_src.txt 32 0.005 9
Error: Invalid line "% asym positive"
Error: Invalid line "% 172308906 18268992 18268992"
read: 72.645142s
loading graph /home/xyin014/graph/dl/snap_dl, root file is source/dl_src.txt, batch_num is 32, batch_size is 860919
read: 0.072749s
|E|=172183984
|V|=18268993
streaming total time 21.640215s
|V|=18268993
Intersection Graph Marked: 7.179068s
Version Time: 0.739872
direct hop total time 18.290400s
work sharing total time 10.649165s
CommonGraph total time 10.649165s
Running: build/SSWPbaseline /home/xyin014/graph/dl/snap_dl source/dl_src.txt 32 0.005 10
Error: Invalid line "% asym positive"
Error: Invalid line "% 172308906 18268992 18268992"
read: 79.307798s
loading graph /home/xyin014/graph/dl/snap_dl, root file is source/dl_src.txt, batch_num is 32, batch_size is 860919
read: 0.078692s
|E|=172183984
|V|=18268993
streaming total time 11.038504s
|V|=18268993
Intersection Graph Marked: 5.479673s
Version Time: 0.024631
direct hop total time 1.209757s
work sharing total time 0.696882s
CommonGraph total time 0.696882s
Running: build/SSWPbaseline /home/xyin014/graph/dl/snap_dl source/dl_src.txt 32 0.005 11
Error: Invalid line "% asym positive"
Error: Invalid line "% 172308906 18268992 18268992"
read: 72.477406s
loading graph /home/xyin014/graph/dl/snap_dl, root file is source/dl_src.txt, batch_num is 32, batch_size is 860919
read: 0.076184s
|E|=172183984
|V|=18268993
streaming total time 9.501193s
|V|=18268993
Intersection Graph Marked: 5.445646s
Version Time: 0.031598
direct hop total time 1.314617s
work sharing total time 0.687551s
CommonGraph total time 0.687551s
Running: build/SSWPbaseline /home/xyin014/graph/dl/snap_dl source/dl_src.txt 32 0.005 12
Error: Invalid line "% asym positive"
Error: Invalid line "% 172308906 18268992 18268992"
read: 72.485617s
loading graph /home/xyin014/graph/dl/snap_dl, root file is source/dl_src.txt, batch_num is 32, batch_size is 860919
read: 0.073376s
|E|=172183984
|V|=18268993
streaming total time 13.664186s
|V|=18268993
Intersection Graph Marked: 5.053183s
Version Time: 0.724449
direct hop total time 15.956657s
work sharing total time 9.513447s
CommonGraph total time 9.513447s
Running: build/SSWPbaseline /home/xyin014/graph/dl/snap_dl source/dl_src.txt 32 0.005 13
Error: Invalid line "% asym positive"
Error: Invalid line "% 172308906 18268992 18268992"
read: 72.479257s
loading graph /home/xyin014/graph/dl/snap_dl, root file is source/dl_src.txt, batch_num is 32, batch_size is 860919
read: 0.068342s
|E|=172183984
|V|=18268993
Re Computing: 7 1634954 1037361
streaming total time 16.801880s
|V|=18268993
Intersection Graph Marked: 5.328850s
Version Time: 0.061066
direct hop total time 12.352578s
work sharing total time 11.594173s
CommonGraph total time 11.594173s
Running: build/SSWPbaseline /home/xyin014/graph/dl/snap_dl source/dl_src.txt 32 0.005 14
Error: Invalid line "% asym positive"
Error: Invalid line "% 172308906 18268992 18268992"
read: 72.414738s
loading graph /home/xyin014/graph/dl/snap_dl, root file is source/dl_src.txt, batch_num is 32, batch_size is 860919
read: 0.068902s
|E|=172183984
|V|=18268993
streaming total time 16.759527s
|V|=18268993
Intersection Graph Marked: 5.427981s
Version Time: 0.012203
direct hop total time 1.229340s
work sharing total time 0.705633s
CommonGraph total time 0.705633s
Running: build/SSWPbaseline /home/xyin014/graph/dl/snap_dl source/dl_src.txt 32 0.005 15
Error: Invalid line "% asym positive"
Error: Invalid line "% 172308906 18268992 18268992"
read: 72.576059s
loading graph /home/xyin014/graph/dl/snap_dl, root file is source/dl_src.txt, batch_num is 32, batch_size is 860919
read: 0.071837s
|E|=172183984
|V|=18268993
streaming total time 9.457555s
|V|=18268993
Intersection Graph Marked: 5.660449s
Version Time: 0.017829
direct hop total time 1.207407s
work sharing total time 0.682758s
CommonGraph total time 0.682758s
Running: build/SSWPbaseline /home/xyin014/graph/dl/snap_dl source/dl_src.txt 64 0.0025 0
Error: Invalid line "% asym positive"
Error: Invalid line "% 172308906 18268992 18268992"
read: 72.488517s
loading graph /home/xyin014/graph/dl/snap_dl, root file is source/dl_src.txt, batch_num is 64, batch_size is 430459
read: 0.072604s
|E|=172183984
|V|=18268993
streaming total time 17.046598s
|V|=18268993
Intersection Graph Marked: 4.914804s
Version Time: 0.705531
direct hop total time 35.981564s
work sharing total time 19.255020s
CommonGraph total time 19.255020s
Running: build/SSWPbaseline /home/xyin014/graph/dl/snap_dl source/dl_src.txt 64 0.0025 1
Error: Invalid line "% asym positive"
Error: Invalid line "% 172308906 18268992 18268992"
read: 72.575132s
loading graph /home/xyin014/graph/dl/snap_dl, root file is source/dl_src.txt, batch_num is 64, batch_size is 430459
read: 0.070689s
|E|=172183984
|V|=18268993
streaming total time 14.865292s
|V|=18268993
Intersection Graph Marked: 6.094054s
Version Time: 0.695257
direct hop total time 27.637859s
work sharing total time 15.639802s
CommonGraph total time 15.639802s
Running: build/SSWPbaseline /home/xyin014/graph/dl/snap_dl source/dl_src.txt 64 0.0025 2
Error: Invalid line "% asym positive"
Error: Invalid line "% 172308906 18268992 18268992"
read: 72.456906s
loading graph /home/xyin014/graph/dl/snap_dl, root file is source/dl_src.txt, batch_num is 64, batch_size is 430459
read: 0.066691s
|E|=172183984
|V|=18268993
streaming total time 11.554629s
|V|=18268993
Intersection Graph Marked: 5.395686s
Version Time: 0.061311
direct hop total time 2.371194s
work sharing total time 1.307493s
CommonGraph total time 1.307493s
Running: build/SSWPbaseline /home/xyin014/graph/dl/snap_dl source/dl_src.txt 64 0.0025 3
Error: Invalid line "% asym positive"
Error: Invalid line "% 172308906 18268992 18268992"
read: 72.629040s
loading graph /home/xyin014/graph/dl/snap_dl, root file is source/dl_src.txt, batch_num is 64, batch_size is 430459
read: 0.076570s
|E|=172183984
|V|=18268993
streaming total time 8.118349s
|V|=18268993
Intersection Graph Marked: 5.459723s
Version Time: 0.027482
direct hop total time 2.353997s
work sharing total time 1.319133s
CommonGraph total time 1.319133s
Running: build/SSWPbaseline /home/xyin014/graph/dl/snap_dl source/dl_src.txt 64 0.0025 4
Error: Invalid line "% asym positive"
Error: Invalid line "% 172308906 18268992 18268992"
read: 72.433215s
loading graph /home/xyin014/graph/dl/snap_dl, root file is source/dl_src.txt, batch_num is 64, batch_size is 430459
read: 0.074448s
|E|=172183984
|V|=18268993
streaming total time 10.032507s
|V|=18268993
Intersection Graph Marked: 6.746383s
Version Time: 0.021387
direct hop total time 2.359674s
work sharing total time 1.309186s
CommonGraph total time 1.309186s
Running: build/SSWPbaseline /home/xyin014/graph/dl/snap_dl source/dl_src.txt 64 0.0025 5
Error: Invalid line "% asym positive"
Error: Invalid line "% 172308906 18268992 18268992"
read: 72.794507s
loading graph /home/xyin014/graph/dl/snap_dl, root file is source/dl_src.txt, batch_num is 64, batch_size is 430459
read: 0.076956s
|E|=172183984
|V|=18268993
streaming total time 12.125498s
|V|=18268993
Intersection Graph Marked: 4.929898s
Version Time: 0.542614
direct hop total time 24.785612s
work sharing total time 14.285608s
CommonGraph total time 14.285608s
Running: build/SSWPbaseline /home/xyin014/graph/dl/snap_dl source/dl_src.txt 64 0.0025 6
Error: Invalid line "% asym positive"
Error: Invalid line "% 172308906 18268992 18268992"
read: 72.666783s
loading graph /home/xyin014/graph/dl/snap_dl, root file is source/dl_src.txt, batch_num is 64, batch_size is 430459
read: 0.073070s
|E|=172183984
|V|=18268993
streaming total time 14.080938s
|V|=18268993
Intersection Graph Marked: 4.600759s
Version Time: 0.505119
direct hop total time 27.669382s
work sharing total time 15.431547s
CommonGraph total time 15.431547s
Running: build/SSWPbaseline /home/xyin014/graph/dl/snap_dl source/dl_src.txt 64 0.0025 7
Error: Invalid line "% asym positive"
Error: Invalid line "% 172308906 18268992 18268992"
read: 72.538366s
loading graph /home/xyin014/graph/dl/snap_dl, root file is source/dl_src.txt, batch_num is 64, batch_size is 430459
read: 0.074545s
|E|=172183984
|V|=18268993
streaming total time 13.128970s
|V|=18268993
Intersection Graph Marked: 4.750608s
Version Time: 0.741813
direct hop total time 33.188755s
work sharing total time 18.693949s
CommonGraph total time 18.693949s
Running: build/SSWPbaseline /home/xyin014/graph/dl/snap_dl source/dl_src.txt 64 0.0025 8
Error: Invalid line "% asym positive"
Error: Invalid line "% 172308906 18268992 18268992"
read: 72.674404s
loading graph /home/xyin014/graph/dl/snap_dl, root file is source/dl_src.txt, batch_num is 64, batch_size is 430459
read: 0.067164s
|E|=172183984
|V|=18268993
streaming total time 10.111302s
|V|=18268993
Intersection Graph Marked: 4.914038s
Version Time: 0.646715
direct hop total time 29.807968s
work sharing total time 17.311865s
CommonGraph total time 17.311865s
Running: build/SSWPbaseline /home/xyin014/graph/dl/snap_dl source/dl_src.txt 64 0.0025 9
Error: Invalid line "% asym positive"
Error: Invalid line "% 172308906 18268992 18268992"
read: 72.365782s
loading graph /home/xyin014/graph/dl/snap_dl, root file is source/dl_src.txt, batch_num is 64, batch_size is 430459
read: 0.072000s
|E|=172183984
|V|=18268993
streaming total time 11.473770s
|V|=18268993
Intersection Graph Marked: 4.715686s
Version Time: 0.746972
direct hop total time 38.132790s
work sharing total time 21.275114s
CommonGraph total time 21.275114s
Running: build/SSWPbaseline /home/xyin014/graph/dl/snap_dl source/dl_src.txt 64 0.0025 10
Error: Invalid line "% asym positive"
Error: Invalid line "% 172308906 18268992 18268992"
read: 73.362781s
loading graph /home/xyin014/graph/dl/snap_dl, root file is source/dl_src.txt, batch_num is 64, batch_size is 430459
read: 0.074340s
|E|=172183984
|V|=18268993
streaming total time 8.546345s
|V|=18268993
Intersection Graph Marked: 6.113981s
Version Time: 0.018194
direct hop total time 2.368229s
work sharing total time 1.306022s
CommonGraph total time 1.306022s
Running: build/SSWPbaseline /home/xyin014/graph/dl/snap_dl source/dl_src.txt 64 0.0025 11
Error: Invalid line "% asym positive"
Error: Invalid line "% 172308906 18268992 18268992"
read: 72.592227s
loading graph /home/xyin014/graph/dl/snap_dl, root file is source/dl_src.txt, batch_num is 64, batch_size is 430459
read: 0.069779s
|E|=172183984
|V|=18268993
streaming total time 9.717836s
|V|=18268993
Intersection Graph Marked: 4.786980s
Version Time: 0.030496
direct hop total time 2.368093s
work sharing total time 1.303664s
CommonGraph total time 1.303664s
Running: build/SSWPbaseline /home/xyin014/graph/dl/snap_dl source/dl_src.txt 64 0.0025 12
Error: Invalid line "% asym positive"
Error: Invalid line "% 172308906 18268992 18268992"
read: 72.255485s
loading graph /home/xyin014/graph/dl/snap_dl, root file is source/dl_src.txt, batch_num is 64, batch_size is 430459
read: 0.074749s
|E|=172183984
|V|=18268993
streaming total time 18.632303s
|V|=18268993
Intersection Graph Marked: 4.522381s
Version Time: 0.726315
direct hop total time 28.983421s
work sharing total time 17.125416s
CommonGraph total time 17.125416s
Running: build/SSWPbaseline /home/xyin014/graph/dl/snap_dl source/dl_src.txt 64 0.0025 13
Error: Invalid line "% asym positive"
Error: Invalid line "% 172308906 18268992 18268992"
read: 73.276051s
loading graph /home/xyin014/graph/dl/snap_dl, root file is source/dl_src.txt, batch_num is 64, batch_size is 430459
read: 0.084540s
|E|=172183984
|V|=18268993
Re Computing: 7 1450523 1019230
streaming total time 12.525817s
|V|=18268993
Intersection Graph Marked: 5.271254s
Version Time: 0.019650
direct hop total time 23.849777s
work sharing total time 23.929443s
CommonGraph total time 23.929443s
Running: build/SSWPbaseline /home/xyin014/graph/dl/snap_dl source/dl_src.txt 64 0.0025 14
Error: Invalid line "% asym positive"
Error: Invalid line "% 172308906 18268992 18268992"
read: 72.588123s
loading graph /home/xyin014/graph/dl/snap_dl, root file is source/dl_src.txt, batch_num is 64, batch_size is 430459
read: 0.070868s
|E|=172183984
|V|=18268993
streaming total time 15.258377s
|V|=18268993
Intersection Graph Marked: 6.144284s
Version Time: 0.011865
direct hop total time 2.317132s
work sharing total time 1.314968s
CommonGraph total time 1.314968s
Running: build/SSWPbaseline /home/xyin014/graph/dl/snap_dl source/dl_src.txt 64 0.0025 15
Error: Invalid line "% asym positive"
Error: Invalid line "% 172308906 18268992 18268992"
read: 72.359548s
loading graph /home/xyin014/graph/dl/snap_dl, root file is source/dl_src.txt, batch_num is 64, batch_size is 430459
read: 0.075448s
|E|=172183984
|V|=18268993
streaming total time 14.784553s
|V|=18268993
Intersection Graph Marked: 5.164508s
Version Time: 0.011690
direct hop total time 2.288458s
work sharing total time 1.286197s
CommonGraph total time 1.286197s
Running: build/SSWPbaseline /home/xyin014/graph/or/snap_or source/or.txt 8 0.02 0
Error: Invalid line "% bip unweighted"
read: 135.474238s
loading graph /home/xyin014/graph/or/snap_or, root file is source/or.txt, batch_num is 8, batch_size is 6540749
read: 0.062501s
|E|=327037487
|V|=8730858
streaming total time 38.376579s
|V|=8730858
Intersection Graph Marked: 16.232343s
Version Time: 1.736943
direct hop total time 5.142139s
work sharing total time 3.600076s
CommonGraph total time 3.600076s
Running: build/SSWPbaseline /home/xyin014/graph/or/snap_or source/or.txt 8 0.02 1
Error: Invalid line "% bip unweighted"
read: 134.200919s
loading graph /home/xyin014/graph/or/snap_or, root file is source/or.txt, batch_num is 8, batch_size is 6540749
read: 0.061301s
|E|=327037487
|V|=8730858
streaming total time 42.542881s
|V|=8730858
Intersection Graph Marked: 17.832464s
Version Time: 2.298928
direct hop total time 5.049662s
work sharing total time 3.600911s
CommonGraph total time 3.600911s
Running: build/SSWPbaseline /home/xyin014/graph/or/snap_or source/or.txt 8 0.02 2
Error: Invalid line "% bip unweighted"
read: 134.203388s
loading graph /home/xyin014/graph/or/snap_or, root file is source/or.txt, batch_num is 8, batch_size is 6540749
read: 0.061809s
|E|=327037487
|V|=8730858
streaming total time 26.353409s
|V|=8730858
Intersection Graph Marked: 14.824990s
Version Time: 0.005811
direct hop total time 0.573322s
work sharing total time 0.492354s
CommonGraph total time 0.492354s
Running: build/SSWPbaseline /home/xyin014/graph/or/snap_or source/or.txt 8 0.02 3
Error: Invalid line "% bip unweighted"
read: 134.033264s
loading graph /home/xyin014/graph/or/snap_or, root file is source/or.txt, batch_num is 8, batch_size is 6540749
read: 0.062337s
|E|=327037487
|V|=8730858
streaming total time 35.141315s
|V|=8730858
Intersection Graph Marked: 14.241944s
Version Time: 1.764708
direct hop total time 7.707859s
work sharing total time 4.779632s
CommonGraph total time 4.779632s
Running: build/SSWPbaseline /home/xyin014/graph/or/snap_or source/or.txt 8 0.02 4
Error: Invalid line "% bip unweighted"
read: 134.198384s
loading graph /home/xyin014/graph/or/snap_or, root file is source/or.txt, batch_num is 8, batch_size is 6540749
read: 0.061978s
|E|=327037487
|V|=8730858
streaming total time 31.813570s
|V|=8730858
Intersection Graph Marked: 16.999104s
Version Time: 0.005864
direct hop total time 0.527900s
work sharing total time 0.357819s
CommonGraph total time 0.357819s
Running: build/SSWPbaseline /home/xyin014/graph/or/snap_or source/or.txt 8 0.02 5
Error: Invalid line "% bip unweighted"
read: 133.822354s
loading graph /home/xyin014/graph/or/snap_or, root file is source/or.txt, batch_num is 8, batch_size is 6540749
read: 0.061742s
|E|=327037487
|V|=8730858
streaming total time 36.589874s
|V|=8730858
Intersection Graph Marked: 18.567752s
Version Time: 0.005703
direct hop total time 0.559211s
work sharing total time 0.355854s
CommonGraph total time 0.355854s
Running: build/SSWPbaseline /home/xyin014/graph/or/snap_or source/or.txt 8 0.02 6
Error: Invalid line "% bip unweighted"
read: 133.883257s
loading graph /home/xyin014/graph/or/snap_or, root file is source/or.txt, batch_num is 8, batch_size is 6540749
read: 0.062254s
|E|=327037487
|V|=8730858
streaming total time 32.064575s
|V|=8730858
Intersection Graph Marked: 13.495757s
Version Time: 0.883707
direct hop total time 6.039815s
work sharing total time 3.826838s
CommonGraph total time 3.826838s
Running: build/SSWPbaseline /home/xyin014/graph/or/snap_or source/or.txt 8 0.02 7
Error: Invalid line "% bip unweighted"
read: 134.069377s
loading graph /home/xyin014/graph/or/snap_or, root file is source/or.txt, batch_num is 8, batch_size is 6540749
read: 0.062434s
|E|=327037487
|V|=8730858
streaming total time 27.005220s
|V|=8730858
Intersection Graph Marked: 13.852901s
Version Time: 0.910629
direct hop total time 3.530155s
work sharing total time 2.384606s
CommonGraph total time 2.384606s
Running: build/SSWPbaseline /home/xyin014/graph/or/snap_or source/or.txt 8 0.02 8
Error: Invalid line "% bip unweighted"
read: 134.032866s
loading graph /home/xyin014/graph/or/snap_or, root file is source/or.txt, batch_num is 8, batch_size is 6540749
read: 0.062346s
|E|=327037487
|V|=8730858
streaming total time 34.006916s
|V|=8730858
Intersection Graph Marked: 14.203003s
Version Time: 1.936587
direct hop total time 5.371572s
work sharing total time 3.619302s
CommonGraph total time 3.619302s
Running: build/SSWPbaseline /home/xyin014/graph/or/snap_or source/or.txt 8 0.02 9
Error: Invalid line "% bip unweighted"
read: 133.863684s
loading graph /home/xyin014/graph/or/snap_or, root file is source/or.txt, batch_num is 8, batch_size is 6540749
read: 0.061619s
|E|=327037487
|V|=8730858
streaming total time 38.313351s
|V|=8730858
Intersection Graph Marked: 15.470130s
Version Time: 0.005802
direct hop total time 0.573633s
work sharing total time 0.467171s
CommonGraph total time 0.467171s
Running: build/SSWPbaseline /home/xyin014/graph/or/snap_or source/or.txt 8 0.02 10
Error: Invalid line "% bip unweighted"
read: 133.987431s
loading graph /home/xyin014/graph/or/snap_or, root file is source/or.txt, batch_num is 8, batch_size is 6540749
read: 0.062004s
|E|=327037487
|V|=8730858
streaming total time 38.907063s
|V|=8730858
Intersection Graph Marked: 16.602708s
Version Time: 0.005667
direct hop total time 0.437056s
work sharing total time 0.305557s
CommonGraph total time 0.305557s
Running: build/SSWPbaseline /home/xyin014/graph/or/snap_or source/or.txt 8 0.02 11
Error: Invalid line "% bip unweighted"
read: 134.075846s
loading graph /home/xyin014/graph/or/snap_or, root file is source/or.txt, batch_num is 8, batch_size is 6540749
read: 0.062120s
|E|=327037487
|V|=8730858
streaming total time 43.405113s
|V|=8730858
Intersection Graph Marked: 19.225798s
Version Time: 1.846638
direct hop total time 7.436435s
work sharing total time 5.022779s
CommonGraph total time 5.022779s
Running: build/SSWPbaseline /home/xyin014/graph/or/snap_or source/or.txt 8 0.02 12
Error: Invalid line "% bip unweighted"
read: 133.970112s
loading graph /home/xyin014/graph/or/snap_or, root file is source/or.txt, batch_num is 8, batch_size is 6540749
read: 0.062225s
|E|=327037487
|V|=8730858
streaming total time 33.446144s
|V|=8730858
Intersection Graph Marked: 17.633692s
Version Time: 0.005756
direct hop total time 0.508622s
work sharing total time 0.401109s
CommonGraph total time 0.401109s
Running: build/SSWPbaseline /home/xyin014/graph/or/snap_or source/or.txt 8 0.02 13
Error: Invalid line "% bip unweighted"
read: 133.959232s
loading graph /home/xyin014/graph/or/snap_or, root file is source/or.txt, batch_num is 8, batch_size is 6540749
read: 0.063733s
|E|=327037487
|V|=8730858
streaming total time 40.495205s
|V|=8730858
Intersection Graph Marked: 17.238923s
Version Time: 2.151782
direct hop total time 5.011459s
work sharing total time 3.480876s
CommonGraph total time 3.480876s
Running: build/SSWPbaseline /home/xyin014/graph/or/snap_or source/or.txt 8 0.02 14
Error: Invalid line "% bip unweighted"
read: 134.011838s
loading graph /home/xyin014/graph/or/snap_or, root file is source/or.txt, batch_num is 8, batch_size is 6540749
read: 0.061923s
|E|=327037487
|V|=8730858
streaming total time 31.376354s
|V|=8730858
Intersection Graph Marked: 14.988827s
Version Time: 0.005753
direct hop total time 0.484857s
work sharing total time 0.309823s
CommonGraph total time 0.309823s
Running: build/SSWPbaseline /home/xyin014/graph/or/snap_or source/or.txt 8 0.02 15
Error: Invalid line "% bip unweighted"
read: 134.041168s
loading graph /home/xyin014/graph/or/snap_or, root file is source/or.txt, batch_num is 8, batch_size is 6540749
read: 0.062608s
|E|=327037487
|V|=8730858
streaming total time 30.626846s
|V|=8730858
Intersection Graph Marked: 13.606371s
Version Time: 0.005794
direct hop total time 0.455673s
work sharing total time 0.353341s
CommonGraph total time 0.353341s
Running: build/SSWPbaseline /home/xyin014/graph/or/snap_or source/or.txt 16 0.01 0
Error: Invalid line "% bip unweighted"
read: 134.133786s
loading graph /home/xyin014/graph/or/snap_or, root file is source/or.txt, batch_num is 16, batch_size is 3270374
read: 0.063064s
|E|=327037487
|V|=8730858
streaming total time 39.051113s
|V|=8730858
Intersection Graph Marked: 19.767928s
Version Time: 1.624183
direct hop total time 9.500598s
work sharing total time 6.286323s
CommonGraph total time 6.286323s
Running: build/SSWPbaseline /home/xyin014/graph/or/snap_or source/or.txt 16 0.01 1
Error: Invalid line "% bip unweighted"
read: 133.871630s
loading graph /home/xyin014/graph/or/snap_or, root file is source/or.txt, batch_num is 16, batch_size is 3270374
read: 0.061200s
|E|=327037487
|V|=8730858
streaming total time 41.472183s
|V|=8730858
Intersection Graph Marked: 18.989323s
Version Time: 2.072929
direct hop total time 9.272488s
work sharing total time 6.372112s
CommonGraph total time 6.372112s
Running: build/SSWPbaseline /home/xyin014/graph/or/snap_or source/or.txt 16 0.01 2
Error: Invalid line "% bip unweighted"
read: 133.845467s
loading graph /home/xyin014/graph/or/snap_or, root file is source/or.txt, batch_num is 16, batch_size is 3270374
read: 0.068692s
|E|=327037487
|V|=8730858
streaming total time 39.854828s
|V|=8730858
Intersection Graph Marked: 20.605181s
Version Time: 0.005865
direct hop total time 0.840897s
work sharing total time 0.495085s
CommonGraph total time 0.495085s
Running: build/SSWPbaseline /home/xyin014/graph/or/snap_or source/or.txt 16 0.01 3
Error: Invalid line "% bip unweighted"
read: 133.961519s
loading graph /home/xyin014/graph/or/snap_or, root file is source/or.txt, batch_num is 16, batch_size is 3270374
read: 0.061658s
|E|=327037487
|V|=8730858
streaming total time 25.357761s
|V|=8730858
Intersection Graph Marked: 15.271881s
Version Time: 1.770075
direct hop total time 13.772574s
work sharing total time 7.609579s
CommonGraph total time 7.609579s
Running: build/SSWPbaseline /home/xyin014/graph/or/snap_or source/or.txt 16 0.01 4
Error: Invalid line "% bip unweighted"
read: 134.095750s
loading graph /home/xyin014/graph/or/snap_or, root file is source/or.txt, batch_num is 16, batch_size is 3270374
read: 0.062011s
|E|=327037487
|V|=8730858
streaming total time 31.427887s
|V|=8730858
Intersection Graph Marked: 20.163670s
Version Time: 0.005654
direct hop total time 0.825616s
work sharing total time 0.633121s
CommonGraph total time 0.633121s
Running: build/SSWPbaseline /home/xyin014/graph/or/snap_or source/or.txt 16 0.01 5
Error: Invalid line "% bip unweighted"
read: 134.063534s
loading graph /home/xyin014/graph/or/snap_or, root file is source/or.txt, batch_num is 16, batch_size is 3270374
read: 0.062548s
|E|=327037487
|V|=8730858
streaming total time 22.657238s
|V|=8730858
Intersection Graph Marked: 15.705848s
Version Time: 0.055850
direct hop total time 1.092343s
work sharing total time 0.796408s
CommonGraph total time 0.796408s
Running: build/SSWPbaseline /home/xyin014/graph/or/snap_or source/or.txt 16 0.01 6
Error: Invalid line "% bip unweighted"
read: 134.146636s
loading graph /home/xyin014/graph/or/snap_or, root file is source/or.txt, batch_num is 16, batch_size is 3270374
read: 0.062756s
|E|=327037487
|V|=8730858
streaming total time 26.661192s
|V|=8730858
Intersection Graph Marked: 17.635616s
Version Time: 1.063731
direct hop total time 10.895720s
work sharing total time 5.591504s
CommonGraph total time 5.591504s
Running: build/SSWPbaseline /home/xyin014/graph/or/snap_or source/or.txt 16 0.01 7
Error: Invalid line "% bip unweighted"
read: 134.009698s
loading graph /home/xyin014/graph/or/snap_or, root file is source/or.txt, batch_num is 16, batch_size is 3270374
read: 0.062328s
|E|=327037487
|V|=8730858
streaming total time 24.578659s
|V|=8730858
Intersection Graph Marked: 16.550145s
Version Time: 0.910103
direct hop total time 7.404994s
work sharing total time 4.433648s
CommonGraph total time 4.433648s
Running: build/SSWPbaseline /home/xyin014/graph/or/snap_or source/or.txt 16 0.01 8
Error: Invalid line "% bip unweighted"
read: 134.367965s
loading graph /home/xyin014/graph/or/snap_or, root file is source/or.txt, batch_num is 16, batch_size is 3270374
read: 0.062598s
|E|=327037487
|V|=8730858
streaming total time 38.763676s
|V|=8730858
Intersection Graph Marked: 18.875153s
Version Time: 1.931102
direct hop total time 11.267896s
work sharing total time 6.764307s
CommonGraph total time 6.764307s
Running: build/SSWPbaseline /home/xyin014/graph/or/snap_or source/or.txt 16 0.01 9
Error: Invalid line "% bip unweighted"
read: 134.051805s
loading graph /home/xyin014/graph/or/snap_or, root file is source/or.txt, batch_num is 16, batch_size is 3270374
read: 0.062025s
|E|=327037487
|V|=8730858
streaming total time 31.371704s
|V|=8730858
Intersection Graph Marked: 16.959198s
Version Time: 0.055890
direct hop total time 0.949032s
work sharing total time 0.800713s
CommonGraph total time 0.800713s
Running: build/SSWPbaseline /home/xyin014/graph/or/snap_or source/or.txt 16 0.01 10
Error: Invalid line "% bip unweighted"
read: 134.017873s
loading graph /home/xyin014/graph/or/snap_or, root file is source/or.txt, batch_num is 16, batch_size is 3270374
read: 0.063214s
|E|=327037487
|V|=8730858
streaming total time 25.786051s
|V|=8730858
Intersection Graph Marked: 16.717821s
Version Time: 0.005837
direct hop total time 1.085688s
work sharing total time 0.624894s
CommonGraph total time 0.624894s
Running: build/SSWPbaseline /home/xyin014/graph/or/snap_or source/or.txt 16 0.01 11
Error: Invalid line "% bip unweighted"
read: 133.947736s
loading graph /home/xyin014/graph/or/snap_or, root file is source/or.txt, batch_num is 16, batch_size is 3270374
read: 0.061913s
|E|=327037487
|V|=8730858
streaming total time 41.894455s
|V|=8730858
Intersection Graph Marked: 17.328004s
Version Time: 1.856676
direct hop total time 14.938978s
work sharing total time 8.985614s
CommonGraph total time 8.985614s
Running: build/SSWPbaseline /home/xyin014/graph/or/snap_or source/or.txt 16 0.01 12
Error: Invalid line "% bip unweighted"
read: 133.761164s
loading graph /home/xyin014/graph/or/snap_or, root file is source/or.txt, batch_num is 16, batch_size is 3270374
read: 0.062924s
|E|=327037487
|V|=8730858
streaming total time 32.457600s
|V|=8730858
Intersection Graph Marked: 19.786657s
Version Time: 0.005850
direct hop total time 0.813966s
work sharing total time 0.543766s
CommonGraph total time 0.543766s
Running: build/SSWPbaseline /home/xyin014/graph/or/snap_or source/or.txt 16 0.01 13
Error: Invalid line "% bip unweighted"
read: 133.891920s
loading graph /home/xyin014/graph/or/snap_or, root file is source/or.txt, batch_num is 16, batch_size is 3270374
read: 0.063559s
|E|=327037487
|V|=8730858
streaming total time 35.718277s
|V|=8730858
Intersection Graph Marked: 21.457121s
Version Time: 2.132236
direct hop total time 9.958013s
work sharing total time 6.373936s
CommonGraph total time 6.373936s
Running: build/SSWPbaseline /home/xyin014/graph/or/snap_or source/or.txt 16 0.01 14
Error: Invalid line "% bip unweighted"
read: 134.436445s
loading graph /home/xyin014/graph/or/snap_or, root file is source/or.txt, batch_num is 16, batch_size is 3270374
read: 0.061988s
|E|=327037487
|V|=8730858
streaming total time 32.374317s
|V|=8730858
Intersection Graph Marked: 18.583131s
Version Time: 0.005754
direct hop total time 0.929636s
work sharing total time 0.746587s
CommonGraph total time 0.746587s
Running: build/SSWPbaseline /home/xyin014/graph/or/snap_or source/or.txt 16 0.01 15
Error: Invalid line "% bip unweighted"
read: 135.462544s
loading graph /home/xyin014/graph/or/snap_or, root file is source/or.txt, batch_num is 16, batch_size is 3270374
read: 0.063400s
|E|=327037487
|V|=8730858
streaming total time 24.754461s
|V|=8730858
Intersection Graph Marked: 18.484400s
Version Time: 0.005720
direct hop total time 0.945648s
work sharing total time 0.609320s
CommonGraph total time 0.609320s
Running: build/SSWPbaseline /home/xyin014/graph/or/snap_or source/or.txt 32 0.005 0
Error: Invalid line "% bip unweighted"
read: 134.549124s
loading graph /home/xyin014/graph/or/snap_or, root file is source/or.txt, batch_num is 32, batch_size is 1635187
read: 0.063537s
|E|=327037487
|V|=8730858
streaming total time 34.618134s
|V|=8730858
Intersection Graph Marked: 16.876848s
Version Time: 1.656507
direct hop total time 18.348368s
work sharing total time 11.555027s
CommonGraph total time 11.555027s
Running: build/SSWPbaseline /home/xyin014/graph/or/snap_or source/or.txt 32 0.005 1
Error: Invalid line "% bip unweighted"
read: 135.840684s
loading graph /home/xyin014/graph/or/snap_or, root file is source/or.txt, batch_num is 32, batch_size is 1635187
read: 0.075872s
|E|=327037487
|V|=8730858
streaming total time 35.986828s
|V|=8730858
Intersection Graph Marked: 15.568732s
Version Time: 2.138703
direct hop total time 18.437069s
work sharing total time 11.590480s
CommonGraph total time 11.590480s
Running: build/SSWPbaseline /home/xyin014/graph/or/snap_or source/or.txt 32 0.005 2
Error: Invalid line "% bip unweighted"
read: 133.993985s
loading graph /home/xyin014/graph/or/snap_or, root file is source/or.txt, batch_num is 32, batch_size is 1635187
read: 0.062822s
|E|=327037487
|V|=8730858
streaming total time 25.573431s
|V|=8730858
Intersection Graph Marked: 16.971825s
Version Time: 0.006117
direct hop total time 1.547708s
work sharing total time 1.288717s
CommonGraph total time 1.288717s
Running: build/SSWPbaseline /home/xyin014/graph/or/snap_or source/or.txt 32 0.005 3
Error: Invalid line "% bip unweighted"
read: 134.808602s
loading graph /home/xyin014/graph/or/snap_or, root file is source/or.txt, batch_num is 32, batch_size is 1635187
read: 0.062545s
|E|=327037487
|V|=8730858
streaming total time 24.793825s
|V|=8730858
Intersection Graph Marked: 14.112995s
Version Time: 1.770290
direct hop total time 26.927412s
work sharing total time 13.904944s
CommonGraph total time 13.904944s
Running: build/SSWPbaseline /home/xyin014/graph/or/snap_or source/or.txt 32 0.005 4
Error: Invalid line "% bip unweighted"
read: 134.198109s
loading graph /home/xyin014/graph/or/snap_or, root file is source/or.txt, batch_num is 32, batch_size is 1635187
read: 0.062802s
|E|=327037487
|V|=8730858
streaming total time 25.327358s
|V|=8730858
Intersection Graph Marked: 17.303333s
Version Time: 0.006312
direct hop total time 1.570900s
work sharing total time 0.934040s
CommonGraph total time 0.934040s
Running: build/SSWPbaseline /home/xyin014/graph/or/snap_or source/or.txt 32 0.005 5
Error: Invalid line "% bip unweighted"
read: 133.591404s
loading graph /home/xyin014/graph/or/snap_or, root file is source/or.txt, batch_num is 32, batch_size is 1635187
read: 0.062522s
|E|=327037487
|V|=8730858
streaming total time 21.963633s
|V|=8730858
Intersection Graph Marked: 13.807598s
Version Time: 0.005654
direct hop total time 1.581217s
work sharing total time 0.903585s
CommonGraph total time 0.903585s
Running: build/SSWPbaseline /home/xyin014/graph/or/snap_or source/or.txt 32 0.005 6
Error: Invalid line "% bip unweighted"
read: 134.308271s
loading graph /home/xyin014/graph/or/snap_or, root file is source/or.txt, batch_num is 32, batch_size is 1635187
read: 0.062054s
|E|=327037487
|V|=8730858
Re Computing: 1 0 49200
streaming total time 103.020615s
|V|=8730858
Intersection Graph Marked: 17.538231s
Version Time: 0.863156
direct hop total time 20.511810s
work sharing total time 9.949716s
CommonGraph total time 9.949716s
Running: build/SSWPbaseline /home/xyin014/graph/or/snap_or source/or.txt 32 0.005 7
Error: Invalid line "% bip unweighted"
read: 133.647280s
loading graph /home/xyin014/graph/or/snap_or, root file is source/or.txt, batch_num is 32, batch_size is 1635187
read: 0.061914s
|E|=327037487
|V|=8730858
streaming total time 22.980249s
|V|=8730858
Intersection Graph Marked: 15.180607s
Version Time: 0.907834
direct hop total time 14.681428s
work sharing total time 8.483360s
CommonGraph total time 8.483360s
Running: build/SSWPbaseline /home/xyin014/graph/or/snap_or source/or.txt 32 0.005 8
Error: Invalid line "% bip unweighted"
read: 135.593011s
loading graph /home/xyin014/graph/or/snap_or, root file is source/or.txt, batch_num is 32, batch_size is 1635187
read: 0.062144s
|E|=327037487
|V|=8730858
streaming total time 23.521221s
|V|=8730858
Intersection Graph Marked: 14.231946s
Version Time: 2.002272
direct hop total time 19.159727s
work sharing total time 10.953197s
CommonGraph total time 10.953197s
Running: build/SSWPbaseline /home/xyin014/graph/or/snap_or source/or.txt 32 0.005 9
Error: Invalid line "% bip unweighted"
read: 135.677155s
loading graph /home/xyin014/graph/or/snap_or, root file is source/or.txt, batch_num is 32, batch_size is 1635187
read: 0.060970s
|E|=327037487
|V|=8730858
streaming total time 23.522686s
|V|=8730858
Intersection Graph Marked: 20.077874s
Version Time: 0.006194
direct hop total time 1.548247s
work sharing total time 0.854409s
CommonGraph total time 0.854409s
Running: build/SSWPbaseline /home/xyin014/graph/or/snap_or source/or.txt 32 0.005 10
Error: Invalid line "% bip unweighted"
read: 133.839220s
loading graph /home/xyin014/graph/or/snap_or, root file is source/or.txt, batch_num is 32, batch_size is 1635187
read: 0.061775s
|E|=327037487
|V|=8730858
streaming total time 22.748228s
|V|=8730858
Intersection Graph Marked: 17.496261s
Version Time: 0.005850
direct hop total time 1.858472s
work sharing total time 1.028667s
CommonGraph total time 1.028667s
Running: build/SSWPbaseline /home/xyin014/graph/or/snap_or source/or.txt 32 0.005 11
Error: Invalid line "% bip unweighted"
read: 134.189019s
loading graph /home/xyin014/graph/or/snap_or, root file is source/or.txt, batch_num is 32, batch_size is 1635187
read: 0.063215s
|E|=327037487
|V|=8730858
streaming total time 27.548807s
|V|=8730858
Intersection Graph Marked: 15.344732s
Version Time: 1.848957
direct hop total time 26.293797s
work sharing total time 15.279026s
CommonGraph total time 15.279026s
Running: build/SSWPbaseline /home/xyin014/graph/or/snap_or source/or.txt 32 0.005 12
Error: Invalid line "% bip unweighted"
read: 134.208734s
loading graph /home/xyin014/graph/or/snap_or, root file is source/or.txt, batch_num is 32, batch_size is 1635187
read: 0.061736s
|E|=327037487
|V|=8730858
streaming total time 24.588387s
|V|=8730858
Intersection Graph Marked: 19.357010s
Version Time: 0.006314
direct hop total time 1.559342s
work sharing total time 0.937666s
CommonGraph total time 0.937666s
Running: build/SSWPbaseline /home/xyin014/graph/or/snap_or source/or.txt 32 0.005 13
Error: Invalid line "% bip unweighted"
read: 133.834202s
loading graph /home/xyin014/graph/or/snap_or, root file is source/or.txt, batch_num is 32, batch_size is 1635187
read: 0.062635s
|E|=327037487
|V|=8730858
streaming total time 28.350550s
|V|=8730858
Intersection Graph Marked: 18.128741s
Version Time: 2.170787
direct hop total time 17.608292s
work sharing total time 10.838693s
CommonGraph total time 10.838693s
Running: build/SSWPbaseline /home/xyin014/graph/or/snap_or source/or.txt 32 0.005 14
Error: Invalid line "% bip unweighted"
read: 133.706386s
loading graph /home/xyin014/graph/or/snap_or, root file is source/or.txt, batch_num is 32, batch_size is 1635187
read: 0.062480s
|E|=327037487
|V|=8730858
streaming total time 29.275665s
|V|=8730858
Intersection Graph Marked: 19.393854s
Version Time: 0.056058
direct hop total time 1.764952s
work sharing total time 1.291596s
CommonGraph total time 1.291596s
Running: build/SSWPbaseline /home/xyin014/graph/or/snap_or source/or.txt 32 0.005 15
Error: Invalid line "% bip unweighted"
read: 133.821699s
loading graph /home/xyin014/graph/or/snap_or, root file is source/or.txt, batch_num is 32, batch_size is 1635187
read: 0.061590s
|E|=327037487
|V|=8730858
streaming total time 27.629183s
|V|=8730858
Intersection Graph Marked: 19.175923s
Version Time: 0.005703
direct hop total time 1.856491s
work sharing total time 1.200195s
CommonGraph total time 1.200195s
Running: build/SSWPbaseline /home/xyin014/graph/or/snap_or source/or.txt 64 0.0025 0
Error: Invalid line "% bip unweighted"
read: 134.120514s
loading graph /home/xyin014/graph/or/snap_or, root file is source/or.txt, batch_num is 64, batch_size is 817593
read: 0.062708s
|E|=327037487
|V|=8730858
streaming total time 26.714108s
|V|=8730858
Intersection Graph Marked: 13.926869s
Version Time: 1.585829
direct hop total time 37.820076s
work sharing total time 22.947054s
CommonGraph total time 22.947054s
Running: build/SSWPbaseline /home/xyin014/graph/or/snap_or source/or.txt 64 0.0025 1
Error: Invalid line "% bip unweighted"
read: 134.191362s
loading graph /home/xyin014/graph/or/snap_or, root file is source/or.txt, batch_num is 64, batch_size is 817593
read: 0.062082s
|E|=327037487
|V|=8730858
streaming total time 21.555496s
|V|=8730858
Intersection Graph Marked: 14.694135s
Version Time: 2.198106
direct hop total time 37.536385s
work sharing total time 22.443672s
CommonGraph total time 22.443672s
Running: build/SSWPbaseline /home/xyin014/graph/or/snap_or source/or.txt 64 0.0025 2
Error: Invalid line "% bip unweighted"
read: 134.280157s
loading graph /home/xyin014/graph/or/snap_or, root file is source/or.txt, batch_num is 64, batch_size is 817593
read: 0.061458s
|E|=327037487
|V|=8730858
streaming total time 21.602180s
|V|=8730858
Intersection Graph Marked: 15.236181s
Version Time: 0.005845
direct hop total time 3.510682s
work sharing total time 1.966397s
CommonGraph total time 1.966397s
Running: build/SSWPbaseline /home/xyin014/graph/or/snap_or source/or.txt 64 0.0025 3
Error: Invalid line "% bip unweighted"
read: 135.487290s
loading graph /home/xyin014/graph/or/snap_or, root file is source/or.txt, batch_num is 64, batch_size is 817593
read: 0.061987s
|E|=327037487
|V|=8730858
streaming total time 27.213284s
|V|=8730858
Intersection Graph Marked: 15.118912s
Version Time: 2.068862
direct hop total time 50.243935s
work sharing total time 25.125479s
CommonGraph total time 25.125479s
Running: build/SSWPbaseline /home/xyin014/graph/or/snap_or source/or.txt 64 0.0025 4
Error: Invalid line "% bip unweighted"
read: 134.278436s
loading graph /home/xyin014/graph/or/snap_or, root file is source/or.txt, batch_num is 64, batch_size is 817593
read: 0.062718s
|E|=327037487
|V|=8730858
streaming total time 17.815941s
|V|=8730858
Intersection Graph Marked: 16.367658s
Version Time: 0.005723
direct hop total time 3.041902s
work sharing total time 1.701632s
CommonGraph total time 1.701632s
Running: build/SSWPbaseline /home/xyin014/graph/or/snap_or source/or.txt 64 0.0025 5
Error: Invalid line "% bip unweighted"
read: 134.241089s
loading graph /home/xyin014/graph/or/snap_or, root file is source/or.txt, batch_num is 64, batch_size is 817593
read: 0.061881s
|E|=327037487
|V|=8730858
streaming total time 16.422380s
|V|=8730858
Intersection Graph Marked: 15.872017s
Version Time: 0.005684
direct hop total time 3.051843s
work sharing total time 1.695876s
CommonGraph total time 1.695876s
Running: build/SSWPbaseline /home/xyin014/graph/or/snap_or source/or.txt 64 0.0025 6
Error: Invalid line "% bip unweighted"
read: 133.932469s
loading graph /home/xyin014/graph/or/snap_or, root file is source/or.txt, batch_num is 64, batch_size is 817593
read: 0.061380s
|E|=327037487
|V|=8730858
streaming total time 21.965521s
|V|=8730858
Intersection Graph Marked: 14.102689s
Version Time: 0.902059
direct hop total time 38.880322s
work sharing total time 17.515272s
CommonGraph total time 17.515272s
Running: build/SSWPbaseline /home/xyin014/graph/or/snap_or source/or.txt 64 0.0025 7
Error: Invalid line "% bip unweighted"
read: 134.082011s
loading graph /home/xyin014/graph/or/snap_or, root file is source/or.txt, batch_num is 64, batch_size is 817593
read: 0.062028s
|E|=327037487
|V|=8730858
streaming total time 20.116379s
|V|=8730858
Intersection Graph Marked: 17.526878s
Version Time: 0.911226
direct hop total time 26.484457s
work sharing total time 15.337246s
CommonGraph total time 15.337246s
Running: build/SSWPbaseline /home/xyin014/graph/or/snap_or source/or.txt 64 0.0025 8
Error: Invalid line "% bip unweighted"
read: 134.221129s
loading graph /home/xyin014/graph/or/snap_or, root file is source/or.txt, batch_num is 64, batch_size is 817593
read: 0.062166s
|E|=327037487
|V|=8730858
streaming total time 24.167870s
|V|=8730858
Intersection Graph Marked: 14.788218s
Version Time: 1.944053
direct hop total time 39.591709s
work sharing total time 21.954634s
CommonGraph total time 21.954634s
Running: build/SSWPbaseline /home/xyin014/graph/or/snap_or source/or.txt 64 0.0025 9
Error: Invalid line "% bip unweighted"
read: 134.049938s
loading graph /home/xyin014/graph/or/snap_or, root file is source/or.txt, batch_num is 64, batch_size is 817593
read: 0.061468s
|E|=327037487
|V|=8730858
streaming total time 20.139959s
|V|=8730858
Intersection Graph Marked: 16.411498s
Version Time: 0.005919
direct hop total time 3.063888s
work sharing total time 1.705880s
CommonGraph total time 1.705880s
Running: build/SSWPbaseline /home/xyin014/graph/or/snap_or source/or.txt 64 0.0025 10
Error: Invalid line "% bip unweighted"
read: 134.017951s
loading graph /home/xyin014/graph/or/snap_or, root file is source/or.txt, batch_num is 64, batch_size is 817593
read: 0.061263s
|E|=327037487
|V|=8730858
streaming total time 21.557520s
|V|=8730858
Intersection Graph Marked: 19.303251s
Version Time: 0.005841
direct hop total time 3.087322s
work sharing total time 1.715242s
CommonGraph total time 1.715242s
Running: build/SSWPbaseline /home/xyin014/graph/or/snap_or source/or.txt 64 0.0025 11
Error: Invalid line "% bip unweighted"
read: 133.885210s
loading graph /home/xyin014/graph/or/snap_or, root file is source/or.txt, batch_num is 64, batch_size is 817593
read: 0.062095s
|E|=327037487
|V|=8730858
streaming total time 26.868382s
|V|=8730858
Intersection Graph Marked: 13.625764s
Version Time: 1.845630
direct hop total time 51.244148s
work sharing total time 28.405321s
CommonGraph total time 28.405321s
Running: build/SSWPbaseline /home/xyin014/graph/or/snap_or source/or.txt 64 0.0025 12
Error: Invalid line "% bip unweighted"
read: 134.100866s
loading graph /home/xyin014/graph/or/snap_or, root file is source/or.txt, batch_num is 64, batch_size is 817593
read: 0.062574s
|E|=327037487
|V|=8730858
streaming total time 19.234268s
|V|=8730858
Intersection Graph Marked: 15.830816s
Version Time: 0.045231
direct hop total time 3.048703s
work sharing total time 1.692394s
CommonGraph total time 1.692394s
Running: build/SSWPbaseline /home/xyin014/graph/or/snap_or source/or.txt 64 0.0025 13
Error: Invalid line "% bip unweighted"
read: 134.010251s
loading graph /home/xyin014/graph/or/snap_or, root file is source/or.txt, batch_num is 64, batch_size is 817593
read: 0.062707s
|E|=327037487
|V|=8730858
streaming total time 21.902838s
|V|=8730858
Intersection Graph Marked: 15.432722s
Version Time: 2.159821
direct hop total time 35.238594s
work sharing total time 20.917942s
CommonGraph total time 20.917942s
Running: build/SSWPbaseline /home/xyin014/graph/or/snap_or source/or.txt 64 0.0025 14
Error: Invalid line "% bip unweighted"
read: 134.825334s
loading graph /home/xyin014/graph/or/snap_or, root file is source/or.txt, batch_num is 64, batch_size is 817593
read: 0.062623s
|E|=327037487
|V|=8730858
streaming total time 20.328745s
|V|=8730858
Intersection Graph Marked: 14.772232s
Version Time: 0.005750
direct hop total time 3.490286s
work sharing total time 2.119203s
CommonGraph total time 2.119203s
Running: build/SSWPbaseline /home/xyin014/graph/or/snap_or source/or.txt 64 0.0025 15
Error: Invalid line "% bip unweighted"
read: 134.835097s
loading graph /home/xyin014/graph/or/snap_or, root file is source/or.txt, batch_num is 64, batch_size is 817593
read: 0.062088s
|E|=327037487
|V|=8730858
streaming total time 22.787638s
|V|=8730858
Intersection Graph Marked: 13.380089s
Version Time: 0.016276
direct hop total time 3.057274s
work sharing total time 1.674782s
CommonGraph total time 1.674782s
Running: build/SSWPbaseline /home/xyin014/graph/ttw/ttw_snap source/TW_queries.txt 8 0.02 0
Error: Invalid line "% asym unweighted"
read: 622.021606s
loading graph /home/xyin014/graph/ttw/ttw_snap, root file is source/TW_queries.txt, batch_num is 8, batch_size is 29367303
read: 0.291075s
|E|=1468365182
|V|=41652231
streaming total time 179.910202s
|V|=41652231
Intersection Graph Marked: 33.821107s
Version Time: 5.493911
direct hop total time 31.026995s
work sharing total time 10.657755s
CommonGraph total time 10.657755s
Running: build/SSWPbaseline /home/xyin014/graph/ttw/ttw_snap source/TW_queries.txt 8 0.02 1
Error: Invalid line "% asym unweighted"
read: 620.984052s
loading graph /home/xyin014/graph/ttw/ttw_snap, root file is source/TW_queries.txt, batch_num is 8, batch_size is 29367303
read: 0.296134s
|E|=1468365182
|V|=41652231
Re Computing: 6 1772247 449680
streaming total time 190.589081s
|V|=41652231
Intersection Graph Marked: 33.909839s
Version Time: 5.458447
direct hop total time 36.245594s
work sharing total time 17.773094s
CommonGraph total time 17.773094s
Running: build/SSWPbaseline /home/xyin014/graph/ttw/ttw_snap source/TW_queries.txt 8 0.02 2
Error: Invalid line "% asym unweighted"
read: 621.187207s
loading graph /home/xyin014/graph/ttw/ttw_snap, root file is source/TW_queries.txt, batch_num is 8, batch_size is 29367303
read: 0.295769s
|E|=1468365182
|V|=41652231
streaming total time 193.151367s
|V|=41652231
Intersection Graph Marked: 33.901000s
Version Time: 5.423471
direct hop total time 21.864927s
work sharing total time 13.734795s
CommonGraph total time 13.734795s
Running: build/SSWPbaseline /home/xyin014/graph/ttw/ttw_snap source/TW_queries.txt 8 0.02 3
Error: Invalid line "% asym unweighted"
read: 621.760855s
loading graph /home/xyin014/graph/ttw/ttw_snap, root file is source/TW_queries.txt, batch_num is 8, batch_size is 29367303
read: 0.288482s
|E|=1468365182
|V|=41652231
streaming total time 195.794342s
|V|=41652231
Intersection Graph Marked: 33.834836s
Version Time: 5.565767
direct hop total time 27.010284s
work sharing total time 15.035765s
CommonGraph total time 15.035765s
Running: build/SSWPbaseline /home/xyin014/graph/ttw/ttw_snap source/TW_queries.txt 8 0.02 4
Error: Invalid line "% asym unweighted"
read: 622.392490s
loading graph /home/xyin014/graph/ttw/ttw_snap, root file is source/TW_queries.txt, batch_num is 8, batch_size is 29367303
read: 0.291053s
|E|=1468365182
|V|=41652231
streaming total time 196.009872s
|V|=41652231
Intersection Graph Marked: 34.509139s
Version Time: 5.704699
direct hop total time 22.407091s
work sharing total time 13.448678s
CommonGraph total time 13.448678s
Running: build/SSWPbaseline /home/xyin014/graph/ttw/ttw_snap source/TW_queries.txt 8 0.02 5
Error: Invalid line "% asym unweighted"
read: 620.641087s
loading graph /home/xyin014/graph/ttw/ttw_snap, root file is source/TW_queries.txt, batch_num is 8, batch_size is 29367303
read: 0.292082s
|E|=1468365182
|V|=41652231
streaming total time 189.757935s
|V|=41652231
Intersection Graph Marked: 34.143252s
Version Time: 5.220221
direct hop total time 10.279333s
work sharing total time 6.384482s
CommonGraph total time 6.384482s
Running: build/SSWPbaseline /home/xyin014/graph/ttw/ttw_snap source/TW_queries.txt 8 0.02 6
Error: Invalid line "% asym unweighted"
read: 623.811465s
loading graph /home/xyin014/graph/ttw/ttw_snap, root file is source/TW_queries.txt, batch_num is 8, batch_size is 29367303
read: 0.293451s
|E|=1468365182
|V|=41652231
streaming total time 190.799896s
|V|=41652231
Intersection Graph Marked: 33.711606s
Version Time: 0.026080
direct hop total time 3.280485s
work sharing total time 2.040939s
CommonGraph total time 2.040939s
Running: build/SSWPbaseline /home/xyin014/graph/ttw/ttw_snap source/TW_queries.txt 8 0.02 7
Error: Invalid line "% asym unweighted"
read: 620.026260s
loading graph /home/xyin014/graph/ttw/ttw_snap, root file is source/TW_queries.txt, batch_num is 8, batch_size is 29367303
read: 0.290257s
|E|=1468365182
|V|=41652231
streaming total time 195.457657s
|V|=41652231
Intersection Graph Marked: 33.650555s
Version Time: 5.457265
direct hop total time 16.944841s
work sharing total time 10.434956s
CommonGraph total time 10.434956s
Running: build/SSWPbaseline /home/xyin014/graph/ttw/ttw_snap source/TW_queries.txt 8 0.02 8
Error: Invalid line "% asym unweighted"
read: 620.740659s
loading graph /home/xyin014/graph/ttw/ttw_snap, root file is source/TW_queries.txt, batch_num is 8, batch_size is 29367303
read: 0.290868s
|E|=1468365182
|V|=41652231
streaming total time 191.164215s
|V|=41652231
Intersection Graph Marked: 33.818851s
Version Time: 5.466508
direct hop total time 22.959267s
work sharing total time 14.264089s
CommonGraph total time 14.264089s
Running: build/SSWPbaseline /home/xyin014/graph/ttw/ttw_snap source/TW_queries.txt 8 0.02 9
Error: Invalid line "% asym unweighted"
read: 620.465873s
loading graph /home/xyin014/graph/ttw/ttw_snap, root file is source/TW_queries.txt, batch_num is 8, batch_size is 29367303
read: 0.291916s
|E|=1468365182
|V|=41652231
streaming total time 186.590729s
|V|=41652231
Intersection Graph Marked: 34.220256s
Version Time: 6.226374
direct hop total time 23.326880s
work sharing total time 13.985185s
CommonGraph total time 13.985185s
Running: build/SSWPbaseline /home/xyin014/graph/ttw/ttw_snap source/TW_queries.txt 8 0.02 10
Error: Invalid line "% asym unweighted"
read: 621.166564s
loading graph /home/xyin014/graph/ttw/ttw_snap, root file is source/TW_queries.txt, batch_num is 8, batch_size is 29367303
read: 0.284132s
|E|=1468365182
|V|=41652231
streaming total time 199.827271s
|V|=41652231
Intersection Graph Marked: 34.006525s
Version Time: 5.583908
direct hop total time 13.515162s
work sharing total time 8.349741s
CommonGraph total time 8.349741s
Running: build/SSWPbaseline /home/xyin014/graph/ttw/ttw_snap source/TW_queries.txt 8 0.02 11
Error: Invalid line "% asym unweighted"
read: 622.400499s
loading graph /home/xyin014/graph/ttw/ttw_snap, root file is source/TW_queries.txt, batch_num is 8, batch_size is 29367303
read: 0.292310s
|E|=1468365182
|V|=41652231
streaming total time 198.750793s
|V|=41652231
Intersection Graph Marked: 34.008568s
Version Time: 5.685380
direct hop total time 23.122410s
work sharing total time 13.981413s
CommonGraph total time 13.981413s
Running: build/SSWPbaseline /home/xyin014/graph/ttw/ttw_snap source/TW_queries.txt 8 0.02 12
Error: Invalid line "% asym unweighted"
read: 621.257596s
loading graph /home/xyin014/graph/ttw/ttw_snap, root file is source/TW_queries.txt, batch_num is 8, batch_size is 29367303
read: 0.290023s
|E|=1468365182
|V|=41652231
Re Computing: 3 1533509 1938817
streaming total time 187.078186s
|V|=41652231
Intersection Graph Marked: 33.698829s
Version Time: 0.074623
direct hop total time 50.092422s
work sharing total time 47.810867s
CommonGraph total time 47.810867s
Running: build/SSWPbaseline /home/xyin014/graph/ttw/ttw_snap source/TW_queries.txt 8 0.02 13
Error: Invalid line "% asym unweighted"
read: 621.261147s
loading graph /home/xyin014/graph/ttw/ttw_snap, root file is source/TW_queries.txt, batch_num is 8, batch_size is 29367303
read: 0.287540s
|E|=1468365182
|V|=41652231
streaming total time 184.730362s
|V|=41652231
Intersection Graph Marked: 34.059458s
Version Time: 5.699537
direct hop total time 14.605200s
work sharing total time 8.747117s
CommonGraph total time 8.747117s
Running: build/SSWPbaseline /home/xyin014/graph/ttw/ttw_snap source/TW_queries.txt 8 0.02 14
Error: Invalid line "% asym unweighted"
read: 620.593271s
loading graph /home/xyin014/graph/ttw/ttw_snap, root file is source/TW_queries.txt, batch_num is 8, batch_size is 29367303
read: 0.295994s
|E|=1468365182
|V|=41652231
Re Computing: 4 1623619 497427
streaming total time 196.678177s
|V|=41652231
Intersection Graph Marked: 33.450830s
Version Time: 5.787668
direct hop total time 31.882797s
work sharing total time 24.891823s
CommonGraph total time 24.891823s
Running: build/SSWPbaseline /home/xyin014/graph/ttw/ttw_snap source/TW_queries.txt 8 0.02 15
Error: Invalid line "% asym unweighted"
read: 620.802514s
loading graph /home/xyin014/graph/ttw/ttw_snap, root file is source/TW_queries.txt, batch_num is 8, batch_size is 29367303
read: 0.293401s
|E|=1468365182
|V|=41652231
streaming total time 190.780396s
|V|=41652231
Intersection Graph Marked: 34.038654s
Version Time: 5.836217
direct hop total time 22.988441s
work sharing total time 14.029582s
CommonGraph total time 14.029582s
Running: build/SSWPbaseline /home/xyin014/graph/ttw/ttw_snap source/TW_queries.txt 16 0.01 0
Error: Invalid line "% asym unweighted"
read: 621.136595s
loading graph /home/xyin014/graph/ttw/ttw_snap, root file is source/TW_queries.txt, batch_num is 16, batch_size is 14683651
read: 0.290375s
|E|=1468365182
|V|=41652231
streaming total time 178.426834s
|V|=41652231
Intersection Graph Marked: 33.815274s
Version Time: 5.454600
direct hop total time 56.517994s
work sharing total time 16.575649s
CommonGraph total time 16.575649s
Running: build/SSWPbaseline /home/xyin014/graph/ttw/ttw_snap source/TW_queries.txt 16 0.01 1
Error: Invalid line "% asym unweighted"
read: 620.761103s
loading graph /home/xyin014/graph/ttw/ttw_snap, root file is source/TW_queries.txt, batch_num is 16, batch_size is 14683651
read: 0.288629s
|E|=1468365182
|V|=41652231
Re Computing: 7 1591532 1552300
streaming total time 187.008942s
|V|=41652231
Intersection Graph Marked: 33.650199s
Version Time: 5.397665
direct hop total time 68.815216s
work sharing total time 28.477701s
CommonGraph total time 28.477701s
Running: build/SSWPbaseline /home/xyin014/graph/ttw/ttw_snap source/TW_queries.txt 16 0.01 2
Error: Invalid line "% asym unweighted"
read: 621.663894s
loading graph /home/xyin014/graph/ttw/ttw_snap, root file is source/TW_queries.txt, batch_num is 16, batch_size is 14683651
read: 0.294475s
|E|=1468365182
|V|=41652231
streaming total time 191.993332s
|V|=41652231
Intersection Graph Marked: 33.723656s
Version Time: 5.369017
direct hop total time 42.547375s
work sharing total time 23.301733s
CommonGraph total time 23.301733s
Running: build/SSWPbaseline /home/xyin014/graph/ttw/ttw_snap source/TW_queries.txt 16 0.01 3
Error: Invalid line "% asym unweighted"
read: 621.253783s
loading graph /home/xyin014/graph/ttw/ttw_snap, root file is source/TW_queries.txt, batch_num is 16, batch_size is 14683651
read: 0.289867s
|E|=1468365182
|V|=41652231
streaming total time 177.844269s
|V|=41652231
Intersection Graph Marked: 33.567683s
Version Time: 5.680394
direct hop total time 55.462559s
work sharing total time 25.790758s
CommonGraph total time 25.790758s
Running: build/SSWPbaseline /home/xyin014/graph/ttw/ttw_snap source/TW_queries.txt 16 0.01 4
Error: Invalid line "% asym unweighted"
read: 620.939143s
loading graph /home/xyin014/graph/ttw/ttw_snap, root file is source/TW_queries.txt, batch_num is 16, batch_size is 14683651
read: 0.294136s
|E|=1468365182
|V|=41652231
streaming total time 186.176102s
|V|=41652231
Intersection Graph Marked: 33.819437s
Version Time: 5.661361
direct hop total time 44.398998s
work sharing total time 24.676437s
CommonGraph total time 24.676437s
Running: build/SSWPbaseline /home/xyin014/graph/ttw/ttw_snap source/TW_queries.txt 16 0.01 5
Error: Invalid line "% asym unweighted"
read: 621.725289s
loading graph /home/xyin014/graph/ttw/ttw_snap, root file is source/TW_queries.txt, batch_num is 16, batch_size is 14683651
read: 0.293416s
|E|=1468365182
|V|=41652231
streaming total time 164.546280s
|V|=41652231
Intersection Graph Marked: 33.627535s
Version Time: 5.316648
direct hop total time 20.143011s
work sharing total time 11.391038s
CommonGraph total time 11.391038s
Running: build/SSWPbaseline /home/xyin014/graph/ttw/ttw_snap source/TW_queries.txt 16 0.01 6
Error: Invalid line "% asym unweighted"
read: 621.753682s
loading graph /home/xyin014/graph/ttw/ttw_snap, root file is source/TW_queries.txt, batch_num is 16, batch_size is 14683651
read: 0.299118s
|E|=1468365182
|V|=41652231
streaming total time 182.955841s
|V|=41652231
Intersection Graph Marked: 35.352677s
Version Time: 0.071290
direct hop total time 6.706905s
work sharing total time 4.183390s
CommonGraph total time 4.183390s
Running: build/SSWPbaseline /home/xyin014/graph/ttw/ttw_snap source/TW_queries.txt 16 0.01 7
Error: Invalid line "% asym unweighted"
read: 621.583549s
loading graph /home/xyin014/graph/ttw/ttw_snap, root file is source/TW_queries.txt, batch_num is 16, batch_size is 14683651
read: 0.290237s
|E|=1468365182
|V|=41652231
streaming total time 177.130035s
|V|=41652231
Intersection Graph Marked: 33.572630s
Version Time: 5.262539
direct hop total time 32.978909s
work sharing total time 18.250219s
CommonGraph total time 18.250219s
Running: build/SSWPbaseline /home/xyin014/graph/ttw/ttw_snap source/TW_queries.txt 16 0.01 8
Error: Invalid line "% asym unweighted"
read: 621.460644s
loading graph /home/xyin014/graph/ttw/ttw_snap, root file is source/TW_queries.txt, batch_num is 16, batch_size is 14683651
read: 0.294723s
|E|=1468365182
|V|=41652231
streaming total time 181.725052s
|V|=41652231
Intersection Graph Marked: 33.804972s
Version Time: 5.596378
direct hop total time 43.961647s
work sharing total time 24.469614s
CommonGraph total time 24.469614s
Running: build/SSWPbaseline /home/xyin014/graph/ttw/ttw_snap source/TW_queries.txt 16 0.01 9
Error: Invalid line "% asym unweighted"
read: 621.394217s
loading graph /home/xyin014/graph/ttw/ttw_snap, root file is source/TW_queries.txt, batch_num is 16, batch_size is 14683651
read: 0.293842s
|E|=1468365182
|V|=41652231
streaming total time 189.173904s
|V|=41652231
Intersection Graph Marked: 33.846014s
Version Time: 6.173271
direct hop total time 42.701706s
work sharing total time 23.844086s
CommonGraph total time 23.844086s
Running: build/SSWPbaseline /home/xyin014/graph/ttw/ttw_snap source/TW_queries.txt 16 0.01 10
Error: Invalid line "% asym unweighted"
read: 621.140005s
loading graph /home/xyin014/graph/ttw/ttw_snap, root file is source/TW_queries.txt, batch_num is 16, batch_size is 14683651
read: 0.292527s
|E|=1468365182
|V|=41652231
streaming total time 183.612106s
|V|=41652231
Intersection Graph Marked: 34.218296s
Version Time: 5.796599
direct hop total time 26.468050s
work sharing total time 14.332427s
CommonGraph total time 14.332427s
Running: build/SSWPbaseline /home/xyin014/graph/ttw/ttw_snap source/TW_queries.txt 16 0.01 11
Error: Invalid line "% asym unweighted"
read: 621.336989s
loading graph /home/xyin014/graph/ttw/ttw_snap, root file is source/TW_queries.txt, batch_num is 16, batch_size is 14683651
read: 0.289315s
|E|=1468365182
|V|=41652231
streaming total time 180.949402s
|V|=41652231
Intersection Graph Marked: 34.126520s
Version Time: 5.475565
direct hop total time 43.568806s
work sharing total time 24.141224s
CommonGraph total time 24.141224s
Running: build/SSWPbaseline /home/xyin014/graph/ttw/ttw_snap source/TW_queries.txt 16 0.01 12
Error: Invalid line "% asym unweighted"
read: 623.809810s
loading graph /home/xyin014/graph/ttw/ttw_snap, root file is source/TW_queries.txt, batch_num is 16, batch_size is 14683651
read: 0.291459s
|E|=1468365182
|V|=41652231
Re Computing: 3 813699 1746495
streaming total time 191.849014s
|V|=41652231
Intersection Graph Marked: 33.816950s
Version Time: 0.025670
direct hop total time 113.735703s
work sharing total time 75.654251s
CommonGraph total time 75.654251s
Running: build/SSWPbaseline /home/xyin014/graph/ttw/ttw_snap source/TW_queries.txt 16 0.01 13
Error: Invalid line "% asym unweighted"
read: 621.777198s
loading graph /home/xyin014/graph/ttw/ttw_snap, root file is source/TW_queries.txt, batch_num is 16, batch_size is 14683651
read: 0.287628s
|E|=1468365182
|V|=41652231
streaming total time 172.991669s
|V|=41652231
Intersection Graph Marked: 33.810208s
Version Time: 5.726152
direct hop total time 28.612503s
work sharing total time 16.054405s
CommonGraph total time 16.054405s
Running: build/SSWPbaseline /home/xyin014/graph/ttw/ttw_snap source/TW_queries.txt 16 0.01 14
Error: Invalid line "% asym unweighted"
read: 623.201870s
loading graph /home/xyin014/graph/ttw/ttw_snap, root file is source/TW_queries.txt, batch_num is 16, batch_size is 14683651
read: 0.290412s
|E|=1468365182
|V|=41652231
Re Computing: 5 1357339 1270376
streaming total time 173.802002s
|V|=41652231
Intersection Graph Marked: 33.943373s
Version Time: 5.645305
direct hop total time 47.894138s
work sharing total time 38.432777s
CommonGraph total time 38.432777s
Running: build/SSWPbaseline /home/xyin014/graph/ttw/ttw_snap source/TW_queries.txt 16 0.01 15
Error: Invalid line "% asym unweighted"
read: 621.818678s
loading graph /home/xyin014/graph/ttw/ttw_snap, root file is source/TW_queries.txt, batch_num is 16, batch_size is 14683651
read: 0.292273s
|E|=1468365182
|V|=41652231
streaming total time 180.742737s
|V|=41652231
Intersection Graph Marked: 34.118260s
Version Time: 6.052391
direct hop total time 44.732258s
work sharing total time 25.131821s
CommonGraph total time 25.131821s
Running: build/SSWPbaseline /home/xyin014/graph/ttw/ttw_snap source/TW_queries.txt 32 0.005 0
Error: Invalid line "% asym unweighted"
read: 622.889945s
loading graph /home/xyin014/graph/ttw/ttw_snap, root file is source/TW_queries.txt, batch_num is 32, batch_size is 7341825
read: 0.291094s
|E|=1468365182
|V|=41652231
streaming total time 175.667496s
|V|=41652231
Intersection Graph Marked: 34.042841s
Version Time: 5.503670
direct hop total time 110.957100s
work sharing total time 28.771141s
CommonGraph total time 28.771141s
Running: build/SSWPbaseline /home/xyin014/graph/ttw/ttw_snap source/TW_queries.txt 32 0.005 1
Error: Invalid line "% asym unweighted"
read: 622.065545s
loading graph /home/xyin014/graph/ttw/ttw_snap, root file is source/TW_queries.txt, batch_num is 32, batch_size is 7341825
read: 0.282988s
|E|=1468365182
|V|=41652231
Re Computing: 8 1324127 1134159
streaming total time 161.359589s
|V|=41652231
Intersection Graph Marked: 33.790884s
Version Time: 5.370610
direct hop total time 131.270050s
work sharing total time 49.836555s
CommonGraph total time 49.836555s
Running: build/SSWPbaseline /home/xyin014/graph/ttw/ttw_snap source/TW_queries.txt 32 0.005 2
Error: Invalid line "% asym unweighted"
read: 621.432526s
loading graph /home/xyin014/graph/ttw/ttw_snap, root file is source/TW_queries.txt, batch_num is 32, batch_size is 7341825
read: 0.290606s
|E|=1468365182
|V|=41652231
streaming total time 170.704834s
|V|=41652231
Intersection Graph Marked: 34.006674s
Version Time: 5.469007
direct hop total time 80.447472s
work sharing total time 42.813137s
CommonGraph total time 42.813137s
Running: build/SSWPbaseline /home/xyin014/graph/ttw/ttw_snap source/TW_queries.txt 32 0.005 3
Error: Invalid line "% asym unweighted"
read: 622.987325s
loading graph /home/xyin014/graph/ttw/ttw_snap, root file is source/TW_queries.txt, batch_num is 32, batch_size is 7341825
read: 0.292312s
|E|=1468365182
|V|=41652231
streaming total time 175.052139s
|V|=41652231
Intersection Graph Marked: 33.817615s
Version Time: 5.677523
direct hop total time 97.843315s
work sharing total time 41.419823s
CommonGraph total time 41.419823s
Running: build/SSWPbaseline /home/xyin014/graph/ttw/ttw_snap source/TW_queries.txt 32 0.005 4
Error: Invalid line "% asym unweighted"
read: 621.674645s
loading graph /home/xyin014/graph/ttw/ttw_snap, root file is source/TW_queries.txt, batch_num is 32, batch_size is 7341825
read: 0.285992s
|E|=1468365182
|V|=41652231
streaming total time 153.286591s
|V|=41652231
Intersection Graph Marked: 33.472385s
Version Time: 5.594101
direct hop total time 83.287758s
work sharing total time 44.426254s
CommonGraph total time 44.426254s
Running: build/SSWPbaseline /home/xyin014/graph/ttw/ttw_snap source/TW_queries.txt 32 0.005 5
Error: Invalid line "% asym unweighted"
read: 620.781629s
loading graph /home/xyin014/graph/ttw/ttw_snap, root file is source/TW_queries.txt, batch_num is 32, batch_size is 7341825
read: 0.290903s
|E|=1468365182
|V|=41652231
streaming total time 157.565857s
|V|=41652231
Intersection Graph Marked: 33.703887s
Version Time: 5.422161
direct hop total time 40.301598s
work sharing total time 21.368059s
CommonGraph total time 21.368059s
Running: build/SSWPbaseline /home/xyin014/graph/ttw/ttw_snap source/TW_queries.txt 32 0.005 6
Error: Invalid line "% asym unweighted"
read: 623.794085s
loading graph /home/xyin014/graph/ttw/ttw_snap, root file is source/TW_queries.txt, batch_num is 32, batch_size is 7341825
read: 0.296465s
|E|=1468365182
|V|=41652231
streaming total time 163.503433s
|V|=41652231
Intersection Graph Marked: 34.290791s
Version Time: 0.025964
direct hop total time 13.703230s
work sharing total time 7.455314s
CommonGraph total time 7.455314s
Running: build/SSWPbaseline /home/xyin014/graph/ttw/ttw_snap source/TW_queries.txt 32 0.005 7
Error: Invalid line "% asym unweighted"
read: 620.943178s
loading graph /home/xyin014/graph/ttw/ttw_snap, root file is source/TW_queries.txt, batch_num is 32, batch_size is 7341825
read: 0.288899s
|E|=1468365182
|V|=41652231
streaming total time 153.420532s
|V|=41652231
Intersection Graph Marked: 35.783112s
Version Time: 5.315543
direct hop total time 63.454330s
work sharing total time 33.673412s
CommonGraph total time 33.673412s
Running: build/SSWPbaseline /home/xyin014/graph/ttw/ttw_snap source/TW_queries.txt 32 0.005 8
Error: Invalid line "% asym unweighted"
read: 624.028037s
loading graph /home/xyin014/graph/ttw/ttw_snap, root file is source/TW_queries.txt, batch_num is 32, batch_size is 7341825
read: 0.306789s
|E|=1468365182
|V|=41652231
streaming total time 167.271637s
|V|=41652231
Intersection Graph Marked: 33.953331s
Version Time: 5.366036
direct hop total time 84.727760s
work sharing total time 44.879662s
CommonGraph total time 44.879662s
Running: build/SSWPbaseline /home/xyin014/graph/ttw/ttw_snap source/TW_queries.txt 32 0.005 9
Error: Invalid line "% asym unweighted"
read: 638.114628s
loading graph /home/xyin014/graph/ttw/ttw_snap, root file is source/TW_queries.txt, batch_num is 32, batch_size is 7341825
read: 0.301128s
|E|=1468365182
|V|=41652231
streaming total time 173.502686s
|V|=41652231
Intersection Graph Marked: 34.256611s
Version Time: 6.524767
direct hop total time 80.950371s
work sharing total time 43.978714s
CommonGraph total time 43.978714s
Running: build/SSWPbaseline /home/xyin014/graph/ttw/ttw_snap source/TW_queries.txt 32 0.005 10
Error: Invalid line "% asym unweighted"
read: 624.242609s
loading graph /home/xyin014/graph/ttw/ttw_snap, root file is source/TW_queries.txt, batch_num is 32, batch_size is 7341825
read: 0.293252s
|E|=1468365182
|V|=41652231
streaming total time 184.300385s
|V|=41652231
Intersection Graph Marked: 33.643941s
Version Time: 5.534323
direct hop total time 51.782848s
work sharing total time 27.330330s
CommonGraph total time 27.330330s
Running: build/SSWPbaseline /home/xyin014/graph/ttw/ttw_snap source/TW_queries.txt 32 0.005 11
Error: Invalid line "% asym unweighted"
read: 621.222827s
loading graph /home/xyin014/graph/ttw/ttw_snap, root file is source/TW_queries.txt, batch_num is 32, batch_size is 7341825
read: 0.291959s
|E|=1468365182
|V|=41652231
streaming total time 156.766602s
|V|=41652231
Intersection Graph Marked: 34.001087s
Version Time: 5.630878
direct hop total time 85.094917s
work sharing total time 44.892204s
CommonGraph total time 44.892204s
Running: build/SSWPbaseline /home/xyin014/graph/ttw/ttw_snap source/TW_queries.txt 32 0.005 12
Error: Invalid line "% asym unweighted"
read: 622.415611s
loading graph /home/xyin014/graph/ttw/ttw_snap, root file is source/TW_queries.txt, batch_num is 32, batch_size is 7341825
read: 0.295359s
|E|=1468365182
|V|=41652231
Re Computing: 3 451471 1656637
streaming total time 173.515915s
|V|=41652231
Intersection Graph Marked: 33.993559s
Version Time: 0.071435
direct hop total time 241.695145s
work sharing total time 156.373260s
CommonGraph total time 156.373260s
Running: build/SSWPbaseline /home/xyin014/graph/ttw/ttw_snap source/TW_queries.txt 32 0.005 13
Error: Invalid line "% asym unweighted"
read: 623.670282s
loading graph /home/xyin014/graph/ttw/ttw_snap, root file is source/TW_queries.txt, batch_num is 32, batch_size is 7341825
read: 0.290719s
|E|=1468365182
|V|=41652231
streaming total time 166.949356s
|V|=41652231
Intersection Graph Marked: 33.893794s
Version Time: 5.793807
direct hop total time 54.892429s
work sharing total time 28.807240s
CommonGraph total time 28.807240s
Running: build/SSWPbaseline /home/xyin014/graph/ttw/ttw_snap source/TW_queries.txt 32 0.005 14
Error: Invalid line "% asym unweighted"
read: 620.999650s
loading graph /home/xyin014/graph/ttw/ttw_snap, root file is source/TW_queries.txt, batch_num is 32, batch_size is 7341825
read: 0.291024s
|E|=1468365182
|V|=41652231
Re Computing: 5 934011 1262873
streaming total time 174.710144s
|V|=41652231
Intersection Graph Marked: 33.735918s
Version Time: 5.768204
direct hop total time 101.608551s
work sharing total time 66.925674s
CommonGraph total time 66.925674s
Running: build/SSWPbaseline /home/xyin014/graph/ttw/ttw_snap source/TW_queries.txt 32 0.005 15
Error: Invalid line "% asym unweighted"
read: 624.121627s
loading graph /home/xyin014/graph/ttw/ttw_snap, root file is source/TW_queries.txt, batch_num is 32, batch_size is 7341825
read: 0.296823s
|E|=1468365182
|V|=41652231
streaming total time 189.544327s
|V|=41652231
Intersection Graph Marked: 33.403681s
Version Time: 5.844973
direct hop total time 85.184746s
work sharing total time 45.570675s
CommonGraph total time 45.570675s
Running: build/SSWPbaseline /home/xyin014/graph/ttw/ttw_snap source/TW_queries.txt 64 0.0025 0
Error: Invalid line "% asym unweighted"
read: 625.969761s
loading graph /home/xyin014/graph/ttw/ttw_snap, root file is source/TW_queries.txt, batch_num is 64, batch_size is 3670912
read: 0.290306s
|E|=1468365182
|V|=41652231
streaming total time 147.553925s
|V|=41652231
Intersection Graph Marked: 33.753506s
Version Time: 5.478678
direct hop total time 216.173676s
work sharing total time 50.988556s
CommonGraph total time 50.988556s
Running: build/SSWPbaseline /home/xyin014/graph/ttw/ttw_snap source/TW_queries.txt 64 0.0025 1
Error: Invalid line "% asym unweighted"
read: 621.897445s
loading graph /home/xyin014/graph/ttw/ttw_snap, root file is source/TW_queries.txt, batch_num is 64, batch_size is 3670912
read: 0.290241s
|E|=1468365182
|V|=41652231
Re Computing: 8 1087302 1114373
streaming total time 158.534073s
|V|=41652231
Intersection Graph Marked: 34.327877s
Version Time: 5.381882
direct hop total time 273.193848s
work sharing total time 101.024712s
CommonGraph total time 101.024712s
Running: build/SSWPbaseline /home/xyin014/graph/ttw/ttw_snap source/TW_queries.txt 64 0.0025 2
Error: Invalid line "% asym unweighted"
read: 621.918957s
loading graph /home/xyin014/graph/ttw/ttw_snap, root file is source/TW_queries.txt, batch_num is 64, batch_size is 3670912
read: 0.288521s
|E|=1468365182
|V|=41652231
streaming total time 161.842926s
|V|=41652231
Intersection Graph Marked: 34.272094s
Version Time: 5.675600
direct hop total time 172.493286s
work sharing total time 88.172813s
CommonGraph total time 88.172813s
Running: build/SSWPbaseline /home/xyin014/graph/ttw/ttw_snap source/TW_queries.txt 64 0.0025 3
Error: Invalid line "% asym unweighted"
read: 620.929222s
loading graph /home/xyin014/graph/ttw/ttw_snap, root file is source/TW_queries.txt, batch_num is 64, batch_size is 3670912
read: 0.293038s
|E|=1468365182
|V|=41652231
streaming total time 153.097794s
|V|=41652231
Intersection Graph Marked: 33.784834s
Version Time: 5.584500
direct hop total time 199.978912s
work sharing total time 81.147560s
CommonGraph total time 81.147560s
Running: build/SSWPbaseline /home/xyin014/graph/ttw/ttw_snap source/TW_queries.txt 64 0.0025 4
Error: Invalid line "% asym unweighted"
read: 622.181144s
loading graph /home/xyin014/graph/ttw/ttw_snap, root file is source/TW_queries.txt, batch_num is 64, batch_size is 3670912
read: 0.291637s
|E|=1468365182
|V|=41652231
streaming total time 159.196579s
|V|=41652231
Intersection Graph Marked: 34.407360s
Version Time: 5.599869
direct hop total time 172.517960s
work sharing total time 88.574081s
CommonGraph total time 88.574081s
Running: build/SSWPbaseline /home/xyin014/graph/ttw/ttw_snap source/TW_queries.txt 64 0.0025 5
Error: Invalid line "% asym unweighted"
read: 621.328184s
loading graph /home/xyin014/graph/ttw/ttw_snap, root file is source/TW_queries.txt, batch_num is 64, batch_size is 3670912
read: 0.296434s
|E|=1468365182
|V|=41652231
streaming total time 163.159409s
|V|=41652231
Intersection Graph Marked: 33.993078s
Version Time: 5.421818
direct hop total time 81.743835s
work sharing total time 41.555614s
CommonGraph total time 41.555614s
Running: build/SSWPbaseline /home/xyin014/graph/ttw/ttw_snap source/TW_queries.txt 64 0.0025 6
Error: Invalid line "% asym unweighted"
read: 623.044090s
loading graph /home/xyin014/graph/ttw/ttw_snap, root file is source/TW_queries.txt, batch_num is 64, batch_size is 3670912
read: 0.302856s
|E|=1468365182
|V|=41652231
streaming total time 152.318344s
|V|=41652231
Intersection Graph Marked: 33.668212s
Version Time: 0.075715
direct hop total time 24.876860s
work sharing total time 12.924893s
CommonGraph total time 12.924893s
Running: build/SSWPbaseline /home/xyin014/graph/ttw/ttw_snap source/TW_queries.txt 64 0.0025 7
Error: Invalid line "% asym unweighted"
read: 621.541286s
loading graph /home/xyin014/graph/ttw/ttw_snap, root file is source/TW_queries.txt, batch_num is 64, batch_size is 3670912
read: 0.333728s
|E|=1468365182
|V|=41652231
streaming total time 155.665665s
|V|=41652231
Intersection Graph Marked: 33.995850s
Version Time: 5.402728
direct hop total time 127.187454s
work sharing total time 65.272881s
CommonGraph total time 65.272881s
Running: build/SSWPbaseline /home/xyin014/graph/ttw/ttw_snap source/TW_queries.txt 64 0.0025 8
Error: Invalid line "% asym unweighted"
read: 621.305789s
loading graph /home/xyin014/graph/ttw/ttw_snap, root file is source/TW_queries.txt, batch_num is 64, batch_size is 3670912
read: 0.289809s
|E|=1468365182
|V|=41652231
streaming total time 152.668335s
|V|=41652231
Intersection Graph Marked: 33.571047s
Version Time: 5.477933
direct hop total time 169.491852s
work sharing total time 86.921097s
CommonGraph total time 86.921097s
Running: build/SSWPbaseline /home/xyin014/graph/ttw/ttw_snap source/TW_queries.txt 64 0.0025 9
Error: Invalid line "% asym unweighted"
read: 621.812029s
loading graph /home/xyin014/graph/ttw/ttw_snap, root file is source/TW_queries.txt, batch_num is 64, batch_size is 3670912
read: 0.297769s
|E|=1468365182
|V|=41652231
streaming total time 148.296356s
|V|=41652231
Intersection Graph Marked: 33.823922s
Version Time: 6.644054
direct hop total time 162.954651s
work sharing total time 84.177780s
CommonGraph total time 84.177780s
Running: build/SSWPbaseline /home/xyin014/graph/ttw/ttw_snap source/TW_queries.txt 64 0.0025 10
Error: Invalid line "% asym unweighted"
read: 621.519171s
loading graph /home/xyin014/graph/ttw/ttw_snap, root file is source/TW_queries.txt, batch_num is 64, batch_size is 3670912
read: 0.289701s
|E|=1468365182
|V|=41652231
streaming total time 158.346085s
|V|=41652231
Intersection Graph Marked: 33.779841s
Version Time: 5.707138
direct hop total time 98.881065s
work sharing total time 50.743534s
CommonGraph total time 50.743534s
Running: build/SSWPbaseline /home/xyin014/graph/ttw/ttw_snap source/TW_queries.txt 64 0.0025 11
Error: Invalid line "% asym unweighted"
read: 622.431817s
loading graph /home/xyin014/graph/ttw/ttw_snap, root file is source/TW_queries.txt, batch_num is 64, batch_size is 3670912
read: 0.291514s
|E|=1468365182
|V|=41652231
streaming total time 151.458008s
|V|=41652231
Intersection Graph Marked: 33.610346s
Version Time: 5.530507
direct hop total time 161.158997s
work sharing total time 83.437492s
CommonGraph total time 83.437492s
Running: build/SSWPbaseline /home/xyin014/graph/ttw/ttw_snap source/TW_queries.txt 64 0.0025 12
Error: Invalid line "% asym unweighted"
read: 623.036522s
loading graph /home/xyin014/graph/ttw/ttw_snap, root file is source/TW_queries.txt, batch_num is 64, batch_size is 3670912
read: 0.421454s
|E|=1468365182
|V|=41652231
Re Computing: 4 1905153 7778755
streaming total time 155.046448s
|V|=41652231
Intersection Graph Marked: 34.162311s
Version Time: 0.025927
direct hop total time 301.392151s
work sharing total time 324.186188s
CommonGraph total time 324.186188s
Running: build/SSWPbaseline /home/xyin014/graph/ttw/ttw_snap source/TW_queries.txt 64 0.0025 13
Error: Invalid line "% asym unweighted"
read: 622.847434s
loading graph /home/xyin014/graph/ttw/ttw_snap, root file is source/TW_queries.txt, batch_num is 64, batch_size is 3670912
read: 0.298590s
|E|=1468365182
|V|=41652231
streaming total time 149.323730s
|V|=41652231
Intersection Graph Marked: 33.551548s
Version Time: 5.603628
direct hop total time 110.901588s
work sharing total time 56.799728s
CommonGraph total time 56.799728s
Running: build/SSWPbaseline /home/xyin014/graph/ttw/ttw_snap source/TW_queries.txt 64 0.0025 14
Error: Invalid line "% asym unweighted"
read: 625.397450s
loading graph /home/xyin014/graph/ttw/ttw_snap, root file is source/TW_queries.txt, batch_num is 64, batch_size is 3670912
read: 0.289783s
|E|=1468365182
|V|=41652231
Re Computing: 6 2000307 2616221
streaming total time 158.614944s
|V|=41652231
Intersection Graph Marked: 33.970614s
Version Time: 5.613509
direct hop total time 203.528275s
work sharing total time 133.996002s
CommonGraph total time 133.996002s
Running: build/SSWPbaseline /home/xyin014/graph/ttw/ttw_snap source/TW_queries.txt 64 0.0025 15
Error: Invalid line "% asym unweighted"
read: 621.604162s
loading graph /home/xyin014/graph/ttw/ttw_snap, root file is source/TW_queries.txt, batch_num is 64, batch_size is 3670912
read: 0.294552s
|E|=1468365182
|V|=41652231
streaming total time 163.757111s
|V|=41652231
Intersection Graph Marked: 33.965740s
Version Time: 5.859081
direct hop total time 180.468491s
work sharing total time 92.432022s
CommonGraph total time 92.432022s
