Running: build/Viterbibaseline /home/xyin014/graph/sx/stack_snap source/sx.txt 8 0.02 0
read: 15.240880s
loading graph /home/xyin014/graph/sx/stack_snap, root file is source/sx.txt, batch_num is 8, batch_size is 724668
read: 0.006433s
|E|=36233445
|V|=6024259
Re Computing: 1 0 43975
Re Computing: 1 0 43681
Re Computing: 1 0 44203
streaming total time 5.578582s
|V|=6024259
Intersection Graph Marked: 0.872362s
Version Time: 0.165402
direct hop total time 0.978696s
work sharing total time 0.792216s
CommonGraph total time 0.792216s
Running: build/Viterbibaseline /home/xyin014/graph/sx/stack_snap source/sx.txt 8 0.02 1
read: 15.285267s
loading graph /home/xyin014/graph/sx/stack_snap, root file is source/sx.txt, batch_num is 8, batch_size is 724668
read: 0.006501s
|E|=36233445
|V|=6024259
Re Computing: 1 0 44335
Re Computing: 1 0 44066
Re Computing: 1 0 44433
streaming total time 4.692592s
|V|=6024259
Intersection Graph Marked: 0.820813s
Version Time: 0.136085
direct hop total time 1.181797s
work sharing total time 0.895685s
CommonGraph total time 0.895685s
Running: build/Viterbibaseline /home/xyin014/graph/sx/stack_snap source/sx.txt 8 0.02 2
read: 15.237929s
loading graph /home/xyin014/graph/sx/stack_snap, root file is source/sx.txt, batch_num is 8, batch_size is 724668
read: 0.006457s
|E|=36233445
|V|=6024259
Re Computing: 1 0 46401
Re Computing: 1 0 46179
streaming total time 3.369293s
|V|=6024259
Intersection Graph Marked: 0.655782s
Version Time: 0.149689
direct hop total time 1.046054s
work sharing total time 0.894844s
CommonGraph total time 0.894844s
Running: build/Viterbibaseline /home/xyin014/graph/sx/stack_snap source/sx.txt 8 0.02 3
read: 15.335741s
loading graph /home/xyin014/graph/sx/stack_snap, root file is source/sx.txt, batch_num is 8, batch_size is 724668
read: 0.006543s
|E|=36233445
|V|=6024259
streaming total time 3.332300s
|V|=6024259
Intersection Graph Marked: 0.803242s
Version Time: 0.015168
direct hop total time 0.083433s
work sharing total time 0.042821s
CommonGraph total time 0.042821s
Running: build/Viterbibaseline /home/xyin014/graph/sx/stack_snap source/sx.txt 8 0.02 4
read: 15.248258s
loading graph /home/xyin014/graph/sx/stack_snap, root file is source/sx.txt, batch_num is 8, batch_size is 724668
read: 0.006388s
|E|=36233445
|V|=6024259
Re Computing: 1 0 46401
Re Computing: 1 0 46268
Re Computing: 1 0 43344
streaming total time 4.234402s
|V|=6024259
Intersection Graph Marked: 0.716778s
Version Time: 0.168095
direct hop total time 1.029417s
work sharing total time 0.823954s
CommonGraph total time 0.823954s
Running: build/Viterbibaseline /home/xyin014/graph/sx/stack_snap source/sx.txt 8 0.02 5
read: 15.246757s
loading graph /home/xyin014/graph/sx/stack_snap, root file is source/sx.txt, batch_num is 8, batch_size is 724668
read: 0.006469s
|E|=36233445
|V|=6024259
Re Computing: 1 0 43106
Re Computing: 1 0 43176
streaming total time 4.302987s
|V|=6024259
Intersection Graph Marked: 0.687363s
Version Time: 0.125702
direct hop total time 1.109365s
work sharing total time 0.890124s
CommonGraph total time 0.890124s
Running: build/Viterbibaseline /home/xyin014/graph/sx/stack_snap source/sx.txt 8 0.02 6
read: 15.416179s
loading graph /home/xyin014/graph/sx/stack_snap, root file is source/sx.txt, batch_num is 8, batch_size is 724668
read: 0.006511s
|E|=36233445
|V|=6024259
streaming total time 2.831677s
|V|=6024259
Intersection Graph Marked: 0.759909s
Version Time: 0.004185
direct hop total time 0.079000s
work sharing total time 0.041700s
CommonGraph total time 0.041700s
Running: build/Viterbibaseline /home/xyin014/graph/sx/stack_snap source/sx.txt 8 0.02 7
read: 15.230215s
loading graph /home/xyin014/graph/sx/stack_snap, root file is source/sx.txt, batch_num is 8, batch_size is 724668
read: 0.006502s
|E|=36233445
|V|=6024259
Re Computing: 1 0 45111
Re Computing: 1 0 43121
streaming total time 4.137941s
|V|=6024259
Intersection Graph Marked: 0.764197s
Version Time: 0.129467
direct hop total time 0.942539s
work sharing total time 0.788336s
CommonGraph total time 0.788336s
Running: build/Viterbibaseline /home/xyin014/graph/sx/stack_snap source/sx.txt 8 0.02 8
read: 15.255246s
loading graph /home/xyin014/graph/sx/stack_snap, root file is source/sx.txt, batch_num is 8, batch_size is 724668
read: 0.006416s
|E|=36233445
|V|=6024259
Re Computing: 1 0 44837
Re Computing: 1 0 44078
Re Computing: 1 0 44698
streaming total time 3.601538s
|V|=6024259
Intersection Graph Marked: 0.764642s
Version Time: 0.176965
direct hop total time 1.121513s
work sharing total time 0.830494s
CommonGraph total time 0.830494s
Running: build/Viterbibaseline /home/xyin014/graph/sx/stack_snap source/sx.txt 8 0.02 9
read: 15.254437s
loading graph /home/xyin014/graph/sx/stack_snap, root file is source/sx.txt, batch_num is 8, batch_size is 724668
read: 0.006422s
|E|=36233445
|V|=6024259
Re Computing: 1 0 44746
Re Computing: 1 0 44396
Re Computing: 1 0 45263
streaming total time 4.463958s
|V|=6024259
Intersection Graph Marked: 0.749588s
Version Time: 0.159459
direct hop total time 1.014729s
work sharing total time 0.876967s
CommonGraph total time 0.876967s
Running: build/Viterbibaseline /home/xyin014/graph/sx/stack_snap source/sx.txt 8 0.02 10
read: 15.246815s
loading graph /home/xyin014/graph/sx/stack_snap, root file is source/sx.txt, batch_num is 8, batch_size is 724668
read: 0.006428s
|E|=36233445
|V|=6024259
Re Computing: 1 0 43791
Re Computing: 1 0 43419
Re Computing: 1 0 43853
streaming total time 3.837279s
|V|=6024259
Intersection Graph Marked: 0.736071s
Version Time: 0.150745
direct hop total time 1.099980s
work sharing total time 0.862402s
CommonGraph total time 0.862402s
Running: build/Viterbibaseline /home/xyin014/graph/sx/stack_snap source/sx.txt 8 0.02 11
read: 15.254879s
loading graph /home/xyin014/graph/sx/stack_snap, root file is source/sx.txt, batch_num is 8, batch_size is 724668
read: 0.006770s
|E|=36233445
|V|=6024259
streaming total time 2.571401s
|V|=6024259
Intersection Graph Marked: 0.769431s
Version Time: 0.054361
direct hop total time 0.068691s
work sharing total time 0.060938s
CommonGraph total time 0.060938s
Running: build/Viterbibaseline /home/xyin014/graph/sx/stack_snap source/sx.txt 8 0.02 12
read: 15.238726s
loading graph /home/xyin014/graph/sx/stack_snap, root file is source/sx.txt, batch_num is 8, batch_size is 724668
read: 0.006502s
|E|=36233445
|V|=6024259
streaming total time 3.489559s
|V|=6024259
Intersection Graph Marked: 0.669455s
Version Time: 0.044839
direct hop total time 0.064763s
work sharing total time 0.043294s
CommonGraph total time 0.043294s
Running: build/Viterbibaseline /home/xyin014/graph/sx/stack_snap source/sx.txt 8 0.02 13
read: 15.259794s
loading graph /home/xyin014/graph/sx/stack_snap, root file is source/sx.txt, batch_num is 8, batch_size is 724668
read: 0.006577s
|E|=36233445
|V|=6024259
streaming total time 3.245642s
|V|=6024259
Intersection Graph Marked: 0.855004s
Version Time: 0.008982
direct hop total time 0.060913s
work sharing total time 0.042671s
CommonGraph total time 0.042671s
Running: build/Viterbibaseline /home/xyin014/graph/sx/stack_snap source/sx.txt 8 0.02 14
read: 15.274763s
loading graph /home/xyin014/graph/sx/stack_snap, root file is source/sx.txt, batch_num is 8, batch_size is 724668
read: 0.006432s
|E|=36233445
|V|=6024259
streaming total time 2.444366s
|V|=6024259
Intersection Graph Marked: 0.755432s
Version Time: 0.004194
direct hop total time 0.059994s
work sharing total time 0.066363s
CommonGraph total time 0.066363s
Running: build/Viterbibaseline /home/xyin014/graph/sx/stack_snap source/sx.txt 8 0.02 15
read: 15.257516s
loading graph /home/xyin014/graph/sx/stack_snap, root file is source/sx.txt, batch_num is 8, batch_size is 724668
read: 0.006558s
|E|=36233445
|V|=6024259
Re Computing: 1 0 44222
Re Computing: 1 0 43095
streaming total time 3.557674s
|V|=6024259
Intersection Graph Marked: 0.810624s
Version Time: 0.128427
direct hop total time 1.185762s
work sharing total time 0.904534s
CommonGraph total time 0.904534s
Running: build/Viterbibaseline /home/xyin014/graph/sx/stack_snap source/sx.txt 16 0.01 0
read: 15.421951s
loading graph /home/xyin014/graph/sx/stack_snap, root file is source/sx.txt, batch_num is 16, batch_size is 362334
read: 0.006511s
|E|=36233445
|V|=6024259
Re Computing: 1 0 22196
Re Computing: 1 0 22452
Re Computing: 1 0 21584
Re Computing: 1 0 22222
streaming total time 3.368188s
|V|=6024259
Intersection Graph Marked: 0.779044s
Version Time: 0.137089
direct hop total time 2.139153s
work sharing total time 1.505335s
CommonGraph total time 1.505335s
Running: build/Viterbibaseline /home/xyin014/graph/sx/stack_snap source/sx.txt 16 0.01 1
read: 15.257324s
loading graph /home/xyin014/graph/sx/stack_snap, root file is source/sx.txt, batch_num is 16, batch_size is 362334
read: 0.006519s
|E|=36233445
|V|=6024259
Re Computing: 1 0 22478
Re Computing: 1 0 21983
Re Computing: 1 0 22223
streaming total time 3.893187s
|V|=6024259
Intersection Graph Marked: 0.765995s
Version Time: 0.143448
direct hop total time 1.811938s
work sharing total time 1.469107s
CommonGraph total time 1.469107s
Running: build/Viterbibaseline /home/xyin014/graph/sx/stack_snap source/sx.txt 16 0.01 2
read: 15.252599s
loading graph /home/xyin014/graph/sx/stack_snap, root file is source/sx.txt, batch_num is 16, batch_size is 362334
read: 0.006779s
|E|=36233445
|V|=6024259
Re Computing: 1 0 23616
Re Computing: 1 0 23528
Re Computing: 1 0 23333
Re Computing: 1 0 22938
streaming total time 3.634009s
|V|=6024259
Intersection Graph Marked: 0.785836s
Version Time: 0.177564
direct hop total time 1.852260s
work sharing total time 1.551696s
CommonGraph total time 1.551696s
Running: build/Viterbibaseline /home/xyin014/graph/sx/stack_snap source/sx.txt 16 0.01 3
read: 15.275169s
loading graph /home/xyin014/graph/sx/stack_snap, root file is source/sx.txt, batch_num is 16, batch_size is 362334
read: 0.006518s
|E|=36233445
|V|=6024259
streaming total time 2.602830s
|V|=6024259
Intersection Graph Marked: 0.677818s
Version Time: 0.011422
direct hop total time 0.119318s
work sharing total time 0.073166s
CommonGraph total time 0.073166s
Running: build/Viterbibaseline /home/xyin014/graph/sx/stack_snap source/sx.txt 16 0.01 4
read: 15.264198s
loading graph /home/xyin014/graph/sx/stack_snap, root file is source/sx.txt, batch_num is 16, batch_size is 362334
read: 0.006533s
|E|=36233445
|V|=6024259
Re Computing: 1 0 23580
Re Computing: 1 0 23458
Re Computing: 1 0 23290
Re Computing: 1 0 21645
streaming total time 3.854095s
|V|=6024259
Intersection Graph Marked: 0.773760s
Version Time: 0.170070
direct hop total time 1.780630s
work sharing total time 1.391160s
CommonGraph total time 1.391160s
Running: build/Viterbibaseline /home/xyin014/graph/sx/stack_snap source/sx.txt 16 0.01 5
read: 15.234410s
loading graph /home/xyin014/graph/sx/stack_snap, root file is source/sx.txt, batch_num is 16, batch_size is 362334
read: 0.006556s
|E|=36233445
|V|=6024259
Re Computing: 1 0 21902
Re Computing: 1 0 21231
streaming total time 2.868652s
|V|=6024259
Intersection Graph Marked: 0.768784s
Version Time: 0.126912
direct hop total time 1.959302s
work sharing total time 1.468713s
CommonGraph total time 1.468713s
Running: build/Viterbibaseline /home/xyin014/graph/sx/stack_snap source/sx.txt 16 0.01 6
read: 15.296427s
loading graph /home/xyin014/graph/sx/stack_snap, root file is source/sx.txt, batch_num is 16, batch_size is 362334
read: 0.006550s
|E|=36233445
|V|=6024259
streaming total time 1.869831s
|V|=6024259
Intersection Graph Marked: 0.738265s
Version Time: 0.004276
direct hop total time 0.120068s
work sharing total time 0.072726s
CommonGraph total time 0.072726s
Running: build/Viterbibaseline /home/xyin014/graph/sx/stack_snap source/sx.txt 16 0.01 7
read: 15.248790s
loading graph /home/xyin014/graph/sx/stack_snap, root file is source/sx.txt, batch_num is 16, batch_size is 362334
read: 0.006422s
|E|=36233445
|V|=6024259
Re Computing: 1 0 22904
Re Computing: 1 0 22845
Re Computing: 1 0 22595
Re Computing: 1 0 22615
Re Computing: 1 0 22516
streaming total time 5.323308s
|V|=6024259
Intersection Graph Marked: 0.694863s
Version Time: 0.132256
direct hop total time 2.090094s
work sharing total time 1.506016s
CommonGraph total time 1.506016s
Running: build/Viterbibaseline /home/xyin014/graph/sx/stack_snap source/sx.txt 16 0.01 8
read: 15.469573s
loading graph /home/xyin014/graph/sx/stack_snap, root file is source/sx.txt, batch_num is 16, batch_size is 362334
read: 0.006455s
|E|=36233445
|V|=6024259
Re Computing: 1 0 22674
Re Computing: 1 0 22265
Re Computing: 1 0 22219
Re Computing: 1 0 22470
streaming total time 3.858618s
|V|=6024259
Intersection Graph Marked: 0.798148s
Version Time: 0.240888
direct hop total time 2.308310s
work sharing total time 1.560684s
CommonGraph total time 1.560684s
Running: build/Viterbibaseline /home/xyin014/graph/sx/stack_snap source/sx.txt 16 0.01 9
read: 15.409393s
loading graph /home/xyin014/graph/sx/stack_snap, root file is source/sx.txt, batch_num is 16, batch_size is 362334
read: 0.006483s
|E|=36233445
|V|=6024259
Re Computing: 1 0 22231
Re Computing: 1 0 22284
Re Computing: 1 0 22825
streaming total time 4.896553s
|V|=6024259
Intersection Graph Marked: 0.718828s
Version Time: 0.121724
direct hop total time 1.994175s
work sharing total time 1.574940s
CommonGraph total time 1.574940s
Running: build/Viterbibaseline /home/xyin014/graph/sx/stack_snap source/sx.txt 16 0.01 10
read: 15.266376s
loading graph /home/xyin014/graph/sx/stack_snap, root file is source/sx.txt, batch_num is 16, batch_size is 362334
read: 0.006531s
|E|=36233445
|V|=6024259
Re Computing: 1 0 21832
Re Computing: 1 0 21596
streaming total time 4.123184s
|V|=6024259
Intersection Graph Marked: 0.723469s
Version Time: 0.141350
direct hop total time 1.705052s
work sharing total time 1.277957s
CommonGraph total time 1.277957s
Running: build/Viterbibaseline /home/xyin014/graph/sx/stack_snap source/sx.txt 16 0.01 11
read: 15.251684s
loading graph /home/xyin014/graph/sx/stack_snap, root file is source/sx.txt, batch_num is 16, batch_size is 362334
read: 0.006718s
|E|=36233445
|V|=6024259
streaming total time 2.616446s
|V|=6024259
Intersection Graph Marked: 0.784080s
Version Time: 0.011133
direct hop total time 0.122255s
work sharing total time 0.073837s
CommonGraph total time 0.073837s
Running: build/Viterbibaseline /home/xyin014/graph/sx/stack_snap source/sx.txt 16 0.01 12
read: 15.323692s
loading graph /home/xyin014/graph/sx/stack_snap, root file is source/sx.txt, batch_num is 16, batch_size is 362334
read: 0.008836s
|E|=36233445
|V|=6024259
streaming total time 3.305678s
|V|=6024259
Intersection Graph Marked: 0.800000s
Version Time: 0.007697
direct hop total time 0.114259s
work sharing total time 0.072625s
CommonGraph total time 0.072625s
Running: build/Viterbibaseline /home/xyin014/graph/sx/stack_snap source/sx.txt 16 0.01 13
read: 15.261763s
loading graph /home/xyin014/graph/sx/stack_snap, root file is source/sx.txt, batch_num is 16, batch_size is 362334
read: 0.006484s
|E|=36233445
|V|=6024259
streaming total time 2.498586s
|V|=6024259
Intersection Graph Marked: 0.690447s
Version Time: 0.054431
direct hop total time 0.123267s
work sharing total time 0.074640s
CommonGraph total time 0.074640s
Running: build/Viterbibaseline /home/xyin014/graph/sx/stack_snap source/sx.txt 16 0.01 14
read: 15.227169s
loading graph /home/xyin014/graph/sx/stack_snap, root file is source/sx.txt, batch_num is 16, batch_size is 362334
read: 0.006437s
|E|=36233445
|V|=6024259
streaming total time 2.966941s
|V|=6024259
Intersection Graph Marked: 0.732372s
Version Time: 0.009175
direct hop total time 0.117510s
work sharing total time 0.072688s
CommonGraph total time 0.072688s
Running: build/Viterbibaseline /home/xyin014/graph/sx/stack_snap source/sx.txt 16 0.01 15
read: 15.238747s
loading graph /home/xyin014/graph/sx/stack_snap, root file is source/sx.txt, batch_num is 16, batch_size is 362334
read: 0.006885s
|E|=36233445
|V|=6024259
Re Computing: 1 0 22380
Re Computing: 1 0 21690
Re Computing: 1 0 21932
streaming total time 5.141652s
|V|=6024259
Intersection Graph Marked: 0.654010s
Version Time: 0.139936
direct hop total time 1.967433s
work sharing total time 1.465128s
CommonGraph total time 1.465128s
Running: build/Viterbibaseline /home/xyin014/graph/sx/stack_snap source/sx.txt 32 0.005 0
read: 15.253965s
loading graph /home/xyin014/graph/sx/stack_snap, root file is source/sx.txt, batch_num is 32, batch_size is 181167
read: 0.006446s
|E|=36233445
|V|=6024259
Re Computing: 1 0 11242
Re Computing: 1 0 11204
Re Computing: 1 0 10888
Re Computing: 1 0 11156
streaming total time 4.005134s
|V|=6024259
Intersection Graph Marked: 0.736999s
Version Time: 0.126919
direct hop total time 3.795004s
work sharing total time 2.321172s
CommonGraph total time 2.321172s
Running: build/Viterbibaseline /home/xyin014/graph/sx/stack_snap source/sx.txt 32 0.005 1
read: 15.263397s
loading graph /home/xyin014/graph/sx/stack_snap, root file is source/sx.txt, batch_num is 32, batch_size is 181167
read: 0.006906s
|E|=36233445
|V|=6024259
Re Computing: 1 0 11373
Re Computing: 1 0 10964
Re Computing: 1 0 11107
streaming total time 3.423604s
|V|=6024259
Intersection Graph Marked: 0.635575s
Version Time: 0.151289
direct hop total time 3.590651s
work sharing total time 2.533722s
CommonGraph total time 2.533722s
Running: build/Viterbibaseline /home/xyin014/graph/sx/stack_snap source/sx.txt 32 0.005 2
read: 15.253169s
loading graph /home/xyin014/graph/sx/stack_snap, root file is source/sx.txt, batch_num is 32, batch_size is 181167
read: 0.006475s
|E|=36233445
|V|=6024259
Re Computing: 1 0 11930
Re Computing: 1 0 11695
Re Computing: 1 0 11692
Re Computing: 1 0 11615
streaming total time 4.173633s
|V|=6024259
Intersection Graph Marked: 0.746249s
Version Time: 0.152912
direct hop total time 3.408609s
work sharing total time 2.564866s
CommonGraph total time 2.564866s
Running: build/Viterbibaseline /home/xyin014/graph/sx/stack_snap source/sx.txt 32 0.005 3
read: 15.287026s
loading graph /home/xyin014/graph/sx/stack_snap, root file is source/sx.txt, batch_num is 32, batch_size is 181167
read: 0.006431s
|E|=36233445
|V|=6024259
streaming total time 1.583012s
|V|=6024259
Intersection Graph Marked: 0.884434s
Version Time: 0.011430
direct hop total time 0.232877s
work sharing total time 0.136019s
CommonGraph total time 0.136019s
Running: build/Viterbibaseline /home/xyin014/graph/sx/stack_snap source/sx.txt 32 0.005 4
read: 15.238657s
loading graph /home/xyin014/graph/sx/stack_snap, root file is source/sx.txt, batch_num is 32, batch_size is 181167
read: 0.006708s
|E|=36233445
|V|=6024259
Re Computing: 1 0 11903
Re Computing: 1 0 11701
Re Computing: 1 0 11634
Re Computing: 1 0 10931
streaming total time 3.641136s
|V|=6024259
Intersection Graph Marked: 0.722676s
Version Time: 0.163258
direct hop total time 3.393844s
work sharing total time 2.425708s
CommonGraph total time 2.425708s
Running: build/Viterbibaseline /home/xyin014/graph/sx/stack_snap source/sx.txt 32 0.005 5
read: 15.269664s
loading graph /home/xyin014/graph/sx/stack_snap, root file is source/sx.txt, batch_num is 32, batch_size is 181167
read: 0.006657s
|E|=36233445
|V|=6024259
Re Computing: 1 0 11045
Re Computing: 1 0 10729
streaming total time 3.229853s
|V|=6024259
Intersection Graph Marked: 0.757091s
Version Time: 0.123080
direct hop total time 3.688534s
work sharing total time 2.660366s
CommonGraph total time 2.660366s
Running: build/Viterbibaseline /home/xyin014/graph/sx/stack_snap source/sx.txt 32 0.005 6
read: 15.250389s
loading graph /home/xyin014/graph/sx/stack_snap, root file is source/sx.txt, batch_num is 32, batch_size is 181167
read: 0.006617s
|E|=36233445
|V|=6024259
streaming total time 2.326830s
|V|=6024259
Intersection Graph Marked: 0.728617s
Version Time: 0.004408
direct hop total time 0.228154s
work sharing total time 0.137843s
CommonGraph total time 0.137843s
Running: build/Viterbibaseline /home/xyin014/graph/sx/stack_snap source/sx.txt 32 0.005 7
read: 15.272920s
loading graph /home/xyin014/graph/sx/stack_snap, root file is source/sx.txt, batch_num is 32, batch_size is 181167
read: 0.006565s
|E|=36233445
|V|=6024259
Re Computing: 1 0 11637
Re Computing: 1 0 11371
Re Computing: 1 0 11273
Re Computing: 1 0 11194
streaming total time 3.949422s
|V|=6024259
Intersection Graph Marked: 0.787963s
Version Time: 0.137301
direct hop total time 4.100650s
work sharing total time 2.842700s
CommonGraph total time 2.842700s
Running: build/Viterbibaseline /home/xyin014/graph/sx/stack_snap source/sx.txt 32 0.005 8
read: 15.271849s
loading graph /home/xyin014/graph/sx/stack_snap, root file is source/sx.txt, batch_num is 32, batch_size is 181167
read: 0.006449s
|E|=36233445
|V|=6024259
Re Computing: 1 0 11500
Re Computing: 1 0 11278
Re Computing: 1 0 11091
streaming total time 3.817050s
|V|=6024259
Intersection Graph Marked: 0.745565s
Version Time: 0.162181
direct hop total time 3.902703s
work sharing total time 2.471973s
CommonGraph total time 2.471973s
Running: build/Viterbibaseline /home/xyin014/graph/sx/stack_snap source/sx.txt 32 0.005 9
read: 15.258066s
loading graph /home/xyin014/graph/sx/stack_snap, root file is source/sx.txt, batch_num is 32, batch_size is 181167
read: 0.006578s
|E|=36233445
|V|=6024259
Re Computing: 1 0 11265
Re Computing: 1 0 11258
Re Computing: 1 0 11530
streaming total time 3.468674s
|V|=6024259
Intersection Graph Marked: 0.726206s
Version Time: 0.124777
direct hop total time 3.289148s
work sharing total time 2.499388s
CommonGraph total time 2.499388s
Running: build/Viterbibaseline /home/xyin014/graph/sx/stack_snap source/sx.txt 32 0.005 10
read: 15.264606s
loading graph /home/xyin014/graph/sx/stack_snap, root file is source/sx.txt, batch_num is 32, batch_size is 181167
read: 0.006447s
|E|=36233445
|V|=6024259
Re Computing: 1 0 10999
Re Computing: 1 0 10857
Re Computing: 1 0 10998
streaming total time 3.474161s
|V|=6024259
Intersection Graph Marked: 0.690357s
Version Time: 0.136468
direct hop total time 3.405796s
work sharing total time 2.564814s
CommonGraph total time 2.564814s
Running: build/Viterbibaseline /home/xyin014/graph/sx/stack_snap source/sx.txt 32 0.005 11
read: 15.276658s
loading graph /home/xyin014/graph/sx/stack_snap, root file is source/sx.txt, batch_num is 32, batch_size is 181167
read: 0.006406s
|E|=36233445
|V|=6024259
streaming total time 2.431955s
|V|=6024259
Intersection Graph Marked: 0.664835s
Version Time: 0.013680
direct hop total time 0.215275s
work sharing total time 0.131794s
CommonGraph total time 0.131794s
Running: build/Viterbibaseline /home/xyin014/graph/sx/stack_snap source/sx.txt 32 0.005 12
read: 15.254829s
loading graph /home/xyin014/graph/sx/stack_snap, root file is source/sx.txt, batch_num is 32, batch_size is 181167
read: 0.006474s
|E|=36233445
|V|=6024259
streaming total time 2.966863s
|V|=6024259
Intersection Graph Marked: 0.774031s
Version Time: 0.014426
direct hop total time 0.219632s
work sharing total time 0.135580s
CommonGraph total time 0.135580s
Running: build/Viterbibaseline /home/xyin014/graph/sx/stack_snap source/sx.txt 32 0.005 13
read: 15.248767s
loading graph /home/xyin014/graph/sx/stack_snap, root file is source/sx.txt, batch_num is 32, batch_size is 181167
read: 0.006482s
|E|=36233445
|V|=6024259
streaming total time 2.295630s
|V|=6024259
Intersection Graph Marked: 0.787912s
Version Time: 0.004235
direct hop total time 0.229282s
work sharing total time 0.132882s
CommonGraph total time 0.132882s
Running: build/Viterbibaseline /home/xyin014/graph/sx/stack_snap source/sx.txt 32 0.005 14
read: 15.241061s
loading graph /home/xyin014/graph/sx/stack_snap, root file is source/sx.txt, batch_num is 32, batch_size is 181167
read: 0.006435s
|E|=36233445
|V|=6024259
streaming total time 2.228987s
|V|=6024259
Intersection Graph Marked: 0.852851s
Version Time: 0.007267
direct hop total time 0.227491s
work sharing total time 0.131432s
CommonGraph total time 0.131432s
Running: build/Viterbibaseline /home/xyin014/graph/sx/stack_snap source/sx.txt 32 0.005 15
read: 15.462774s
loading graph /home/xyin014/graph/sx/stack_snap, root file is source/sx.txt, batch_num is 32, batch_size is 181167
read: 0.006513s
|E|=36233445
|V|=6024259
Re Computing: 1 0 11356
Re Computing: 1 0 10869
Re Computing: 1 0 11108
streaming total time 4.396505s
|V|=6024259
Intersection Graph Marked: 0.759949s
Version Time: 0.156763
direct hop total time 3.736228s
work sharing total time 2.443013s
CommonGraph total time 2.443013s
Running: build/Viterbibaseline /home/xyin014/graph/sx/stack_snap source/sx.txt 64 0.0025 0
read: 15.263849s
loading graph /home/xyin014/graph/sx/stack_snap, root file is source/sx.txt, batch_num is 64, batch_size is 90583
read: 0.006531s
|E|=36233445
|V|=6024259
Re Computing: 1 0 5649
Re Computing: 1 0 5711
Re Computing: 1 0 5390
Re Computing: 1 0 5482
streaming total time 3.411729s
|V|=6024259
Intersection Graph Marked: 0.743781s
Version Time: 0.134221
direct hop total time 6.950137s
work sharing total time 4.996220s
CommonGraph total time 4.996220s
Running: build/Viterbibaseline /home/xyin014/graph/sx/stack_snap source/sx.txt 64 0.0025 1
read: 15.253372s
loading graph /home/xyin014/graph/sx/stack_snap, root file is source/sx.txt, batch_num is 64, batch_size is 90583
read: 0.006736s
|E|=36233445
|V|=6024259
Re Computing: 1 0 5691
Re Computing: 1 0 5449
Re Computing: 1 0 5573
Re Computing: 1 0 5697
Re Computing: 1 0 5739
streaming total time 5.265462s
|V|=6024259
Intersection Graph Marked: 0.759183s
Version Time: 0.143704
direct hop total time 7.550839s
work sharing total time 5.380192s
CommonGraph total time 5.380192s
Running: build/Viterbibaseline /home/xyin014/graph/sx/stack_snap source/sx.txt 64 0.0025 2
read: 15.254669s
loading graph /home/xyin014/graph/sx/stack_snap, root file is source/sx.txt, batch_num is 64, batch_size is 90583
read: 0.006575s
|E|=36233445
|V|=6024259
Re Computing: 1 0 5934
Re Computing: 1 0 5940
Re Computing: 1 0 5865
Re Computing: 1 0 5819
streaming total time 3.861707s
|V|=6024259
Intersection Graph Marked: 0.746087s
Version Time: 0.164965
direct hop total time 7.421588s
work sharing total time 5.285925s
CommonGraph total time 5.285925s
Running: build/Viterbibaseline /home/xyin014/graph/sx/stack_snap source/sx.txt 64 0.0025 3
read: 15.282738s
loading graph /home/xyin014/graph/sx/stack_snap, root file is source/sx.txt, batch_num is 64, batch_size is 90583
read: 0.006536s
|E|=36233445
|V|=6024259
streaming total time 2.009452s
|V|=6024259
Intersection Graph Marked: 0.735608s
Version Time: 0.004212
direct hop total time 0.437714s
work sharing total time 0.251421s
CommonGraph total time 0.251421s
Running: build/Viterbibaseline /home/xyin014/graph/sx/stack_snap source/sx.txt 64 0.0025 4
read: 15.241406s
loading graph /home/xyin014/graph/sx/stack_snap, root file is source/sx.txt, batch_num is 64, batch_size is 90583
read: 0.006494s
|E|=36233445
|V|=6024259
Re Computing: 1 0 5892
Re Computing: 1 0 5915
Re Computing: 1 0 5780
Re Computing: 1 0 5495
streaming total time 4.268121s
|V|=6024259
Intersection Graph Marked: 0.756925s
Version Time: 0.320052
direct hop total time 6.920320s
work sharing total time 4.785211s
CommonGraph total time 4.785211s
Running: build/Viterbibaseline /home/xyin014/graph/sx/stack_snap source/sx.txt 64 0.0025 5
read: 15.247381s
loading graph /home/xyin014/graph/sx/stack_snap, root file is source/sx.txt, batch_num is 64, batch_size is 90583
read: 0.006497s
|E|=36233445
|V|=6024259
Re Computing: 1 0 5486
Re Computing: 1 0 5437
Re Computing: 1 0 5430
streaming total time 4.206396s
|V|=6024259
Intersection Graph Marked: 0.696906s
Version Time: 0.123159
direct hop total time 6.530659s
work sharing total time 4.716129s
CommonGraph total time 4.716129s
Running: build/Viterbibaseline /home/xyin014/graph/sx/stack_snap source/sx.txt 64 0.0025 6
read: 15.290951s
loading graph /home/xyin014/graph/sx/stack_snap, root file is source/sx.txt, batch_num is 64, batch_size is 90583
read: 0.006456s
|E|=36233445
|V|=6024259
streaming total time 1.928578s
|V|=6024259
Intersection Graph Marked: 0.705041s
Version Time: 0.013238
direct hop total time 0.428902s
work sharing total time 0.247701s
CommonGraph total time 0.247701s
Running: build/Viterbibaseline /home/xyin014/graph/sx/stack_snap source/sx.txt 64 0.0025 7
read: 15.249139s
loading graph /home/xyin014/graph/sx/stack_snap, root file is source/sx.txt, batch_num is 64, batch_size is 90583
read: 0.006466s
|E|=36233445
|V|=6024259
Re Computing: 1 0 5766
Re Computing: 1 0 5766
Re Computing: 1 0 5702
Re Computing: 1 0 5595
streaming total time 4.725033s
|V|=6024259
Intersection Graph Marked: 0.784274s
Version Time: 0.133428
direct hop total time 6.975446s
work sharing total time 5.178377s
CommonGraph total time 5.178377s
Running: build/Viterbibaseline /home/xyin014/graph/sx/stack_snap source/sx.txt 64 0.0025 8
read: 15.532861s
loading graph /home/xyin014/graph/sx/stack_snap, root file is source/sx.txt, batch_num is 64, batch_size is 90583
read: 0.006415s
|E|=36233445
|V|=6024259
Re Computing: 1 0 5741
Re Computing: 1 0 5598
Re Computing: 1 0 5773
Re Computing: 1 0 5575
streaming total time 3.562069s
|V|=6024259
Intersection Graph Marked: 0.730436s
Version Time: 0.170494
direct hop total time 7.819171s
work sharing total time 5.120847s
CommonGraph total time 5.120847s
Running: build/Viterbibaseline /home/xyin014/graph/sx/stack_snap source/sx.txt 64 0.0025 9
read: 15.265069s
loading graph /home/xyin014/graph/sx/stack_snap, root file is source/sx.txt, batch_num is 64, batch_size is 90583
read: 0.006535s
|E|=36233445
|V|=6024259
Re Computing: 1 0 5751
Re Computing: 1 0 5594
Re Computing: 1 0 5517
streaming total time 3.353927s
|V|=6024259
Intersection Graph Marked: 0.784863s
Version Time: 0.128438
direct hop total time 6.910455s
work sharing total time 4.878624s
CommonGraph total time 4.878624s
Running: build/Viterbibaseline /home/xyin014/graph/sx/stack_snap source/sx.txt 64 0.0025 10
read: 15.241710s
loading graph /home/xyin014/graph/sx/stack_snap, root file is source/sx.txt, batch_num is 64, batch_size is 90583
read: 0.006572s
|E|=36233445
|V|=6024259
Re Computing: 1 0 5547
Re Computing: 1 0 5498
Re Computing: 1 0 5439
streaming total time 4.277203s
|V|=6024259
Intersection Graph Marked: 0.697803s
Version Time: 0.553996
direct hop total time 7.495340s
work sharing total time 5.432283s
CommonGraph total time 5.432283s
Running: build/Viterbibaseline /home/xyin014/graph/sx/stack_snap source/sx.txt 64 0.0025 11
read: 15.252063s
loading graph /home/xyin014/graph/sx/stack_snap, root file is source/sx.txt, batch_num is 64, batch_size is 90583
read: 0.006577s
|E|=36233445
|V|=6024259
streaming total time 2.150963s
|V|=6024259
Intersection Graph Marked: 0.751732s
Version Time: 0.004200
direct hop total time 0.422692s
work sharing total time 0.270841s
CommonGraph total time 0.270841s
Running: build/Viterbibaseline /home/xyin014/graph/sx/stack_snap source/sx.txt 64 0.0025 12
read: 15.241304s
loading graph /home/xyin014/graph/sx/stack_snap, root file is source/sx.txt, batch_num is 64, batch_size is 90583
read: 0.006671s
|E|=36233445
|V|=6024259
streaming total time 1.921279s
|V|=6024259
Intersection Graph Marked: 0.755187s
Version Time: 0.004215
direct hop total time 0.428167s
work sharing total time 0.258657s
CommonGraph total time 0.258657s
Running: build/Viterbibaseline /home/xyin014/graph/sx/stack_snap source/sx.txt 64 0.0025 13
read: 15.242172s
loading graph /home/xyin014/graph/sx/stack_snap, root file is source/sx.txt, batch_num is 64, batch_size is 90583
read: 0.006521s
|E|=36233445
|V|=6024259
streaming total time 1.909442s
|V|=6024259
Intersection Graph Marked: 0.802643s
Version Time: 0.006617
direct hop total time 0.435742s
work sharing total time 0.251914s
CommonGraph total time 0.251914s
Running: build/Viterbibaseline /home/xyin014/graph/sx/stack_snap source/sx.txt 64 0.0025 14
read: 15.462191s
loading graph /home/xyin014/graph/sx/stack_snap, root file is source/sx.txt, batch_num is 64, batch_size is 90583
read: 0.006557s
|E|=36233445
|V|=6024259
streaming total time 1.276115s
|V|=6024259
Intersection Graph Marked: 0.763300s
Version Time: 0.006762
direct hop total time 0.429558s
work sharing total time 0.250229s
CommonGraph total time 0.250229s
Running: build/Viterbibaseline /home/xyin014/graph/sx/stack_snap source/sx.txt 64 0.0025 15
read: 15.246418s
loading graph /home/xyin014/graph/sx/stack_snap, root file is source/sx.txt, batch_num is 64, batch_size is 90583
read: 0.006455s
|E|=36233445
|V|=6024259
Re Computing: 1 0 5713
Re Computing: 1 0 5552
Re Computing: 1 0 5674
Re Computing: 1 0 5602
streaming total time 3.517227s
|V|=6024259
Intersection Graph Marked: 0.740508s
Version Time: 0.134015
direct hop total time 7.496171s
work sharing total time 5.117497s
CommonGraph total time 5.117497s
Running: build/Viterbibaseline /home/xyin014/graph/wiki/snap_wiki source/wiki_src.txt 8 0.02 0
read: 5.897111s
loading graph /home/xyin014/graph/wiki/snap_wiki, root file is source/wiki_src.txt, batch_num is 8, batch_size is 292273
read: 0.002587s
|E|=14613674
|V|=1870709
Re Computing: 1 0 25022
Re Computing: 1 0 24933
streaming total time 14.512351s
|V|=1870709
Intersection Graph Marked: 28.809489s
Version Time: 0.001630
direct hop total time 0.719900s
work sharing total time 0.576026s
CommonGraph total time 0.576026s
Running: build/Viterbibaseline /home/xyin014/graph/wiki/snap_wiki source/wiki_src.txt 8 0.02 1
read: 5.892164s
loading graph /home/xyin014/graph/wiki/snap_wiki, root file is source/wiki_src.txt, batch_num is 8, batch_size is 292273
read: 0.002600s
|E|=14613674
|V|=1870709
Re Computing: 1 0 25038
Re Computing: 1 0 24938
Re Computing: 1 0 25203
Re Computing: 1 0 25102
streaming total time 15.091196s
|V|=1870709
Intersection Graph Marked: 29.181422s
Version Time: 0.625779
direct hop total time 1.005219s
work sharing total time 1.033001s
CommonGraph total time 1.033001s
Running: build/Viterbibaseline /home/xyin014/graph/wiki/snap_wiki source/wiki_src.txt 8 0.02 2
read: 5.891504s
loading graph /home/xyin014/graph/wiki/snap_wiki, root file is source/wiki_src.txt, batch_num is 8, batch_size is 292273
read: 0.002694s
|E|=14613674
|V|=1870709
Re Computing: 1 0 25124
Re Computing: 1 0 25023
Re Computing: 1 0 24863
streaming total time 11.892301s
|V|=1870709
Intersection Graph Marked: 25.197095s
Version Time: 0.561560
direct hop total time 0.995956s
work sharing total time 1.074166s
CommonGraph total time 1.074166s
Running: build/Viterbibaseline /home/xyin014/graph/wiki/snap_wiki source/wiki_src.txt 8 0.02 3
read: 5.921029s
loading graph /home/xyin014/graph/wiki/snap_wiki, root file is source/wiki_src.txt, batch_num is 8, batch_size is 292273
read: 0.002595s
|E|=14613674
|V|=1870709
Re Computing: 1 0 25055
Re Computing: 1 0 24896
Re Computing: 1 0 25224
Re Computing: 1 0 25117
streaming total time 14.737229s
|V|=1870709
Intersection Graph Marked: 28.497802s
Version Time: 0.664450
direct hop total time 1.103280s
work sharing total time 1.100794s
CommonGraph total time 1.100794s
Running: build/Viterbibaseline /home/xyin014/graph/wiki/snap_wiki source/wiki_src.txt 8 0.02 4
read: 5.905972s
loading graph /home/xyin014/graph/wiki/snap_wiki, root file is source/wiki_src.txt, batch_num is 8, batch_size is 292273
read: 0.002618s
|E|=14613674
|V|=1870709
Re Computing: 1 0 25063
Re Computing: 1 0 24961
Re Computing: 1 0 25244
Re Computing: 1 0 25143
streaming total time 13.527516s
|V|=1870709
Intersection Graph Marked: 40.828704s
Version Time: 0.575215
direct hop total time 1.105854s
work sharing total time 1.011174s
CommonGraph total time 1.011174s
Running: build/Viterbibaseline /home/xyin014/graph/wiki/snap_wiki source/wiki_src.txt 8 0.02 5
read: 5.894614s
loading graph /home/xyin014/graph/wiki/snap_wiki, root file is source/wiki_src.txt, batch_num is 8, batch_size is 292273
read: 0.002554s
|E|=14613674
|V|=1870709
Re Computing: 1 0 25038
Re Computing: 1 0 25102
Re Computing: 1 0 25184
streaming total time 11.245295s
|V|=1870709
Intersection Graph Marked: 27.312185s
Version Time: 0.547740
direct hop total time 1.511488s
work sharing total time 1.349020s
CommonGraph total time 1.349020s
Running: build/Viterbibaseline /home/xyin014/graph/wiki/snap_wiki source/wiki_src.txt 8 0.02 6
read: 5.889500s
loading graph /home/xyin014/graph/wiki/snap_wiki, root file is source/wiki_src.txt, batch_num is 8, batch_size is 292273
read: 0.002632s
|E|=14613674
|V|=1870709
Re Computing: 1 0 25119
Re Computing: 1 0 25054
Re Computing: 1 0 25221
Re Computing: 1 0 25145
streaming total time 14.580177s
|V|=1870709
Intersection Graph Marked: 24.940452s
Version Time: 0.594536
direct hop total time 1.072863s
work sharing total time 1.125872s
CommonGraph total time 1.125872s
Running: build/Viterbibaseline /home/xyin014/graph/wiki/snap_wiki source/wiki_src.txt 8 0.02 7
read: 5.957009s
loading graph /home/xyin014/graph/wiki/snap_wiki, root file is source/wiki_src.txt, batch_num is 8, batch_size is 292273
read: 0.002607s
|E|=14613674
|V|=1870709
Re Computing: 1 0 24799
Re Computing: 1 0 25199
Re Computing: 1 0 25141
streaming total time 13.279657s
|V|=1870709
Intersection Graph Marked: 28.934568s
Version Time: 0.592241
direct hop total time 1.275456s
work sharing total time 1.425533s
CommonGraph total time 1.425533s
Running: build/Viterbibaseline /home/xyin014/graph/wiki/snap_wiki source/wiki_src.txt 8 0.02 8
read: 5.890390s
loading graph /home/xyin014/graph/wiki/snap_wiki, root file is source/wiki_src.txt, batch_num is 8, batch_size is 292273
read: 0.002558s
|E|=14613674
|V|=1870709
Re Computing: 1 0 24973
Re Computing: 1 0 24854
Re Computing: 1 0 25306
Re Computing: 1 0 25057
streaming total time 13.857373s
|V|=1870709
Intersection Graph Marked: 24.924644s
Version Time: 0.674146
direct hop total time 1.300705s
work sharing total time 1.218825s
CommonGraph total time 1.218825s
Running: build/Viterbibaseline /home/xyin014/graph/wiki/snap_wiki source/wiki_src.txt 8 0.02 9
read: 5.889898s
loading graph /home/xyin014/graph/wiki/snap_wiki, root file is source/wiki_src.txt, batch_num is 8, batch_size is 292273
read: 0.002584s
|E|=14613674
|V|=1870709
Re Computing: 1 0 25106
Re Computing: 1 0 24997
Re Computing: 1 0 24837
streaming total time 12.748460s
|V|=1870709
Intersection Graph Marked: 25.863149s
Version Time: 0.636904
direct hop total time 1.062746s
work sharing total time 1.170283s
CommonGraph total time 1.170283s
Running: build/Viterbibaseline /home/xyin014/graph/wiki/snap_wiki source/wiki_src.txt 8 0.02 10
read: 5.893248s
loading graph /home/xyin014/graph/wiki/snap_wiki, root file is source/wiki_src.txt, batch_num is 8, batch_size is 292273
read: 0.002559s
|E|=14613674
|V|=1870709
Re Computing: 1 0 25105
Re Computing: 1 0 25048
Re Computing: 1 0 25218
Re Computing: 1 0 25130
streaming total time 12.352417s
|V|=1870709
Intersection Graph Marked: 24.663986s
Version Time: 0.576236
direct hop total time 1.003159s
work sharing total time 1.041387s
CommonGraph total time 1.041387s
Running: build/Viterbibaseline /home/xyin014/graph/wiki/snap_wiki source/wiki_src.txt 8 0.02 11
read: 5.894992s
loading graph /home/xyin014/graph/wiki/snap_wiki, root file is source/wiki_src.txt, batch_num is 8, batch_size is 292273
read: 0.002593s
|E|=14613674
|V|=1870709
Re Computing: 1 0 25103
Re Computing: 1 0 25050
Re Computing: 1 0 25302
Re Computing: 1 0 25119
streaming total time 13.101347s
|V|=1870709
Intersection Graph Marked: 31.027412s
Version Time: 0.606603
direct hop total time 1.266427s
work sharing total time 1.356594s
CommonGraph total time 1.356594s
Running: build/Viterbibaseline /home/xyin014/graph/wiki/snap_wiki source/wiki_src.txt 8 0.02 12
read: 5.890889s
loading graph /home/xyin014/graph/wiki/snap_wiki, root file is source/wiki_src.txt, batch_num is 8, batch_size is 292273
read: 0.002633s
|E|=14613674
|V|=1870709
Re Computing: 1 0 25124
Re Computing: 1 0 25020
Re Computing: 1 0 24841
streaming total time 14.073604s
|V|=1870709
Intersection Graph Marked: 28.445959s
Version Time: 0.569059
direct hop total time 0.992749s
work sharing total time 1.085634s
CommonGraph total time 1.085634s
Running: build/Viterbibaseline /home/xyin014/graph/wiki/snap_wiki source/wiki_src.txt 8 0.02 13
read: 5.892997s
loading graph /home/xyin014/graph/wiki/snap_wiki, root file is source/wiki_src.txt, batch_num is 8, batch_size is 292273
read: 0.002681s
|E|=14613674
|V|=1870709
Re Computing: 1 0 25099
Re Computing: 1 0 25253
Re Computing: 1 0 24916
streaming total time 12.489181s
|V|=1870709
Intersection Graph Marked: 27.105883s
Version Time: 0.598235
direct hop total time 1.500897s
work sharing total time 1.298502s
CommonGraph total time 1.298502s
Running: build/Viterbibaseline /home/xyin014/graph/wiki/snap_wiki source/wiki_src.txt 8 0.02 14
read: 5.896341s
loading graph /home/xyin014/graph/wiki/snap_wiki, root file is source/wiki_src.txt, batch_num is 8, batch_size is 292273
read: 0.002652s
|E|=14613674
|V|=1870709
Re Computing: 1 0 25053
Re Computing: 1 0 24981
Re Computing: 1 0 25386
Re Computing: 1 0 25154
streaming total time 13.015924s
|V|=1870709
Intersection Graph Marked: 24.418958s
Version Time: 0.617878
direct hop total time 1.492748s
work sharing total time 1.556061s
CommonGraph total time 1.556061s
Running: build/Viterbibaseline /home/xyin014/graph/wiki/snap_wiki source/wiki_src.txt 8 0.02 15
read: 5.886720s
loading graph /home/xyin014/graph/wiki/snap_wiki, root file is source/wiki_src.txt, batch_num is 8, batch_size is 292273
read: 0.002510s
|E|=14613674
|V|=1870709
Re Computing: 1 0 25116
Re Computing: 1 0 24986
Re Computing: 1 0 24836
streaming total time 12.031975s
|V|=1870709
Intersection Graph Marked: 25.275693s
Version Time: 0.596264
direct hop total time 1.000336s
work sharing total time 1.035461s
CommonGraph total time 1.035461s
Running: build/Viterbibaseline /home/xyin014/graph/wiki/snap_wiki source/wiki_src.txt 16 0.01 0
read: 5.918702s
loading graph /home/xyin014/graph/wiki/snap_wiki, root file is source/wiki_src.txt, batch_num is 16, batch_size is 146136
read: 0.002717s
|E|=14613674
|V|=1870709
Re Computing: 1 0 12576
Re Computing: 1 0 12521
streaming total time 11.438576s
|V|=1870709
Intersection Graph Marked: 27.227375s
Version Time: 0.001737
direct hop total time 0.894711s
work sharing total time 0.917509s
CommonGraph total time 0.917509s
Running: build/Viterbibaseline /home/xyin014/graph/wiki/snap_wiki source/wiki_src.txt 16 0.01 1
read: 5.888885s
loading graph /home/xyin014/graph/wiki/snap_wiki, root file is source/wiki_src.txt, batch_num is 16, batch_size is 146136
read: 0.002604s
|E|=14613674
|V|=1870709
Re Computing: 1 0 12615
Re Computing: 1 0 12462
Re Computing: 1 0 12620
Re Computing: 1 0 12578
streaming total time 14.097619s
|V|=1870709
Intersection Graph Marked: 25.034833s
Version Time: 0.704048
direct hop total time 2.016422s
work sharing total time 2.203153s
CommonGraph total time 2.203153s
Running: build/Viterbibaseline /home/xyin014/graph/wiki/snap_wiki source/wiki_src.txt 16 0.01 2
read: 5.895976s
loading graph /home/xyin014/graph/wiki/snap_wiki, root file is source/wiki_src.txt, batch_num is 16, batch_size is 146136
read: 0.002605s
|E|=14613674
|V|=1870709
Re Computing: 1 0 12666
Re Computing: 1 0 12515
Re Computing: 1 0 12599
Re Computing: 1 0 12491
streaming total time 15.708036s
|V|=1870709
Intersection Graph Marked: 52.208722s
Version Time: 0.589996
direct hop total time 1.872619s
work sharing total time 2.027394s
CommonGraph total time 2.027394s
Running: build/Viterbibaseline /home/xyin014/graph/wiki/snap_wiki source/wiki_src.txt 16 0.01 3
read: 5.881464s
loading graph /home/xyin014/graph/wiki/snap_wiki, root file is source/wiki_src.txt, batch_num is 16, batch_size is 146136
read: 0.002587s
|E|=14613674
|V|=1870709
Re Computing: 1 0 12531
Re Computing: 1 0 12597
Re Computing: 1 0 12487
Re Computing: 1 0 12624
Re Computing: 1 0 12452
Re Computing: 1 0 12556
streaming total time 14.077991s
|V|=1870709
Intersection Graph Marked: 27.898859s
Version Time: 0.605911
direct hop total time 2.020305s
work sharing total time 2.063580s
CommonGraph total time 2.063580s
Running: build/Viterbibaseline /home/xyin014/graph/wiki/snap_wiki source/wiki_src.txt 16 0.01 4
read: 5.896894s
loading graph /home/xyin014/graph/wiki/snap_wiki, root file is source/wiki_src.txt, batch_num is 16, batch_size is 146136
read: 0.002503s
|E|=14613674
|V|=1870709
Re Computing: 1 0 12488
Re Computing: 1 0 12519
Re Computing: 1 0 12540
Re Computing: 1 0 12661
Re Computing: 1 0 12531
streaming total time 13.516184s
|V|=1870709
Intersection Graph Marked: 50.237286s
Version Time: 0.753288
direct hop total time 1.966563s
work sharing total time 1.883048s
CommonGraph total time 1.883048s
Running: build/Viterbibaseline /home/xyin014/graph/wiki/snap_wiki source/wiki_src.txt 16 0.01 5
read: 5.891742s
loading graph /home/xyin014/graph/wiki/snap_wiki, root file is source/wiki_src.txt, batch_num is 16, batch_size is 146136
read: 0.002539s
|E|=14613674
|V|=1870709
Re Computing: 1 0 12626
Re Computing: 1 0 12557
Re Computing: 1 0 12615
Re Computing: 1 0 12493
streaming total time 16.418507s
|V|=1870709
Intersection Graph Marked: 26.152569s
Version Time: 0.673619
direct hop total time 2.793571s
work sharing total time 2.676648s
CommonGraph total time 2.676648s
Running: build/Viterbibaseline /home/xyin014/graph/wiki/snap_wiki source/wiki_src.txt 16 0.01 6
read: 5.897371s
loading graph /home/xyin014/graph/wiki/snap_wiki, root file is source/wiki_src.txt, batch_num is 16, batch_size is 146136
read: 0.002560s
|E|=14613674
|V|=1870709
Re Computing: 1 0 12656
Re Computing: 1 0 12539
Re Computing: 1 0 12646
Re Computing: 1 0 12478
streaming total time 14.237381s
|V|=1870709
Intersection Graph Marked: 34.495304s
Version Time: 0.608900
direct hop total time 2.113788s
work sharing total time 2.299772s
CommonGraph total time 2.299772s
Running: build/Viterbibaseline /home/xyin014/graph/wiki/snap_wiki source/wiki_src.txt 16 0.01 7
read: 5.895705s
loading graph /home/xyin014/graph/wiki/snap_wiki, root file is source/wiki_src.txt, batch_num is 16, batch_size is 146136
read: 0.002621s
|E|=14613674
|V|=1870709
Re Computing: 1 0 12656
Re Computing: 1 0 12425
Re Computing: 1 0 12727
Re Computing: 1 0 12482
streaming total time 13.368567s
|V|=1870709
Intersection Graph Marked: 25.601989s
Version Time: 0.621734
direct hop total time 2.204516s
work sharing total time 2.418486s
CommonGraph total time 2.418486s
Running: build/Viterbibaseline /home/xyin014/graph/wiki/snap_wiki source/wiki_src.txt 16 0.01 8
read: 5.899488s
loading graph /home/xyin014/graph/wiki/snap_wiki, root file is source/wiki_src.txt, batch_num is 16, batch_size is 146136
read: 0.002575s
|E|=14613674
|V|=1870709
Re Computing: 1 0 12571
Re Computing: 1 0 12424
Re Computing: 1 0 12613
Re Computing: 1 0 12841
Re Computing: 1 0 12492
streaming total time 14.743676s
|V|=1870709
Intersection Graph Marked: 23.940727s
Version Time: 0.804534
direct hop total time 2.482443s
work sharing total time 2.317313s
CommonGraph total time 2.317313s
Running: build/Viterbibaseline /home/xyin014/graph/wiki/snap_wiki source/wiki_src.txt 16 0.01 9
read: 5.888383s
loading graph /home/xyin014/graph/wiki/snap_wiki, root file is source/wiki_src.txt, batch_num is 16, batch_size is 146136
read: 0.002613s
|E|=14613674
|V|=1870709
Re Computing: 1 0 12652
Re Computing: 1 0 12442
Re Computing: 1 0 12685
Re Computing: 1 0 12475
streaming total time 15.274024s
|V|=1870709
Intersection Graph Marked: 23.832176s
Version Time: 0.572700
direct hop total time 2.005168s
work sharing total time 2.046616s
CommonGraph total time 2.046616s
Running: build/Viterbibaseline /home/xyin014/graph/wiki/snap_wiki source/wiki_src.txt 16 0.01 10
read: 5.893955s
loading graph /home/xyin014/graph/wiki/snap_wiki, root file is source/wiki_src.txt, batch_num is 16, batch_size is 146136
read: 0.002584s
|E|=14613674
|V|=1870709
Re Computing: 1 0 12648
Re Computing: 1 0 12550
Re Computing: 1 0 12623
Re Computing: 1 0 12551
streaming total time 14.383374s
|V|=1870709
Intersection Graph Marked: 24.889071s
Version Time: 0.552768
direct hop total time 2.063756s
work sharing total time 2.002856s
CommonGraph total time 2.002856s
Running: build/Viterbibaseline /home/xyin014/graph/wiki/snap_wiki source/wiki_src.txt 16 0.01 11
read: 5.888502s
loading graph /home/xyin014/graph/wiki/snap_wiki, root file is source/wiki_src.txt, batch_num is 16, batch_size is 146136
read: 0.002585s
|E|=14613674
|V|=1870709
Re Computing: 1 0 12706
Re Computing: 1 0 12533
Re Computing: 1 0 12652
Re Computing: 1 0 12518
streaming total time 14.262371s
|V|=1870709
Intersection Graph Marked: 24.586267s
Version Time: 0.601778
direct hop total time 2.643382s
work sharing total time 2.784053s
CommonGraph total time 2.784053s
Running: build/Viterbibaseline /home/xyin014/graph/wiki/snap_wiki source/wiki_src.txt 16 0.01 12
read: 5.894704s
loading graph /home/xyin014/graph/wiki/snap_wiki, root file is source/wiki_src.txt, batch_num is 16, batch_size is 146136
read: 0.002612s
|E|=14613674
|V|=1870709
Re Computing: 1 0 12660
Re Computing: 1 0 12522
Re Computing: 1 0 12531
Re Computing: 1 0 12689
Re Computing: 1 0 12488
streaming total time 15.927547s
|V|=1870709
Intersection Graph Marked: 24.835607s
Version Time: 0.579431
direct hop total time 1.968510s
work sharing total time 2.111174s
CommonGraph total time 2.111174s
Running: build/Viterbibaseline /home/xyin014/graph/wiki/snap_wiki source/wiki_src.txt 16 0.01 13
read: 5.857840s
loading graph /home/xyin014/graph/wiki/snap_wiki, root file is source/wiki_src.txt, batch_num is 16, batch_size is 146136
read: 0.002618s
|E|=14613674
|V|=1870709
Re Computing: 1 0 12661
Re Computing: 1 0 12558
Re Computing: 1 0 12783
Re Computing: 1 0 12600
streaming total time 13.008511s
|V|=1870709
Intersection Graph Marked: 24.325364s
Version Time: 0.558564
direct hop total time 2.678812s
work sharing total time 2.220116s
CommonGraph total time 2.220116s
Running: build/Viterbibaseline /home/xyin014/graph/wiki/snap_wiki source/wiki_src.txt 16 0.01 14
read: 5.892996s
loading graph /home/xyin014/graph/wiki/snap_wiki, root file is source/wiki_src.txt, batch_num is 16, batch_size is 146136
read: 0.002577s
|E|=14613674
|V|=1870709
Re Computing: 1 0 12433
Re Computing: 1 0 12529
Re Computing: 1 0 12544
Re Computing: 1 0 12604
Re Computing: 1 0 12743
Re Computing: 1 0 12511
streaming total time 14.162809s
|V|=1870709
Intersection Graph Marked: 28.834504s
Version Time: 0.556422
direct hop total time 2.659735s
work sharing total time 2.894834s
CommonGraph total time 2.894834s
Running: build/Viterbibaseline /home/xyin014/graph/wiki/snap_wiki source/wiki_src.txt 16 0.01 15
read: 5.885245s
loading graph /home/xyin014/graph/wiki/snap_wiki, root file is source/wiki_src.txt, batch_num is 16, batch_size is 146136
read: 0.002555s
|E|=14613674
|V|=1870709
Re Computing: 1 0 12651
Re Computing: 1 0 12439
Re Computing: 1 0 12684
Re Computing: 1 0 12476
streaming total time 13.283398s
|V|=1870709
Intersection Graph Marked: 25.319351s
Version Time: 0.571274
direct hop total time 2.036209s
work sharing total time 2.105182s
CommonGraph total time 2.105182s
Running: build/Viterbibaseline /home/xyin014/graph/wiki/snap_wiki source/wiki_src.txt 32 0.005 0
read: 5.895151s
loading graph /home/xyin014/graph/wiki/snap_wiki, root file is source/wiki_src.txt, batch_num is 32, batch_size is 73068
read: 0.002642s
|E|=14613674
|V|=1870709
Re Computing: 1 0 6326
Re Computing: 1 0 6260
Re Computing: 1 0 6276
streaming total time 12.973089s
|V|=1870709
Intersection Graph Marked: 28.687846s
Version Time: 0.051876
direct hop total time 1.577597s
work sharing total time 1.522450s
CommonGraph total time 1.522450s
Running: build/Viterbibaseline /home/xyin014/graph/wiki/snap_wiki source/wiki_src.txt 32 0.005 1
read: 5.896001s
loading graph /home/xyin014/graph/wiki/snap_wiki, root file is source/wiki_src.txt, batch_num is 32, batch_size is 73068
read: 0.002679s
|E|=14613674
|V|=1870709
Re Computing: 1 0 6347
Re Computing: 1 0 6280
Re Computing: 1 0 6285
Re Computing: 1 0 6339
Re Computing: 1 0 6291
Re Computing: 1 0 6396
streaming total time 14.420856s
|V|=1870709
Intersection Graph Marked: 28.611350s
Version Time: 0.617542
direct hop total time 3.644428s
work sharing total time 3.913799s
CommonGraph total time 3.913799s
Running: build/Viterbibaseline /home/xyin014/graph/wiki/snap_wiki source/wiki_src.txt 32 0.005 2
read: 5.889649s
loading graph /home/xyin014/graph/wiki/snap_wiki, root file is source/wiki_src.txt, batch_num is 32, batch_size is 73068
read: 0.002596s
|E|=14613674
|V|=1870709
Re Computing: 1 0 6379
Re Computing: 1 0 6338
Re Computing: 1 0 6288
Re Computing: 1 0 6384
Re Computing: 1 0 6258
Re Computing: 1 0 6286
streaming total time 14.527434s
|V|=1870709
Intersection Graph Marked: 27.581348s
Version Time: 0.554657
direct hop total time 3.607564s
work sharing total time 3.920933s
CommonGraph total time 3.920933s
Running: build/Viterbibaseline /home/xyin014/graph/wiki/snap_wiki source/wiki_src.txt 32 0.005 3
read: 5.892811s
loading graph /home/xyin014/graph/wiki/snap_wiki, root file is source/wiki_src.txt, batch_num is 32, batch_size is 73068
read: 0.002532s
|E|=14613674
|V|=1870709
Re Computing: 1 0 6274
Re Computing: 1 0 6228
Re Computing: 1 0 6197
Re Computing: 1 0 6337
Re Computing: 1 0 6355
Re Computing: 1 0 6292
streaming total time 15.283465s
|V|=1870709
Intersection Graph Marked: 28.696538s
Version Time: 0.570865
direct hop total time 3.649526s
work sharing total time 3.790792s
CommonGraph total time 3.790792s
Running: build/Viterbibaseline /home/xyin014/graph/wiki/snap_wiki source/wiki_src.txt 32 0.005 4
read: 5.894333s
loading graph /home/xyin014/graph/wiki/snap_wiki, root file is source/wiki_src.txt, batch_num is 32, batch_size is 73068
read: 0.002610s
|E|=14613674
|V|=1870709
Re Computing: 1 0 6382
Re Computing: 1 0 6303
Re Computing: 1 0 6191
Re Computing: 1 0 6336
Re Computing: 1 0 6286
Re Computing: 1 0 6274
streaming total time 15.194875s
|V|=1870709
Intersection Graph Marked: 29.728309s
Version Time: 0.604351
direct hop total time 3.603980s
work sharing total time 3.895897s
CommonGraph total time 3.895897s
Running: build/Viterbibaseline /home/xyin014/graph/wiki/snap_wiki source/wiki_src.txt 32 0.005 5
read: 5.922741s
loading graph /home/xyin014/graph/wiki/snap_wiki, root file is source/wiki_src.txt, batch_num is 32, batch_size is 73068
read: 0.002609s
|E|=14613674
|V|=1870709
Re Computing: 1 0 6370
Re Computing: 1 0 6294
Re Computing: 1 0 6284
Re Computing: 1 0 6337
Re Computing: 1 0 6247
streaming total time 15.871512s
|V|=1870709
Intersection Graph Marked: 23.898553s
Version Time: 0.558801
direct hop total time 5.438020s
work sharing total time 5.163176s
CommonGraph total time 5.163176s
Running: build/Viterbibaseline /home/xyin014/graph/wiki/snap_wiki source/wiki_src.txt 32 0.005 6
read: 5.899164s
loading graph /home/xyin014/graph/wiki/snap_wiki, root file is source/wiki_src.txt, batch_num is 32, batch_size is 73068
read: 0.002579s
|E|=14613674
|V|=1870709
Re Computing: 1 0 6378
Re Computing: 1 0 6299
Re Computing: 1 0 6263
Re Computing: 1 0 6404
Re Computing: 1 0 6260
Re Computing: 1 0 6292
streaming total time 19.162138s
|V|=1870709
Intersection Graph Marked: 28.484070s
Version Time: 0.916958
direct hop total time 3.846121s
work sharing total time 4.185556s
CommonGraph total time 4.185556s
Running: build/Viterbibaseline /home/xyin014/graph/wiki/snap_wiki source/wiki_src.txt 32 0.005 7
read: 5.892990s
loading graph /home/xyin014/graph/wiki/snap_wiki, root file is source/wiki_src.txt, batch_num is 32, batch_size is 73068
read: 0.002567s
|E|=14613674
|V|=1870709
Re Computing: 1 0 6394
Re Computing: 1 0 6209
Re Computing: 1 0 6367
Re Computing: 1 0 6277
Re Computing: 1 0 6283
streaming total time 13.586495s
|V|=1870709
Intersection Graph Marked: 29.142502s
Version Time: 0.596044
direct hop total time 4.366174s
work sharing total time 4.564965s
CommonGraph total time 4.564965s
Running: build/Viterbibaseline /home/xyin014/graph/wiki/snap_wiki source/wiki_src.txt 32 0.005 8
read: 5.892304s
loading graph /home/xyin014/graph/wiki/snap_wiki, root file is source/wiki_src.txt, batch_num is 32, batch_size is 73068
read: 0.002795s
|E|=14613674
|V|=1870709
Re Computing: 1 0 6330
Re Computing: 1 0 6248
Re Computing: 1 0 6216
Re Computing: 1 0 6294
Re Computing: 1 0 6374
Re Computing: 1 0 6277
streaming total time 20.794912s
|V|=1870709
Intersection Graph Marked: 24.890455s
Version Time: 0.738257
direct hop total time 4.625186s
work sharing total time 4.447801s
CommonGraph total time 4.447801s
Running: build/Viterbibaseline /home/xyin014/graph/wiki/snap_wiki source/wiki_src.txt 32 0.005 9
read: 5.892523s
loading graph /home/xyin014/graph/wiki/snap_wiki, root file is source/wiki_src.txt, batch_num is 32, batch_size is 73068
read: 0.002624s
|E|=14613674
|V|=1870709
Re Computing: 1 0 6369
Re Computing: 1 0 6347
Re Computing: 1 0 6285
Re Computing: 1 0 6375
Re Computing: 1 0 6258
Re Computing: 1 0 6280
streaming total time 15.201531s
|V|=1870709
Intersection Graph Marked: 27.760829s
Version Time: 0.575784
direct hop total time 3.900799s
work sharing total time 4.144309s
CommonGraph total time 4.144309s
Running: build/Viterbibaseline /home/xyin014/graph/wiki/snap_wiki source/wiki_src.txt 32 0.005 10
read: 5.893452s
loading graph /home/xyin014/graph/wiki/snap_wiki, root file is source/wiki_src.txt, batch_num is 32, batch_size is 73068
read: 0.002667s
|E|=14613674
|V|=1870709
Re Computing: 1 0 6359
Re Computing: 1 0 6231
Re Computing: 1 0 6323
Re Computing: 1 0 6376
Re Computing: 1 0 6274
streaming total time 15.292841s
|V|=1870709
Intersection Graph Marked: 26.048108s
Version Time: 0.569732
direct hop total time 3.733294s
work sharing total time 4.235220s
CommonGraph total time 4.235220s
Running: build/Viterbibaseline /home/xyin014/graph/wiki/snap_wiki source/wiki_src.txt 32 0.005 11
read: 5.893496s
loading graph /home/xyin014/graph/wiki/snap_wiki, root file is source/wiki_src.txt, batch_num is 32, batch_size is 73068
read: 0.002558s
|E|=14613674
|V|=1870709
Re Computing: 1 0 6341
Re Computing: 1 0 6283
Re Computing: 1 0 6336
Re Computing: 1 0 6367
Re Computing: 1 0 6292
Re Computing: 1 0 6261
streaming total time 14.318748s
|V|=1870709
Intersection Graph Marked: 27.201436s
Version Time: 0.557973
direct hop total time 5.017169s
work sharing total time 5.070690s
CommonGraph total time 5.070690s
Running: build/Viterbibaseline /home/xyin014/graph/wiki/snap_wiki source/wiki_src.txt 32 0.005 12
read: 5.907050s
loading graph /home/xyin014/graph/wiki/snap_wiki, root file is source/wiki_src.txt, batch_num is 32, batch_size is 73068
read: 0.002584s
|E|=14613674
|V|=1870709
Re Computing: 1 0 6372
Re Computing: 1 0 6344
Re Computing: 1 0 6290
Re Computing: 1 0 6376
Re Computing: 1 0 6263
Re Computing: 1 0 6288
streaming total time 16.381212s
|V|=1870709
Intersection Graph Marked: 24.575219s
Version Time: 0.572251
direct hop total time 3.573485s
work sharing total time 4.193822s
CommonGraph total time 4.193822s
Running: build/Viterbibaseline /home/xyin014/graph/wiki/snap_wiki source/wiki_src.txt 32 0.005 13
read: 5.914472s
loading graph /home/xyin014/graph/wiki/snap_wiki, root file is source/wiki_src.txt, batch_num is 32, batch_size is 73068
read: 0.002670s
|E|=14613674
|V|=1870709
Re Computing: 1 0 6377
Re Computing: 1 0 6318
Re Computing: 1 0 6293
Re Computing: 1 0 6372
Re Computing: 1 0 6284
Re Computing: 1 0 6315
streaming total time 13.625682s
|V|=1870709
Intersection Graph Marked: 28.141194s
Version Time: 0.598115
direct hop total time 5.346078s
work sharing total time 4.356827s
CommonGraph total time 4.356827s
Running: build/Viterbibaseline /home/xyin014/graph/wiki/snap_wiki source/wiki_src.txt 32 0.005 14
read: 5.889588s
loading graph /home/xyin014/graph/wiki/snap_wiki, root file is source/wiki_src.txt, batch_num is 32, batch_size is 73068
read: 0.002994s
|E|=14613674
|V|=1870709
Re Computing: 1 0 6212
Re Computing: 1 0 6233
Re Computing: 1 0 6329
Re Computing: 1 0 6246
Re Computing: 1 0 6290
streaming total time 14.538081s
|V|=1870709
Intersection Graph Marked: 24.443915s
Version Time: 0.634150
direct hop total time 5.291534s
work sharing total time 5.629604s
CommonGraph total time 5.629604s
Running: build/Viterbibaseline /home/xyin014/graph/wiki/snap_wiki source/wiki_src.txt 32 0.005 15
read: 5.898234s
loading graph /home/xyin014/graph/wiki/snap_wiki, root file is source/wiki_src.txt, batch_num is 32, batch_size is 73068
read: 0.002564s
|E|=14613674
|V|=1870709
Re Computing: 1 0 6367
Re Computing: 1 0 6301
Re Computing: 1 0 6267
Re Computing: 1 0 6389
Re Computing: 1 0 6256
Re Computing: 1 0 6282
streaming total time 16.780855s
|V|=1870709
Intersection Graph Marked: 44.057421s
Version Time: 0.565552
direct hop total time 3.663759s
work sharing total time 3.934376s
CommonGraph total time 3.934376s
Running: build/Viterbibaseline /home/xyin014/graph/wiki/snap_wiki source/wiki_src.txt 64 0.0025 0
read: 5.887428s
loading graph /home/xyin014/graph/wiki/snap_wiki, root file is source/wiki_src.txt, batch_num is 64, batch_size is 36534
read: 0.002535s
|E|=14613674
|V|=1870709
Re Computing: 1 0 3159
Re Computing: 1 0 3226
streaming total time 10.919160s
|V|=1870709
Intersection Graph Marked: 25.728391s
Version Time: 0.051838
direct hop total time 3.083292s
work sharing total time 3.076918s
CommonGraph total time 3.076918s
Running: build/Viterbibaseline /home/xyin014/graph/wiki/snap_wiki source/wiki_src.txt 64 0.0025 1
read: 5.885309s
loading graph /home/xyin014/graph/wiki/snap_wiki, root file is source/wiki_src.txt, batch_num is 64, batch_size is 36534
read: 0.002593s
|E|=14613674
|V|=1870709
Re Computing: 1 0 3171
Re Computing: 1 0 3169
Re Computing: 1 0 3160
Re Computing: 1 0 3142
Re Computing: 1 0 3203
streaming total time 16.009403s
|V|=1870709
Intersection Graph Marked: 24.361118s
Version Time: 0.630381
direct hop total time 6.953361s
work sharing total time 6.610925s
CommonGraph total time 6.610925s
Running: build/Viterbibaseline /home/xyin014/graph/wiki/snap_wiki source/wiki_src.txt 64 0.0025 2
read: 5.889675s
loading graph /home/xyin014/graph/wiki/snap_wiki, root file is source/wiki_src.txt, batch_num is 64, batch_size is 36534
read: 0.002558s
|E|=14613674
|V|=1870709
Re Computing: 1 0 3167
Re Computing: 1 0 3177
Re Computing: 1 0 3162
Re Computing: 1 0 3251
Re Computing: 1 0 3146
Re Computing: 1 0 3212
streaming total time 14.470427s
|V|=1870709
Intersection Graph Marked: 28.597434s
Version Time: 0.550763
direct hop total time 7.395701s
work sharing total time 6.670651s
CommonGraph total time 6.670651s
Running: build/Viterbibaseline /home/xyin014/graph/wiki/snap_wiki source/wiki_src.txt 64 0.0025 3
read: 5.886982s
loading graph /home/xyin014/graph/wiki/snap_wiki, root file is source/wiki_src.txt, batch_num is 64, batch_size is 36534
read: 0.002575s
|E|=14613674
|V|=1870709
Re Computing: 1 0 3125
Re Computing: 1 0 3181
Re Computing: 1 0 3200
Re Computing: 1 0 3215
Re Computing: 2 937 282
streaming total time 12.364530s
|V|=1870709
Intersection Graph Marked: 24.571897s
Version Time: 0.629413
direct hop total time 7.026893s
work sharing total time 6.348816s
CommonGraph total time 6.348816s
Running: build/Viterbibaseline /home/xyin014/graph/wiki/snap_wiki source/wiki_src.txt 64 0.0025 4
read: 5.882863s
loading graph /home/xyin014/graph/wiki/snap_wiki, root file is source/wiki_src.txt, batch_num is 64, batch_size is 36534
read: 0.002637s
|E|=14613674
|V|=1870709
Re Computing: 1 0 3197
Re Computing: 1 0 3107
Re Computing: 1 0 3151
Re Computing: 1 0 3190
Re Computing: 1 0 3131
Re Computing: 1 0 3153
streaming total time 14.331745s
|V|=1870709
Intersection Graph Marked: 27.586453s
Version Time: 0.591196
direct hop total time 7.621187s
work sharing total time 6.725830s
CommonGraph total time 6.725830s
Running: build/Viterbibaseline /home/xyin014/graph/wiki/snap_wiki source/wiki_src.txt 64 0.0025 5
read: 5.888142s
loading graph /home/xyin014/graph/wiki/snap_wiki, root file is source/wiki_src.txt, batch_num is 64, batch_size is 36534
read: 0.002644s
|E|=14613674
|V|=1870709
Re Computing: 1 0 3176
Re Computing: 1 0 3159
Re Computing: 1 0 3157
Re Computing: 1 0 3208
Re Computing: 1 0 3192
Re Computing: 1 0 3041
Re Computing: 1 0 3250
streaming total time 15.966239s
|V|=1870709
Intersection Graph Marked: 29.624920s
Version Time: 0.516763
direct hop total time 10.650776s
work sharing total time 8.553551s
CommonGraph total time 8.553551s
Running: build/Viterbibaseline /home/xyin014/graph/wiki/snap_wiki source/wiki_src.txt 64 0.0025 6
read: 5.892012s
loading graph /home/xyin014/graph/wiki/snap_wiki, root file is source/wiki_src.txt, batch_num is 64, batch_size is 36534
read: 0.002618s
|E|=14613674
|V|=1870709
Re Computing: 1 0 3163
Re Computing: 1 0 3166
Re Computing: 1 0 3202
Re Computing: 1 0 3146
streaming total time 14.022981s
|V|=1870709
Intersection Graph Marked: 25.450661s
Version Time: 0.808950
direct hop total time 7.812647s
work sharing total time 7.126072s
CommonGraph total time 7.126072s
Running: build/Viterbibaseline /home/xyin014/graph/wiki/snap_wiki source/wiki_src.txt 64 0.0025 7
read: 5.881025s
loading graph /home/xyin014/graph/wiki/snap_wiki, root file is source/wiki_src.txt, batch_num is 64, batch_size is 36534
read: 0.002635s
|E|=14613674
|V|=1870709
Re Computing: 1 0 3188
Re Computing: 1 0 3133
Re Computing: 1 0 3113
Re Computing: 1 0 3238
Re Computing: 1 0 3181
Re Computing: 1 0 3073
streaming total time 14.527637s
|V|=1870709
Intersection Graph Marked: 28.999903s
Version Time: 0.597399
direct hop total time 8.966214s
work sharing total time 7.957851s
CommonGraph total time 7.957851s
Running: build/Viterbibaseline /home/xyin014/graph/wiki/snap_wiki source/wiki_src.txt 64 0.0025 8
read: 5.890619s
loading graph /home/xyin014/graph/wiki/snap_wiki, root file is source/wiki_src.txt, batch_num is 64, batch_size is 36534
read: 0.002577s
|E|=14613674
|V|=1870709
Re Computing: 1 0 3161
Re Computing: 1 0 3249
Re Computing: 1 0 3160
Re Computing: 1 0 3234
Re Computing: 1 0 3162
streaming total time 18.293892s
|V|=1870709
Intersection Graph Marked: 24.373673s
Version Time: 0.726527
direct hop total time 9.742095s
work sharing total time 7.743402s
CommonGraph total time 7.743402s
Running: build/Viterbibaseline /home/xyin014/graph/wiki/snap_wiki source/wiki_src.txt 64 0.0025 9
read: 5.890149s
loading graph /home/xyin014/graph/wiki/snap_wiki, root file is source/wiki_src.txt, batch_num is 64, batch_size is 36534
read: 0.002649s
|E|=14613674
|V|=1870709
Re Computing: 1 0 3163
Re Computing: 1 0 3178
Re Computing: 1 0 3161
Re Computing: 1 0 3241
Re Computing: 1 0 3139
streaming total time 19.140078s
|V|=1870709
Intersection Graph Marked: 24.378312s
Version Time: 0.624716
direct hop total time 7.614003s
work sharing total time 6.890090s
CommonGraph total time 6.890090s
Running: build/Viterbibaseline /home/xyin014/graph/wiki/snap_wiki source/wiki_src.txt 64 0.0025 10
read: 5.910452s
loading graph /home/xyin014/graph/wiki/snap_wiki, root file is source/wiki_src.txt, batch_num is 64, batch_size is 36534
read: 0.002551s
|E|=14613674
|V|=1870709
Re Computing: 1 0 3163
Re Computing: 1 0 3136
Re Computing: 1 0 3159
Re Computing: 1 0 3230
Re Computing: 1 0 3155
streaming total time 21.306997s
|V|=1870709
Intersection Graph Marked: 29.327307s
Version Time: 0.753383
direct hop total time 7.169230s
work sharing total time 6.798548s
CommonGraph total time 6.798548s
Running: build/Viterbibaseline /home/xyin014/graph/wiki/snap_wiki source/wiki_src.txt 64 0.0025 11
read: 5.889864s
loading graph /home/xyin014/graph/wiki/snap_wiki, root file is source/wiki_src.txt, batch_num is 64, batch_size is 36534
read: 0.002631s
|E|=14613674
|V|=1870709
Re Computing: 1 0 3192
Re Computing: 1 0 3117
Re Computing: 1 0 3190
Re Computing: 1 0 3205
Re Computing: 1 0 3139
Re Computing: 1 0 3062
streaming total time 15.192402s
|V|=1870709
Intersection Graph Marked: 25.186042s
Version Time: 0.584836
direct hop total time 9.242956s
work sharing total time 8.407779s
CommonGraph total time 8.407779s
Running: build/Viterbibaseline /home/xyin014/graph/wiki/snap_wiki source/wiki_src.txt 64 0.0025 12
read: 5.903224s
loading graph /home/xyin014/graph/wiki/snap_wiki, root file is source/wiki_src.txt, batch_num is 64, batch_size is 36534
read: 0.002652s
|E|=14613674
|V|=1870709
Re Computing: 1 0 3166
Re Computing: 1 0 3177
Re Computing: 1 0 3161
Re Computing: 1 0 3242
Re Computing: 1 0 3142
Re Computing: 1 0 3219
streaming total time 14.280607s
|V|=1870709
Intersection Graph Marked: 24.698617s
Version Time: 0.616776
direct hop total time 6.816574s
work sharing total time 6.316822s
CommonGraph total time 6.316822s
Running: build/Viterbibaseline /home/xyin014/graph/wiki/snap_wiki source/wiki_src.txt 64 0.0025 13
read: 5.968562s
loading graph /home/xyin014/graph/wiki/snap_wiki, root file is source/wiki_src.txt, batch_num is 64, batch_size is 36534
read: 0.002647s
|E|=14613674
|V|=1870709
Re Computing: 1 0 3176
Re Computing: 1 0 3190
Re Computing: 1 0 3158
Re Computing: 1 0 3217
Re Computing: 1 0 3152
Re Computing: 1 0 3126
streaming total time 16.063335s
|V|=1870709
Intersection Graph Marked: 25.085010s
Version Time: 0.804825
direct hop total time 10.329601s
work sharing total time 7.492756s
CommonGraph total time 7.492756s
Running: build/Viterbibaseline /home/xyin014/graph/wiki/snap_wiki source/wiki_src.txt 64 0.0025 14
read: 5.925639s
loading graph /home/xyin014/graph/wiki/snap_wiki, root file is source/wiki_src.txt, batch_num is 64, batch_size is 36534
read: 0.002573s
|E|=14613674
|V|=1870709
Re Computing: 1 0 3168
Re Computing: 1 0 3068
Re Computing: 1 0 3184
Re Computing: 1 0 3230
Re Computing: 1 0 3136
Re Computing: 1 0 3166
streaming total time 16.029276s
|V|=1870709
Intersection Graph Marked: 53.139585s
Version Time: 0.608980
direct hop total time 10.639361s
work sharing total time 9.605310s
CommonGraph total time 9.605310s
Running: build/Viterbibaseline /home/xyin014/graph/wiki/snap_wiki source/wiki_src.txt 64 0.0025 15
read: 5.899067s
loading graph /home/xyin014/graph/wiki/snap_wiki, root file is source/wiki_src.txt, batch_num is 64, batch_size is 36534
read: 0.002672s
|E|=14613674
|V|=1870709
Re Computing: 1 0 3163
Re Computing: 1 0 3177
Re Computing: 1 0 3160
Re Computing: 1 0 3240
Re Computing: 1 0 3140
streaming total time 14.163962s
|V|=1870709
Intersection Graph Marked: 30.726068s
Version Time: 0.550441
direct hop total time 6.995015s
work sharing total time 6.377994s
CommonGraph total time 6.377994s
Running: build/Viterbibaseline /home/xyin014/graph/wen/snap_wen source/wen.txt 8 0.02 0
Error: Invalid line "% asym unweighted"
read: 178.929608s
loading graph /home/xyin014/graph/wen/snap_wen, root file is source/wen.txt, batch_num is 8, batch_size is 8744348
read: 0.091686s
|E|=437217424
|V|=13593033
Re Computing: 1 0 143835
Re Computing: 1 0 143745
Re Computing: 1 0 145430
Re Computing: 1 0 144711
streaming total time 65.232376s
|V|=13593033
Intersection Graph Marked: 10.387382s
Version Time: 1.844537
direct hop total time 4.781228s
work sharing total time 3.340479s
CommonGraph total time 3.340479s
Running: build/Viterbibaseline /home/xyin014/graph/wen/snap_wen source/wen.txt 8 0.02 1
Error: Invalid line "% asym unweighted"
read: 179.230592s
loading graph /home/xyin014/graph/wen/snap_wen, root file is source/wen.txt, batch_num is 8, batch_size is 8744348
read: 0.091441s
|E|=437217424
|V|=13593033
Re Computing: 1 0 142479
Re Computing: 2 37450 5088
Re Computing: 1 0 140924
streaming total time 55.607204s
|V|=13593033
Intersection Graph Marked: 11.381997s
Version Time: 0.058005
direct hop total time 26.535463s
work sharing total time 16.369278s
CommonGraph total time 16.369278s
Running: build/Viterbibaseline /home/xyin014/graph/wen/snap_wen source/wen.txt 8 0.02 2
Error: Invalid line "% asym unweighted"
read: 179.388974s
loading graph /home/xyin014/graph/wen/snap_wen, root file is source/wen.txt, batch_num is 8, batch_size is 8744348
read: 0.091747s
|E|=437217424
|V|=13593033
Re Computing: 1 0 180462
Re Computing: 1 0 143825
streaming total time 58.297447s
|V|=13593033
Intersection Graph Marked: 10.202925s
Version Time: 0.009070
direct hop total time 17.637747s
work sharing total time 2.796148s
CommonGraph total time 2.796148s
Running: build/Viterbibaseline /home/xyin014/graph/wen/snap_wen source/wen.txt 8 0.02 3
Error: Invalid line "% asym unweighted"
read: 180.162352s
loading graph /home/xyin014/graph/wen/snap_wen, root file is source/wen.txt, batch_num is 8, batch_size is 8744348
read: 0.091543s
|E|=437217424
|V|=13593033
Re Computing: 1 0 144468
Re Computing: 2 37437 5022
Re Computing: 1 0 142746
streaming total time 62.300526s
|V|=13593033
Intersection Graph Marked: 10.606348s
Version Time: 1.777710
direct hop total time 11.061050s
work sharing total time 8.967341s
CommonGraph total time 8.967341s
Running: build/Viterbibaseline /home/xyin014/graph/wen/snap_wen source/wen.txt 8 0.02 4
Error: Invalid line "% asym unweighted"
read: 179.512103s
loading graph /home/xyin014/graph/wen/snap_wen, root file is source/wen.txt, batch_num is 8, batch_size is 8744348
read: 0.091340s
|E|=437217424
|V|=13593033
Re Computing: 1 0 143433
Re Computing: 1 0 142554
Re Computing: 1 0 141541
streaming total time 62.351086s
|V|=13593033
Intersection Graph Marked: 9.439790s
Version Time: 1.658387
direct hop total time 4.936557s
work sharing total time 3.337151s
CommonGraph total time 3.337151s
Running: build/Viterbibaseline /home/xyin014/graph/wen/snap_wen source/wen.txt 8 0.02 5
Error: Invalid line "% asym unweighted"
read: 180.328248s
loading graph /home/xyin014/graph/wen/snap_wen, root file is source/wen.txt, batch_num is 8, batch_size is 8744348
read: 0.099730s
|E|=437217424
|V|=13593033
Re Computing: 1 0 143134
Re Computing: 1 0 142430
Re Computing: 1 0 175178
streaming total time 57.038822s
|V|=13593033
Intersection Graph Marked: 10.711083s
Version Time: 1.751696
direct hop total time 6.112988s
work sharing total time 3.851819s
CommonGraph total time 3.851819s
Running: build/Viterbibaseline /home/xyin014/graph/wen/snap_wen source/wen.txt 8 0.02 6
Error: Invalid line "% asym unweighted"
read: 179.215695s
loading graph /home/xyin014/graph/wen/snap_wen, root file is source/wen.txt, batch_num is 8, batch_size is 8744348
read: 0.093004s
|E|=437217424
|V|=13593033
Re Computing: 1 0 145779
Re Computing: 1 0 145435
Re Computing: 1 0 146152
Re Computing: 1 0 145924
streaming total time 62.932278s
|V|=13593033
Intersection Graph Marked: 10.763387s
Version Time: 1.679691
direct hop total time 4.822117s
work sharing total time 3.273312s
CommonGraph total time 3.273312s
Running: build/Viterbibaseline /home/xyin014/graph/wen/snap_wen source/wen.txt 8 0.02 7
Error: Invalid line "% asym unweighted"
read: 179.329128s
loading graph /home/xyin014/graph/wen/snap_wen, root file is source/wen.txt, batch_num is 8, batch_size is 8744348
read: 0.091327s
|E|=437217424
|V|=13593033
Re Computing: 1 0 142371
Re Computing: 2 37129 5010
Re Computing: 1 0 140942
streaming total time 58.968983s
|V|=13593033
Intersection Graph Marked: 10.192050s
Version Time: 1.723354
direct hop total time 4.869338s
work sharing total time 3.327196s
CommonGraph total time 3.327196s
Running: build/Viterbibaseline /home/xyin014/graph/wen/snap_wen source/wen.txt 8 0.02 8
Error: Invalid line "% asym unweighted"
read: 179.221863s
loading graph /home/xyin014/graph/wen/snap_wen, root file is source/wen.txt, batch_num is 8, batch_size is 8744348
read: 0.090564s
|E|=437217424
|V|=13593033
Re Computing: 1 0 142305
Re Computing: 1 0 142290
Re Computing: 1 0 141392
streaming total time 58.156040s
|V|=13593033
Intersection Graph Marked: 10.086521s
Version Time: 1.857036
direct hop total time 4.858688s
work sharing total time 3.360366s
CommonGraph total time 3.360366s
Running: build/Viterbibaseline /home/xyin014/graph/wen/snap_wen source/wen.txt 8 0.02 9
Error: Invalid line "% asym unweighted"
read: 179.507638s
loading graph /home/xyin014/graph/wen/snap_wen, root file is source/wen.txt, batch_num is 8, batch_size is 8744348
read: 0.103819s
|E|=437217424
|V|=13593033
Re Computing: 1 0 142913
Re Computing: 1 0 142091
Re Computing: 1 0 141183
streaming total time 53.842247s
|V|=13593033
Intersection Graph Marked: 10.385775s
Version Time: 1.827194
direct hop total time 4.960149s
work sharing total time 3.433507s
CommonGraph total time 3.433507s
Running: build/Viterbibaseline /home/xyin014/graph/wen/snap_wen source/wen.txt 8 0.02 10
Error: Invalid line "% asym unweighted"
read: 178.952684s
loading graph /home/xyin014/graph/wen/snap_wen, root file is source/wen.txt, batch_num is 8, batch_size is 8744348
read: 0.090347s
|E|=437217424
|V|=13593033
Re Computing: 1 0 142458
Re Computing: 2 36420 4887
Re Computing: 1 0 143517
Re Computing: 1 0 144096
streaming total time 59.749428s
|V|=13593033
Intersection Graph Marked: 11.187124s
Version Time: 0.009019
direct hop total time 12.908329s
work sharing total time 16.220182s
CommonGraph total time 16.220182s
Running: build/Viterbibaseline /home/xyin014/graph/wen/snap_wen source/wen.txt 8 0.02 11
Error: Invalid line "% asym unweighted"
read: 179.872194s
loading graph /home/xyin014/graph/wen/snap_wen, root file is source/wen.txt, batch_num is 8, batch_size is 8744348
read: 0.089824s
|E|=437217424
|V|=13593033
Re Computing: 1 0 146710
Re Computing: 1 0 150253
Re Computing: 1 0 144863
Re Computing: 1 0 144309
streaming total time 62.862068s
|V|=13593033
Intersection Graph Marked: 9.616101s
Version Time: 1.713480
direct hop total time 9.573710s
work sharing total time 7.996336s
CommonGraph total time 7.996336s
Running: build/Viterbibaseline /home/xyin014/graph/wen/snap_wen source/wen.txt 8 0.02 12
Error: Invalid line "% asym unweighted"
read: 178.953358s
loading graph /home/xyin014/graph/wen/snap_wen, root file is source/wen.txt, batch_num is 8, batch_size is 8744348
read: 0.091952s
|E|=437217424
|V|=13593033
Re Computing: 1 0 179279
Re Computing: 1 0 143087
streaming total time 67.788849s
|V|=13593033
Intersection Graph Marked: 9.056678s
Version Time: 0.012052
direct hop total time 19.089338s
work sharing total time 3.238182s
CommonGraph total time 3.238182s
Running: build/Viterbibaseline /home/xyin014/graph/wen/snap_wen source/wen.txt 8 0.02 13
Error: Invalid line "% asym unweighted"
read: 178.891636s
loading graph /home/xyin014/graph/wen/snap_wen, root file is source/wen.txt, batch_num is 8, batch_size is 8744348
read: 0.095726s
|E|=437217424
|V|=13593033
Re Computing: 1 0 143315
Re Computing: 1 0 142891
Re Computing: 1 0 141790
streaming total time 65.234657s
|V|=13593033
Intersection Graph Marked: 9.753015s
Version Time: 1.859388
direct hop total time 5.800066s
work sharing total time 4.192193s
CommonGraph total time 4.192193s
Running: build/Viterbibaseline /home/xyin014/graph/wen/snap_wen source/wen.txt 8 0.02 14
Error: Invalid line "% asym unweighted"
read: 178.926388s
loading graph /home/xyin014/graph/wen/snap_wen, root file is source/wen.txt, batch_num is 8, batch_size is 8744348
read: 0.092629s
|E|=437217424
|V|=13593033
Re Computing: 1 0 143198
Re Computing: 2 36847 4981
Re Computing: 1 0 141986
streaming total time 59.209736s
|V|=13593033
Intersection Graph Marked: 10.099551s
Version Time: 2.000171
direct hop total time 5.194392s
work sharing total time 3.516927s
CommonGraph total time 3.516927s
Running: build/Viterbibaseline /home/xyin014/graph/wen/snap_wen source/wen.txt 8 0.02 15
Error: Invalid line "% asym unweighted"
read: 180.951773s
loading graph /home/xyin014/graph/wen/snap_wen, root file is source/wen.txt, batch_num is 8, batch_size is 8744348
read: 0.091148s
|E|=437217424
|V|=13593033
Re Computing: 1 0 143147
Re Computing: 1 0 142327
Re Computing: 1 0 141342
streaming total time 59.828262s
|V|=13593033
Intersection Graph Marked: 10.279784s
Version Time: 1.675232
direct hop total time 4.873736s
work sharing total time 3.391544s
CommonGraph total time 3.391544s
Running: build/Viterbibaseline /home/xyin014/graph/wen/snap_wen source/wen.txt 16 0.01 0
Error: Invalid line "% asym unweighted"
read: 179.002480s
loading graph /home/xyin014/graph/wen/snap_wen, root file is source/wen.txt, batch_num is 16, batch_size is 4372174
read: 0.091602s
|E|=437217424
|V|=13593033
Re Computing: 1 0 72314
Re Computing: 1 0 73336
Re Computing: 1 0 72215
Re Computing: 1 0 72210
streaming total time 61.228043s
|V|=13593033
Intersection Graph Marked: 9.484108s
Version Time: 1.683201
direct hop total time 9.671838s
work sharing total time 6.162284s
CommonGraph total time 6.162284s
Running: build/Viterbibaseline /home/xyin014/graph/wen/snap_wen source/wen.txt 16 0.01 1
Error: Invalid line "% asym unweighted"
read: 179.465718s
loading graph /home/xyin014/graph/wen/snap_wen, root file is source/wen.txt, batch_num is 16, batch_size is 4372174
read: 0.092784s
|E|=437217424
|V|=13593033
Re Computing: 1 0 71569
Re Computing: 1 0 72600
Re Computing: 1 0 72362
Re Computing: 1 0 71861
Re Computing: 1 0 73099
streaming total time 56.642349s
|V|=13593033
Intersection Graph Marked: 10.293589s
Version Time: 0.010058
direct hop total time 30.857534s
work sharing total time 32.355297s
CommonGraph total time 32.355297s
Running: build/Viterbibaseline /home/xyin014/graph/wen/snap_wen source/wen.txt 16 0.01 2
Error: Invalid line "% asym unweighted"
read: 178.819220s
loading graph /home/xyin014/graph/wen/snap_wen, root file is source/wen.txt, batch_num is 16, batch_size is 4372174
read: 0.091943s
|E|=437217424
|V|=13593033
Re Computing: 1 0 91026
Re Computing: 1 0 73310
Re Computing: 1 0 73188
streaming total time 46.333084s
|V|=13593033
Intersection Graph Marked: 9.979223s
Version Time: 0.008924
direct hop total time 26.610052s
work sharing total time 4.071676s
CommonGraph total time 4.071676s
Running: build/Viterbibaseline /home/xyin014/graph/wen/snap_wen source/wen.txt 16 0.01 3
Error: Invalid line "% asym unweighted"
read: 179.664871s
loading graph /home/xyin014/graph/wen/snap_wen, root file is source/wen.txt, batch_num is 16, batch_size is 4372174
read: 0.091214s
|E|=437217424
|V|=13593033
Re Computing: 1 0 72615
Re Computing: 1 0 73288
Re Computing: 1 0 72427
Re Computing: 1 0 71998
Re Computing: 1 0 73364
streaming total time 60.726669s
|V|=13593033
Intersection Graph Marked: 9.730916s
Version Time: 1.780886
direct hop total time 21.012396s
work sharing total time 16.840076s
CommonGraph total time 16.840076s
Running: build/Viterbibaseline /home/xyin014/graph/wen/snap_wen source/wen.txt 16 0.01 4
Error: Invalid line "% asym unweighted"
read: 179.156004s
loading graph /home/xyin014/graph/wen/snap_wen, root file is source/wen.txt, batch_num is 16, batch_size is 4372174
read: 0.090035s
|E|=437217424
|V|=13593033
Re Computing: 1 0 71916
Re Computing: 1 0 72678
Re Computing: 2 17704 2610
Re Computing: 1 0 72202
Re Computing: 1 0 72400
Re Computing: 1 0 72950
streaming total time 60.449436s
|V|=13593033
Intersection Graph Marked: 10.180617s
Version Time: 1.667976
direct hop total time 9.626045s
work sharing total time 6.085304s
CommonGraph total time 6.085304s
Running: build/Viterbibaseline /home/xyin014/graph/wen/snap_wen source/wen.txt 16 0.01 5
Error: Invalid line "% asym unweighted"
read: 178.888225s
loading graph /home/xyin014/graph/wen/snap_wen, root file is source/wen.txt, batch_num is 16, batch_size is 4372174
read: 0.091959s
|E|=437217424
|V|=13593033
Re Computing: 1 0 71838
Re Computing: 1 0 72428
Re Computing: 2 17740 2632
Re Computing: 1 0 72055
Re Computing: 1 0 72362
Re Computing: 1 0 88322
streaming total time 59.672623s
|V|=13593033
Intersection Graph Marked: 9.775551s
Version Time: 1.774539
direct hop total time 10.955092s
work sharing total time 6.347885s
CommonGraph total time 6.347885s
Running: build/Viterbibaseline /home/xyin014/graph/wen/snap_wen source/wen.txt 16 0.01 6
Error: Invalid line "% asym unweighted"
read: 180.237157s
loading graph /home/xyin014/graph/wen/snap_wen, root file is source/wen.txt, batch_num is 16, batch_size is 4372174
read: 0.094397s
|E|=437217424
|V|=13593033
Re Computing: 1 0 73103
Re Computing: 1 0 74044
Re Computing: 1 0 73183
Re Computing: 1 0 73840
Re Computing: 1 0 73244
streaming total time 67.272614s
|V|=13593033
Intersection Graph Marked: 10.159154s
Version Time: 1.678669
direct hop total time 9.356717s
work sharing total time 6.029528s
CommonGraph total time 6.029528s
Running: build/Viterbibaseline /home/xyin014/graph/wen/snap_wen source/wen.txt 16 0.01 7
Error: Invalid line "% asym unweighted"
read: 178.824791s
loading graph /home/xyin014/graph/wen/snap_wen, root file is source/wen.txt, batch_num is 16, batch_size is 4372174
read: 0.095109s
|E|=437217424
|V|=13593033
Re Computing: 1 0 71596
Re Computing: 1 0 72256
Re Computing: 1 0 71480
Re Computing: 1 0 71221
Re Computing: 1 0 72398
streaming total time 60.652950s
|V|=13593033
Intersection Graph Marked: 10.577491s
Version Time: 1.723548
direct hop total time 9.122580s
work sharing total time 5.841618s
CommonGraph total time 5.841618s
Running: build/Viterbibaseline /home/xyin014/graph/wen/snap_wen source/wen.txt 16 0.01 8
Error: Invalid line "% asym unweighted"
read: 179.185438s
loading graph /home/xyin014/graph/wen/snap_wen, root file is source/wen.txt, batch_num is 16, batch_size is 4372174
read: 0.093502s
|E|=437217424
|V|=13593033
Re Computing: 1 0 71518
Re Computing: 1 0 70908
Re Computing: 1 0 72268
Re Computing: 1 0 71983
streaming total time 60.515759s
|V|=13593033
Intersection Graph Marked: 9.881532s
Version Time: 1.856580
direct hop total time 9.393881s
work sharing total time 5.988039s
CommonGraph total time 5.988039s
Running: build/Viterbibaseline /home/xyin014/graph/wen/snap_wen source/wen.txt 16 0.01 9
Error: Invalid line "% asym unweighted"
read: 178.989988s
loading graph /home/xyin014/graph/wen/snap_wen, root file is source/wen.txt, batch_num is 16, batch_size is 4372174
read: 0.093982s
|E|=437217424
|V|=13593033
Re Computing: 1 0 71686
Re Computing: 1 0 72661
Re Computing: 1 0 71730
Re Computing: 1 0 71127
streaming total time 57.045509s
|V|=13593033
Intersection Graph Marked: 10.596509s
Version Time: 1.980073
direct hop total time 9.257048s
work sharing total time 5.788625s
CommonGraph total time 5.788625s
Running: build/Viterbibaseline /home/xyin014/graph/wen/snap_wen source/wen.txt 16 0.01 10
Error: Invalid line "% asym unweighted"
read: 179.881973s
loading graph /home/xyin014/graph/wen/snap_wen, root file is source/wen.txt, batch_num is 16, batch_size is 4372174
read: 0.091355s
|E|=437217424
|V|=13593033
Re Computing: 1 0 71638
Re Computing: 1 0 72611
Re Computing: 1 0 71649
Re Computing: 1 0 70951
streaming total time 58.907032s
|V|=13593033
Intersection Graph Marked: 11.063813s
Version Time: 0.013605
direct hop total time 46.089985s
work sharing total time 27.218290s
CommonGraph total time 27.218290s
Running: build/Viterbibaseline /home/xyin014/graph/wen/snap_wen source/wen.txt 16 0.01 11
Error: Invalid line "% asym unweighted"
read: 179.095748s
loading graph /home/xyin014/graph/wen/snap_wen, root file is source/wen.txt, batch_num is 16, batch_size is 4372174
read: 0.093580s
|E|=437217424
|V|=13593033
Re Computing: 1 0 73626
Re Computing: 1 0 74602
Re Computing: 1 0 76263
Re Computing: 1 0 72515
Re Computing: 1 0 72166
streaming total time 57.934044s
|V|=13593033
Intersection Graph Marked: 10.765647s
Version Time: 1.676148
direct hop total time 18.267389s
work sharing total time 15.138619s
CommonGraph total time 15.138619s
Running: build/Viterbibaseline /home/xyin014/graph/wen/snap_wen source/wen.txt 16 0.01 12
Error: Invalid line "% asym unweighted"
read: 178.884960s
loading graph /home/xyin014/graph/wen/snap_wen, root file is source/wen.txt, batch_num is 16, batch_size is 4372174
read: 0.090854s
|E|=437217424
|V|=13593033
Re Computing: 1 0 90528
Re Computing: 1 0 71193
streaming total time 51.537560s
|V|=13593033
Intersection Graph Marked: 10.563744s
Version Time: 0.009634
direct hop total time 19.362928s
work sharing total time 4.257158s
CommonGraph total time 4.257158s
Running: build/Viterbibaseline /home/xyin014/graph/wen/snap_wen source/wen.txt 16 0.01 13
Error: Invalid line "% asym unweighted"
read: 179.074937s
loading graph /home/xyin014/graph/wen/snap_wen, root file is source/wen.txt, batch_num is 16, batch_size is 4372174
read: 0.091254s
|E|=437217424
|V|=13593033
Re Computing: 1 0 71989
Re Computing: 1 0 72765
Re Computing: 1 0 72023
Re Computing: 1 0 71654
Re Computing: 1 0 72825
streaming total time 61.415215s
|V|=13593033
Intersection Graph Marked: 10.710722s
Version Time: 1.819475
direct hop total time 10.759633s
work sharing total time 7.437439s
CommonGraph total time 7.437439s
Running: build/Viterbibaseline /home/xyin014/graph/wen/snap_wen source/wen.txt 16 0.01 14
Error: Invalid line "% asym unweighted"
read: 178.812277s
loading graph /home/xyin014/graph/wen/snap_wen, root file is source/wen.txt, batch_num is 16, batch_size is 4372174
read: 0.090318s
|E|=437217424
|V|=13593033
Re Computing: 1 0 72026
Re Computing: 1 0 72611
Re Computing: 1 0 71725
Re Computing: 1 0 72239
streaming total time 56.481216s
|V|=13593033
Intersection Graph Marked: 9.459593s
Version Time: 2.016536
direct hop total time 9.630168s
work sharing total time 6.004721s
CommonGraph total time 6.004721s
Running: build/Viterbibaseline /home/xyin014/graph/wen/snap_wen source/wen.txt 16 0.01 15
Error: Invalid line "% asym unweighted"
read: 179.083830s
loading graph /home/xyin014/graph/wen/snap_wen, root file is source/wen.txt, batch_num is 16, batch_size is 4372174
read: 0.091484s
|E|=437217424
|V|=13593033
Re Computing: 1 0 71800
Re Computing: 1 0 72503
Re Computing: 2 18299 2831
Re Computing: 1 0 72030
Re Computing: 1 0 72347
Re Computing: 1 0 72033
streaming total time 62.916931s
|V|=13593033
Intersection Graph Marked: 9.220430s
Version Time: 1.688077
direct hop total time 9.097417s
work sharing total time 5.872869s
CommonGraph total time 5.872869s
Running: build/Viterbibaseline /home/xyin014/graph/wen/snap_wen source/wen.txt 32 0.005 0
Error: Invalid line "% asym unweighted"
read: 179.139337s
loading graph /home/xyin014/graph/wen/snap_wen, root file is source/wen.txt, batch_num is 32, batch_size is 2186087
read: 0.091178s
|E|=437217424
|V|=13593033
Re Computing: 1 0 36197
Re Computing: 1 0 36623
Re Computing: 2 8925 1799
Re Computing: 1 0 36269
Re Computing: 1 0 36185
streaming total time 53.382336s
|V|=13593033
Intersection Graph Marked: 10.732926s
Version Time: 1.678800
direct hop total time 17.670576s
work sharing total time 10.739139s
CommonGraph total time 10.739139s
Running: build/Viterbibaseline /home/xyin014/graph/wen/snap_wen source/wen.txt 32 0.005 1
Error: Invalid line "% asym unweighted"
read: 179.734791s
loading graph /home/xyin014/graph/wen/snap_wen, root file is source/wen.txt, batch_num is 32, batch_size is 2186087
read: 0.089898s
|E|=437217424
|V|=13593033
Re Computing: 1 0 36018
Re Computing: 1 0 36261
Re Computing: 1 0 36130
Re Computing: 1 0 35844
Re Computing: 1 0 35962
Re Computing: 1 0 36590
streaming total time 57.080254s
|V|=13593033
Intersection Graph Marked: 9.991611s
Version Time: 0.008850
direct hop total time 91.326012s
work sharing total time 61.034973s
CommonGraph total time 61.034973s
Running: build/Viterbibaseline /home/xyin014/graph/wen/snap_wen source/wen.txt 32 0.005 2
Error: Invalid line "% asym unweighted"
read: 180.057847s
loading graph /home/xyin014/graph/wen/snap_wen, root file is source/wen.txt, batch_num is 32, batch_size is 2186087
read: 0.092289s
|E|=437217424
|V|=13593033
Re Computing: 1 0 45191
Re Computing: 1 0 36530
streaming total time 56.121025s
|V|=13593033
Intersection Graph Marked: 10.663098s
Version Time: 0.008774
direct hop total time 36.898369s
work sharing total time 5.676603s
CommonGraph total time 5.676603s
Running: build/Viterbibaseline /home/xyin014/graph/wen/snap_wen source/wen.txt 32 0.005 3
Error: Invalid line "% asym unweighted"
read: 179.315871s
loading graph /home/xyin014/graph/wen/snap_wen, root file is source/wen.txt, batch_num is 32, batch_size is 2186087
read: 0.091597s
|E|=437217424
|V|=13593033
Re Computing: 1 0 36276
Re Computing: 1 0 36662
Re Computing: 1 0 36641
Re Computing: 1 0 36175
Re Computing: 1 0 36351
Re Computing: 1 0 36730
streaming total time 55.043308s
|V|=13593033
Intersection Graph Marked: 9.459637s
Version Time: 1.779054
direct hop total time 41.883026s
work sharing total time 33.084393s
CommonGraph total time 33.084393s
Running: build/Viterbibaseline /home/xyin014/graph/wen/snap_wen source/wen.txt 32 0.005 4
Error: Invalid line "% asym unweighted"
read: 179.273752s
loading graph /home/xyin014/graph/wen/snap_wen, root file is source/wen.txt, batch_num is 32, batch_size is 2186087
read: 0.095448s
|E|=437217424
|V|=13593033
Re Computing: 1 0 35930
Re Computing: 1 0 36481
Re Computing: 1 0 35776
Re Computing: 1 0 35966
Re Computing: 1 0 35458
Re Computing: 1 0 36533
streaming total time 54.690517s
|V|=13593033
Intersection Graph Marked: 9.594021s
Version Time: 1.712242
direct hop total time 17.765100s
work sharing total time 10.722888s
CommonGraph total time 10.722888s
Running: build/Viterbibaseline /home/xyin014/graph/wen/snap_wen source/wen.txt 32 0.005 5
Error: Invalid line "% asym unweighted"
read: 179.427944s
loading graph /home/xyin014/graph/wen/snap_wen, root file is source/wen.txt, batch_num is 32, batch_size is 2186087
read: 0.091332s
|E|=437217424
|V|=13593033
Re Computing: 1 0 35832
Re Computing: 1 0 36384
Re Computing: 1 0 35703
Re Computing: 1 0 35942
Re Computing: 1 0 35436
Re Computing: 1 0 44769
streaming total time 58.553429s
|V|=13593033
Intersection Graph Marked: 10.278450s
Version Time: 1.754575
direct hop total time 19.928478s
work sharing total time 10.979560s
CommonGraph total time 10.979560s
Running: build/Viterbibaseline /home/xyin014/graph/wen/snap_wen source/wen.txt 32 0.005 6
Error: Invalid line "% asym unweighted"
read: 178.909384s
loading graph /home/xyin014/graph/wen/snap_wen, root file is source/wen.txt, batch_num is 32, batch_size is 2186087
read: 0.094069s
|E|=437217424
|V|=13593033
Re Computing: 1 0 36580
Re Computing: 1 0 36988
Re Computing: 1 0 36761
Re Computing: 1 0 36690
Re Computing: 1 0 36097
Re Computing: 1 0 37120
streaming total time 51.903770s
|V|=13593033
Intersection Graph Marked: 10.024236s
Version Time: 1.691783
direct hop total time 17.907955s
work sharing total time 11.128026s
CommonGraph total time 11.128026s
Running: build/Viterbibaseline /home/xyin014/graph/wen/snap_wen source/wen.txt 32 0.005 7
Error: Invalid line "% asym unweighted"
read: 179.251533s
loading graph /home/xyin014/graph/wen/snap_wen, root file is source/wen.txt, batch_num is 32, batch_size is 2186087
read: 0.090485s
|E|=437217424
|V|=13593033
Re Computing: 1 0 35862
Re Computing: 1 0 36112
Re Computing: 1 0 36202
Re Computing: 1 0 35733
Re Computing: 1 0 35933
Re Computing: 1 0 36282
streaming total time 57.738453s
|V|=13593033
Intersection Graph Marked: 10.512261s
Version Time: 1.764917
direct hop total time 18.074154s
work sharing total time 10.964899s
CommonGraph total time 10.964899s
Running: build/Viterbibaseline /home/xyin014/graph/wen/snap_wen source/wen.txt 32 0.005 8
Error: Invalid line "% asym unweighted"
read: 179.011405s
loading graph /home/xyin014/graph/wen/snap_wen, root file is source/wen.txt, batch_num is 32, batch_size is 2186087
read: 0.092906s
|E|=437217424
|V|=13593033
Re Computing: 1 0 35810
Re Computing: 1 0 36326
Re Computing: 2 8812 1640
Re Computing: 1 0 36368
Re Computing: 1 0 35963
Re Computing: 1 0 36443
streaming total time 56.772652s
|V|=13593033
Intersection Graph Marked: 10.477260s
Version Time: 1.850832
direct hop total time 18.340290s
work sharing total time 11.301960s
CommonGraph total time 11.301960s
Running: build/Viterbibaseline /home/xyin014/graph/wen/snap_wen source/wen.txt 32 0.005 9
Error: Invalid line "% asym unweighted"
read: 180.044704s
loading graph /home/xyin014/graph/wen/snap_wen, root file is source/wen.txt, batch_num is 32, batch_size is 2186087
read: 0.090609s
|E|=437217424
|V|=13593033
Re Computing: 1 0 35787
Re Computing: 1 0 36336
Re Computing: 1 0 35682
Re Computing: 1 0 35909
Re Computing: 1 0 36367
streaming total time 53.245655s
|V|=13593033
Intersection Graph Marked: 9.675206s
Version Time: 1.870237
direct hop total time 18.082663s
work sharing total time 11.054543s
CommonGraph total time 11.054543s
Running: build/Viterbibaseline /home/xyin014/graph/wen/snap_wen source/wen.txt 32 0.005 10
Error: Invalid line "% asym unweighted"
read: 179.206112s
loading graph /home/xyin014/graph/wen/snap_wen, root file is source/wen.txt, batch_num is 32, batch_size is 2186087
read: 0.093401s
|E|=437217424
|V|=13593033
Re Computing: 1 0 35654
Re Computing: 1 0 36391
Re Computing: 1 0 36154
Re Computing: 1 0 35832
Re Computing: 1 0 35966
Re Computing: 1 0 36642
streaming total time 58.563240s
|V|=13593033
Intersection Graph Marked: 11.102114s
Version Time: 0.028196
direct hop total time 51.972820s
work sharing total time 51.126087s
CommonGraph total time 51.126087s
Running: build/Viterbibaseline /home/xyin014/graph/wen/snap_wen source/wen.txt 32 0.005 11
Error: Invalid line "% asym unweighted"
read: 179.295965s
loading graph /home/xyin014/graph/wen/snap_wen, root file is source/wen.txt, batch_num is 32, batch_size is 2186087
read: 0.090025s
|E|=437217424
|V|=13593033
Re Computing: 1 0 36776
Re Computing: 1 0 37238
Re Computing: 1 0 38110
Re Computing: 1 0 37378
Re Computing: 1 0 35734
Re Computing: 1 0 36934
streaming total time 56.405899s
|V|=13593033
Intersection Graph Marked: 10.280259s
Version Time: 1.854379
direct hop total time 36.034519s
work sharing total time 28.045885s
CommonGraph total time 28.045885s
Running: build/Viterbibaseline /home/xyin014/graph/wen/snap_wen source/wen.txt 32 0.005 12
Error: Invalid line "% asym unweighted"
read: 179.238175s
loading graph /home/xyin014/graph/wen/snap_wen, root file is source/wen.txt, batch_num is 32, batch_size is 2186087
read: 0.089080s
|E|=437217424
|V|=13593033
Re Computing: 1 0 45417
Re Computing: 1 0 35953
Re Computing: 1 0 36303
streaming total time 52.902924s
|V|=13593033
Intersection Graph Marked: 9.977089s
Version Time: 0.017434
direct hop total time 33.549881s
work sharing total time 6.157676s
CommonGraph total time 6.157676s
Running: build/Viterbibaseline /home/xyin014/graph/wen/snap_wen source/wen.txt 32 0.005 13
Error: Invalid line "% asym unweighted"
read: 179.305350s
loading graph /home/xyin014/graph/wen/snap_wen, root file is source/wen.txt, batch_num is 32, batch_size is 2186087
read: 0.091467s
|E|=437217424
|V|=13593033
Re Computing: 1 0 35989
Re Computing: 1 0 36374
Re Computing: 1 0 36501
Re Computing: 1 0 35906
Re Computing: 1 0 36163
Re Computing: 1 0 36477
streaming total time 55.840820s
|V|=13593033
Intersection Graph Marked: 11.067788s
Version Time: 1.905100
direct hop total time 20.616337s
work sharing total time 14.216372s
CommonGraph total time 14.216372s
Running: build/Viterbibaseline /home/xyin014/graph/wen/snap_wen source/wen.txt 32 0.005 14
Error: Invalid line "% asym unweighted"
read: 179.030333s
loading graph /home/xyin014/graph/wen/snap_wen, root file is source/wen.txt, batch_num is 32, batch_size is 2186087
read: 0.092621s
|E|=437217424
|V|=13593033
Re Computing: 1 0 35958
Re Computing: 1 0 36381
Re Computing: 1 0 36401
Re Computing: 1 0 36455
Re Computing: 1 0 36273
Re Computing: 1 0 36290
streaming total time 59.206654s
|V|=13593033
Intersection Graph Marked: 10.425362s
Version Time: 2.011412
direct hop total time 18.340036s
work sharing total time 10.956038s
CommonGraph total time 10.956038s
Running: build/Viterbibaseline /home/xyin014/graph/wen/snap_wen source/wen.txt 32 0.005 15
Error: Invalid line "% asym unweighted"
read: 178.899449s
loading graph /home/xyin014/graph/wen/snap_wen, root file is source/wen.txt, batch_num is 32, batch_size is 2186087
read: 0.092755s
|E|=437217424
|V|=13593033
Re Computing: 1 0 35996
Re Computing: 1 0 36251
Re Computing: 1 0 35760
Re Computing: 1 0 35934
Re Computing: 1 0 35465
Re Computing: 1 0 36477
streaming total time 55.299145s
|V|=13593033
Intersection Graph Marked: 10.856676s
Version Time: 1.673086
direct hop total time 17.268942s
work sharing total time 10.563389s
CommonGraph total time 10.563389s
Running: build/Viterbibaseline /home/xyin014/graph/wen/snap_wen source/wen.txt 64 0.0025 0
Error: Invalid line "% asym unweighted"
read: 179.180860s
loading graph /home/xyin014/graph/wen/snap_wen, root file is source/wen.txt, batch_num is 64, batch_size is 1093043
read: 0.091367s
|E|=437217424
|V|=13593033
Re Computing: 1 0 17891
Re Computing: 1 0 18344
Re Computing: 2 4426 975
Re Computing: 1 0 18073
Re Computing: 1 0 18093
Re Computing: 1 0 18264
streaming total time 58.124115s
|V|=13593033
Intersection Graph Marked: 9.724283s
Version Time: 1.683432
direct hop total time 36.464527s
work sharing total time 21.896935s
CommonGraph total time 21.896935s
Running: build/Viterbibaseline /home/xyin014/graph/wen/snap_wen source/wen.txt 64 0.0025 1
Error: Invalid line "% asym unweighted"
read: 179.383741s
loading graph /home/xyin014/graph/wen/snap_wen, root file is source/wen.txt, batch_num is 64, batch_size is 1093043
read: 0.091682s
|E|=437217424
|V|=13593033
Re Computing: 1 0 18050
Re Computing: 1 0 18122
Re Computing: 1 0 17927
Re Computing: 1 0 17795
Re Computing: 1 0 18039
streaming total time 57.532295s
|V|=13593033
Intersection Graph Marked: 10.574541s
Version Time: 0.009082
direct hop total time 108.015717s
work sharing total time 127.426033s
CommonGraph total time 127.426033s
Running: build/Viterbibaseline /home/xyin014/graph/wen/snap_wen source/wen.txt 64 0.0025 2
Error: Invalid line "% asym unweighted"
read: 179.020297s
loading graph /home/xyin014/graph/wen/snap_wen, root file is source/wen.txt, batch_num is 64, batch_size is 1093043
read: 0.091656s
|E|=437217424
|V|=13593033
Re Computing: 1 0 22700
Re Computing: 1 0 18015
Re Computing: 1 0 18262
streaming total time 41.077854s
|V|=13593033
Intersection Graph Marked: 10.262366s
Version Time: 0.008867
direct hop total time 73.943520s
work sharing total time 9.648694s
CommonGraph total time 9.648694s
Running: build/Viterbibaseline /home/xyin014/graph/wen/snap_wen source/wen.txt 64 0.0025 3
Error: Invalid line "% asym unweighted"
read: 179.172018s
loading graph /home/xyin014/graph/wen/snap_wen, root file is source/wen.txt, batch_num is 64, batch_size is 1093043
read: 0.093265s
|E|=437217424
|V|=13593033
Re Computing: 1 0 18224
Re Computing: 1 0 18296
Re Computing: 1 0 18123
Re Computing: 1 0 18021
Re Computing: 1 0 18276
streaming total time 52.043270s
|V|=13593033
Intersection Graph Marked: 10.576939s
Version Time: 1.957299
direct hop total time 79.462296s
work sharing total time 62.792984s
CommonGraph total time 62.792984s
Running: build/Viterbibaseline /home/xyin014/graph/wen/snap_wen source/wen.txt 64 0.0025 4
Error: Invalid line "% asym unweighted"
read: 179.232955s
loading graph /home/xyin014/graph/wen/snap_wen, root file is source/wen.txt, batch_num is 64, batch_size is 1093043
read: 0.093138s
|E|=437217424
|V|=13593033
Re Computing: 1 0 17865
Re Computing: 1 0 17916
Re Computing: 1 0 17779
Re Computing: 1 0 17959
Re Computing: 1 0 17773
Re Computing: 1 0 18215
streaming total time 54.798260s
|V|=13593033
Intersection Graph Marked: 9.795862s
Version Time: 1.666799
direct hop total time 37.881161s
work sharing total time 22.214594s
CommonGraph total time 22.214594s
Running: build/Viterbibaseline /home/xyin014/graph/wen/snap_wen source/wen.txt 64 0.0025 5
Error: Invalid line "% asym unweighted"
read: 179.143865s
loading graph /home/xyin014/graph/wen/snap_wen, root file is source/wen.txt, batch_num is 64, batch_size is 1093043
read: 0.090610s
|E|=437217424
|V|=13593033
Re Computing: 1 0 18176
Re Computing: 1 0 17715
Re Computing: 1 0 17764
Re Computing: 1 0 17945
Re Computing: 1 0 17770
Re Computing: 1 0 22348
streaming total time 56.627235s
|V|=13593033
Intersection Graph Marked: 10.705764s
Version Time: 1.741467
direct hop total time 38.423477s
work sharing total time 20.995415s
CommonGraph total time 20.995415s
Running: build/Viterbibaseline /home/xyin014/graph/wen/snap_wen source/wen.txt 64 0.0025 6
Error: Invalid line "% asym unweighted"
read: 179.027905s
loading graph /home/xyin014/graph/wen/snap_wen, root file is source/wen.txt, batch_num is 64, batch_size is 1093043
read: 0.091467s
|E|=437217424
|V|=13593033
Re Computing: 1 0 18168
Re Computing: 1 0 18508
Re Computing: 1 0 18260
Re Computing: 1 0 18334
Re Computing: 1 0 18114
Re Computing: 1 0 18419
streaming total time 49.560966s
|V|=13593033
Intersection Graph Marked: 11.051190s
Version Time: 1.742453
direct hop total time 35.052094s
work sharing total time 21.319469s
CommonGraph total time 21.319469s
Running: build/Viterbibaseline /home/xyin014/graph/wen/snap_wen source/wen.txt 64 0.0025 7
Error: Invalid line "% asym unweighted"
read: 179.307441s
loading graph /home/xyin014/graph/wen/snap_wen, root file is source/wen.txt, batch_num is 64, batch_size is 1093043
read: 0.092529s
|E|=437217424
|V|=13593033
Re Computing: 1 0 18065
Re Computing: 1 0 18084
Re Computing: 1 0 17933
Re Computing: 1 0 17736
Re Computing: 1 0 18053
streaming total time 52.425217s
|V|=13593033
Intersection Graph Marked: 10.819159s
Version Time: 1.687620
direct hop total time 34.034641s
work sharing total time 21.124746s
CommonGraph total time 21.124746s
Running: build/Viterbibaseline /home/xyin014/graph/wen/snap_wen source/wen.txt 64 0.0025 8
Error: Invalid line "% asym unweighted"
read: 179.048346s
loading graph /home/xyin014/graph/wen/snap_wen, root file is source/wen.txt, batch_num is 64, batch_size is 1093043
read: 0.091119s
|E|=437217424
|V|=13593033
Re Computing: 1 0 17709
Re Computing: 1 0 18134
Re Computing: 2 4387 826
Re Computing: 1 0 18028
Re Computing: 1 0 17938
Re Computing: 1 0 18046
streaming total time 51.966900s
|V|=13593033
Intersection Graph Marked: 10.063838s
Version Time: 1.850242
direct hop total time 34.370529s
work sharing total time 21.025848s
CommonGraph total time 21.025848s
Running: build/Viterbibaseline /home/xyin014/graph/wen/snap_wen source/wen.txt 64 0.0025 9
Error: Invalid line "% asym unweighted"
read: 178.976548s
loading graph /home/xyin014/graph/wen/snap_wen, root file is source/wen.txt, batch_num is 64, batch_size is 1093043
read: 0.091208s
|E|=437217424
|V|=13593033
Re Computing: 1 0 17716
Re Computing: 1 0 18161
Re Computing: 1 0 17791
Re Computing: 1 0 17902
Re Computing: 1 0 18062
streaming total time 52.533779s
|V|=13593033
Intersection Graph Marked: 9.984344s
Version Time: 1.814405
direct hop total time 35.922401s
work sharing total time 21.239216s
CommonGraph total time 21.239216s
Running: build/Viterbibaseline /home/xyin014/graph/wen/snap_wen source/wen.txt 64 0.0025 10
Error: Invalid line "% asym unweighted"
read: 179.068233s
loading graph /home/xyin014/graph/wen/snap_wen, root file is source/wen.txt, batch_num is 64, batch_size is 1093043
read: 0.091842s
|E|=437217424
|V|=13593033
Re Computing: 1 0 17686
Re Computing: 1 0 18219
Re Computing: 1 0 17963
Re Computing: 1 0 17859
Re Computing: 1 0 18329
streaming total time 54.669258s
|V|=13593033
Intersection Graph Marked: 10.777409s
Version Time: 0.008899
direct hop total time 133.662857s
work sharing total time 109.917282s
CommonGraph total time 109.917282s
Running: build/Viterbibaseline /home/xyin014/graph/wen/snap_wen source/wen.txt 64 0.0025 11
Error: Invalid line "% asym unweighted"
read: 179.136136s
loading graph /home/xyin014/graph/wen/snap_wen, root file is source/wen.txt, batch_num is 64, batch_size is 1093043
read: 0.092199s
|E|=437217424
|V|=13593033
Re Computing: 1 0 18256
Re Computing: 1 0 18680
Re Computing: 1 0 19021
Re Computing: 1 0 18068
Re Computing: 1 0 18102
Re Computing: 1 0 18275
streaming total time 58.185772s
|V|=13593033
Intersection Graph Marked: 10.237728s
Version Time: 1.675974
direct hop total time 69.586418s
work sharing total time 56.478764s
CommonGraph total time 56.478764s
Running: build/Viterbibaseline /home/xyin014/graph/wen/snap_wen source/wen.txt 64 0.0025 12
Error: Invalid line "% asym unweighted"
read: 180.298802s
loading graph /home/xyin014/graph/wen/snap_wen, root file is source/wen.txt, batch_num is 64, batch_size is 1093043
read: 0.092597s
|E|=437217424
|V|=13593033
Re Computing: 1 0 22545
Re Computing: 1 0 17898
Re Computing: 1 0 18088
streaming total time 46.178493s
|V|=13593033
Intersection Graph Marked: 10.364593s
Version Time: 0.058979
direct hop total time 64.948059s
work sharing total time 10.710549s
CommonGraph total time 10.710549s
Running: build/Viterbibaseline /home/xyin014/graph/wen/snap_wen source/wen.txt 64 0.0025 13
Error: Invalid line "% asym unweighted"
read: 182.329706s
loading graph /home/xyin014/graph/wen/snap_wen, root file is source/wen.txt, batch_num is 64, batch_size is 1093043
read: 0.104781s
|E|=437217424
|V|=13593033
Re Computing: 1 0 18105
Re Computing: 1 0 18254
Re Computing: 1 0 18095
Re Computing: 1 0 17894
Re Computing: 1 0 18131
streaming total time 52.297188s
|V|=13593033
Intersection Graph Marked: 9.629957s
Version Time: 1.826867
direct hop total time 40.226532s
work sharing total time 27.203611s
CommonGraph total time 27.203611s
Running: build/Viterbibaseline /home/xyin014/graph/wen/snap_wen source/wen.txt 64 0.0025 14
Error: Invalid line "% asym unweighted"
read: 179.689257s
loading graph /home/xyin014/graph/wen/snap_wen, root file is source/wen.txt, batch_num is 64, batch_size is 1093043
read: 0.106484s
|E|=437217424
|V|=13593033
Re Computing: 1 0 18105
Re Computing: 1 0 18197
Re Computing: 1 0 18125
Re Computing: 1 0 17848
Re Computing: 1 0 18031
streaming total time 51.717884s
|V|=13593033
Intersection Graph Marked: 9.164155s
Version Time: 1.839661
direct hop total time 36.068222s
work sharing total time 21.462509s
CommonGraph total time 21.462509s
Running: build/Viterbibaseline /home/xyin014/graph/wen/snap_wen source/wen.txt 64 0.0025 15
Error: Invalid line "% asym unweighted"
read: 179.087402s
loading graph /home/xyin014/graph/wen/snap_wen, root file is source/wen.txt, batch_num is 64, batch_size is 1093043
read: 0.091808s
|E|=437217424
|V|=13593033
Re Computing: 1 0 17818
Re Computing: 1 0 17854
Re Computing: 1 0 17815
Re Computing: 1 0 17970
Re Computing: 1 0 17782
Re Computing: 1 0 18163
streaming total time 53.573948s
|V|=13593033
Intersection Graph Marked: 10.379694s
Version Time: 1.665940
direct hop total time 36.025433s
work sharing total time 21.886845s
CommonGraph total time 21.886845s
Running: build/Viterbibaseline /home/xyin014/graph/dl/snap_dl source/dl_src.txt 8 0.02 0
Error: Invalid line "% asym positive"
Error: Invalid line "% 172308906 18268992 18268992"
read: 73.559283s
loading graph /home/xyin014/graph/dl/snap_dl, root file is source/dl_src.txt, batch_num is 8, batch_size is 3443679
read: 0.069100s
|E|=172183984
|V|=18268993
Viterbi_baseline.sh: line 23: 405763 Floating point exception(core dumped) $app "$graphfile" "$root_file" "$batch_num" "$batch_size" "$extra_param"
Running: build/Viterbibaseline /home/xyin014/graph/dl/snap_dl source/dl_src.txt 8 0.02 1
Error: Invalid line "% asym positive"
Error: Invalid line "% 172308906 18268992 18268992"
read: 73.407467s
loading graph /home/xyin014/graph/dl/snap_dl, root file is source/dl_src.txt, batch_num is 8, batch_size is 3443679
read: 0.079628s
|E|=172183984
|V|=18268993
Viterbi_baseline.sh: line 23: 405905 Floating point exception(core dumped) $app "$graphfile" "$root_file" "$batch_num" "$batch_size" "$extra_param"
Running: build/Viterbibaseline /home/xyin014/graph/dl/snap_dl source/dl_src.txt 8 0.02 2
Error: Invalid line "% asym positive"
Error: Invalid line "% 172308906 18268992 18268992"
read: 73.546250s
loading graph /home/xyin014/graph/dl/snap_dl, root file is source/dl_src.txt, batch_num is 8, batch_size is 3443679
read: 0.076544s
|E|=172183984
|V|=18268993
Viterbi_baseline.sh: line 23: 406044 Floating point exception(core dumped) $app "$graphfile" "$root_file" "$batch_num" "$batch_size" "$extra_param"
Running: build/Viterbibaseline /home/xyin014/graph/dl/snap_dl source/dl_src.txt 8 0.02 3
Error: Invalid line "% asym positive"
Error: Invalid line "% 172308906 18268992 18268992"
read: 73.512663s
loading graph /home/xyin014/graph/dl/snap_dl, root file is source/dl_src.txt, batch_num is 8, batch_size is 3443679
read: 0.070375s
|E|=172183984
|V|=18268993
Viterbi_baseline.sh: line 23: 406197 Floating point exception(core dumped) $app "$graphfile" "$root_file" "$batch_num" "$batch_size" "$extra_param"
Running: build/Viterbibaseline /home/xyin014/graph/dl/snap_dl source/dl_src.txt 8 0.02 4
Error: Invalid line "% asym positive"
Error: Invalid line "% 172308906 18268992 18268992"
read: 73.462378s
loading graph /home/xyin014/graph/dl/snap_dl, root file is source/dl_src.txt, batch_num is 8, batch_size is 3443679
read: 0.068448s
|E|=172183984
|V|=18268993
Viterbi_baseline.sh: line 23: 406338 Floating point exception(core dumped) $app "$graphfile" "$root_file" "$batch_num" "$batch_size" "$extra_param"
Running: build/Viterbibaseline /home/xyin014/graph/dl/snap_dl source/dl_src.txt 8 0.02 5
Error: Invalid line "% asym positive"
Error: Invalid line "% 172308906 18268992 18268992"
read: 73.572899s
loading graph /home/xyin014/graph/dl/snap_dl, root file is source/dl_src.txt, batch_num is 8, batch_size is 3443679
read: 0.077029s
|E|=172183984
|V|=18268993
Viterbi_baseline.sh: line 23: 406478 Floating point exception(core dumped) $app "$graphfile" "$root_file" "$batch_num" "$batch_size" "$extra_param"
Running: build/Viterbibaseline /home/xyin014/graph/dl/snap_dl source/dl_src.txt 8 0.02 6
Error: Invalid line "% asym positive"
Error: Invalid line "% 172308906 18268992 18268992"
read: 73.496584s
loading graph /home/xyin014/graph/dl/snap_dl, root file is source/dl_src.txt, batch_num is 8, batch_size is 3443679
read: 0.069494s
|E|=172183984
|V|=18268993
Viterbi_baseline.sh: line 23: 406629 Floating point exception(core dumped) $app "$graphfile" "$root_file" "$batch_num" "$batch_size" "$extra_param"
Running: build/Viterbibaseline /home/xyin014/graph/dl/snap_dl source/dl_src.txt 8 0.02 7
Error: Invalid line "% asym positive"
Error: Invalid line "% 172308906 18268992 18268992"
read: 73.577558s
loading graph /home/xyin014/graph/dl/snap_dl, root file is source/dl_src.txt, batch_num is 8, batch_size is 3443679
read: 0.078469s
|E|=172183984
|V|=18268993
Viterbi_baseline.sh: line 23: 406772 Floating point exception(core dumped) $app "$graphfile" "$root_file" "$batch_num" "$batch_size" "$extra_param"
Running: build/Viterbibaseline /home/xyin014/graph/dl/snap_dl source/dl_src.txt 8 0.02 8
Error: Invalid line "% asym positive"
Error: Invalid line "% 172308906 18268992 18268992"
read: 73.549976s
loading graph /home/xyin014/graph/dl/snap_dl, root file is source/dl_src.txt, batch_num is 8, batch_size is 3443679
read: 0.080671s
|E|=172183984
|V|=18268993
Viterbi_baseline.sh: line 23: 406913 Floating point exception(core dumped) $app "$graphfile" "$root_file" "$batch_num" "$batch_size" "$extra_param"
Running: build/Viterbibaseline /home/xyin014/graph/dl/snap_dl source/dl_src.txt 8 0.02 9
Error: Invalid line "% asym positive"
Error: Invalid line "% 172308906 18268992 18268992"
read: 73.498835s
loading graph /home/xyin014/graph/dl/snap_dl, root file is source/dl_src.txt, batch_num is 8, batch_size is 3443679
read: 0.072849s
|E|=172183984
|V|=18268993
Viterbi_baseline.sh: line 23: 407065 Floating point exception(core dumped) $app "$graphfile" "$root_file" "$batch_num" "$batch_size" "$extra_param"
Running: build/Viterbibaseline /home/xyin014/graph/dl/snap_dl source/dl_src.txt 8 0.02 10
Error: Invalid line "% asym positive"
Error: Invalid line "% 172308906 18268992 18268992"
read: 73.508420s
loading graph /home/xyin014/graph/dl/snap_dl, root file is source/dl_src.txt, batch_num is 8, batch_size is 3443679
read: 0.077806s
|E|=172183984
|V|=18268993
Viterbi_baseline.sh: line 23: 407209 Floating point exception(core dumped) $app "$graphfile" "$root_file" "$batch_num" "$batch_size" "$extra_param"
Running: build/Viterbibaseline /home/xyin014/graph/dl/snap_dl source/dl_src.txt 8 0.02 11
Error: Invalid line "% asym positive"
Error: Invalid line "% 172308906 18268992 18268992"
read: 74.575550s
loading graph /home/xyin014/graph/dl/snap_dl, root file is source/dl_src.txt, batch_num is 8, batch_size is 3443679
read: 0.098339s
|E|=172183984
|V|=18268993
Viterbi_baseline.sh: line 23: 407349 Floating point exception(core dumped) $app "$graphfile" "$root_file" "$batch_num" "$batch_size" "$extra_param"
Running: build/Viterbibaseline /home/xyin014/graph/dl/snap_dl source/dl_src.txt 8 0.02 12
Error: Invalid line "% asym positive"
Error: Invalid line "% 172308906 18268992 18268992"
read: 73.581733s
loading graph /home/xyin014/graph/dl/snap_dl, root file is source/dl_src.txt, batch_num is 8, batch_size is 3443679
read: 0.074758s
|E|=172183984
|V|=18268993
Viterbi_baseline.sh: line 23: 407493 Floating point exception(core dumped) $app "$graphfile" "$root_file" "$batch_num" "$batch_size" "$extra_param"
Running: build/Viterbibaseline /home/xyin014/graph/dl/snap_dl source/dl_src.txt 8 0.02 13
Error: Invalid line "% asym positive"
Error: Invalid line "% 172308906 18268992 18268992"
read: 73.546101s
loading graph /home/xyin014/graph/dl/snap_dl, root file is source/dl_src.txt, batch_num is 8, batch_size is 3443679
read: 0.076226s
|E|=172183984
|V|=18268993
Viterbi_baseline.sh: line 23: 407646 Floating point exception(core dumped) $app "$graphfile" "$root_file" "$batch_num" "$batch_size" "$extra_param"
Running: build/Viterbibaseline /home/xyin014/graph/dl/snap_dl source/dl_src.txt 8 0.02 14
Error: Invalid line "% asym positive"
Error: Invalid line "% 172308906 18268992 18268992"
read: 73.519203s
loading graph /home/xyin014/graph/dl/snap_dl, root file is source/dl_src.txt, batch_num is 8, batch_size is 3443679
read: 0.082749s
|E|=172183984
|V|=18268993
Viterbi_baseline.sh: line 23: 407789 Floating point exception(core dumped) $app "$graphfile" "$root_file" "$batch_num" "$batch_size" "$extra_param"
Running: build/Viterbibaseline /home/xyin014/graph/dl/snap_dl source/dl_src.txt 8 0.02 15
Error: Invalid line "% asym positive"
Error: Invalid line "% 172308906 18268992 18268992"
read: 73.551140s
loading graph /home/xyin014/graph/dl/snap_dl, root file is source/dl_src.txt, batch_num is 8, batch_size is 3443679
read: 0.079468s
|E|=172183984
|V|=18268993
Viterbi_baseline.sh: line 23: 407929 Floating point exception(core dumped) $app "$graphfile" "$root_file" "$batch_num" "$batch_size" "$extra_param"
Running: build/Viterbibaseline /home/xyin014/graph/dl/snap_dl source/dl_src.txt 16 0.01 0
Error: Invalid line "% asym positive"
Error: Invalid line "% 172308906 18268992 18268992"
read: 73.576810s
loading graph /home/xyin014/graph/dl/snap_dl, root file is source/dl_src.txt, batch_num is 16, batch_size is 1721839
read: 0.072083s
|E|=172183984
|V|=18268993
Viterbi_baseline.sh: line 23: 408085 Floating point exception(core dumped) $app "$graphfile" "$root_file" "$batch_num" "$batch_size" "$extra_param"
Running: build/Viterbibaseline /home/xyin014/graph/dl/snap_dl source/dl_src.txt 16 0.01 1
Error: Invalid line "% asym positive"
Error: Invalid line "% 172308906 18268992 18268992"
read: 73.549258s
loading graph /home/xyin014/graph/dl/snap_dl, root file is source/dl_src.txt, batch_num is 16, batch_size is 1721839
read: 0.071461s
|E|=172183984
|V|=18268993
Viterbi_baseline.sh: line 23: 408235 Floating point exception(core dumped) $app "$graphfile" "$root_file" "$batch_num" "$batch_size" "$extra_param"
Running: build/Viterbibaseline /home/xyin014/graph/dl/snap_dl source/dl_src.txt 16 0.01 2
Error: Invalid line "% asym positive"
Error: Invalid line "% 172308906 18268992 18268992"
read: 73.959150s
loading graph /home/xyin014/graph/dl/snap_dl, root file is source/dl_src.txt, batch_num is 16, batch_size is 1721839
read: 0.071367s
|E|=172183984
|V|=18268993
Viterbi_baseline.sh: line 23: 408387 Floating point exception(core dumped) $app "$graphfile" "$root_file" "$batch_num" "$batch_size" "$extra_param"
Running: build/Viterbibaseline /home/xyin014/graph/dl/snap_dl source/dl_src.txt 16 0.01 3
Error: Invalid line "% asym positive"
Error: Invalid line "% 172308906 18268992 18268992"
read: 73.428634s
loading graph /home/xyin014/graph/dl/snap_dl, root file is source/dl_src.txt, batch_num is 16, batch_size is 1721839
read: 0.073628s
|E|=172183984
|V|=18268993
Viterbi_baseline.sh: line 23: 408589 Floating point exception(core dumped) $app "$graphfile" "$root_file" "$batch_num" "$batch_size" "$extra_param"
Running: build/Viterbibaseline /home/xyin014/graph/dl/snap_dl source/dl_src.txt 16 0.01 4
Error: Invalid line "% asym positive"
Error: Invalid line "% 172308906 18268992 18268992"
read: 73.438154s
loading graph /home/xyin014/graph/dl/snap_dl, root file is source/dl_src.txt, batch_num is 16, batch_size is 1721839
read: 0.074887s
|E|=172183984
|V|=18268993
Viterbi_baseline.sh: line 23: 408745 Floating point exception(core dumped) $app "$graphfile" "$root_file" "$batch_num" "$batch_size" "$extra_param"
Running: build/Viterbibaseline /home/xyin014/graph/dl/snap_dl source/dl_src.txt 16 0.01 5
Error: Invalid line "% asym positive"
Error: Invalid line "% 172308906 18268992 18268992"
read: 73.609938s
loading graph /home/xyin014/graph/dl/snap_dl, root file is source/dl_src.txt, batch_num is 16, batch_size is 1721839
read: 0.073480s
|E|=172183984
|V|=18268993
Viterbi_baseline.sh: line 23: 408903 Floating point exception(core dumped) $app "$graphfile" "$root_file" "$batch_num" "$batch_size" "$extra_param"
Running: build/Viterbibaseline /home/xyin014/graph/dl/snap_dl source/dl_src.txt 16 0.01 6
Error: Invalid line "% asym positive"
Error: Invalid line "% 172308906 18268992 18268992"
read: 73.530412s
loading graph /home/xyin014/graph/dl/snap_dl, root file is source/dl_src.txt, batch_num is 16, batch_size is 1721839
read: 0.074160s
|E|=172183984
|V|=18268993
Viterbi_baseline.sh: line 23: 409073 Floating point exception(core dumped) $app "$graphfile" "$root_file" "$batch_num" "$batch_size" "$extra_param"
Running: build/Viterbibaseline /home/xyin014/graph/dl/snap_dl source/dl_src.txt 16 0.01 7
Error: Invalid line "% asym positive"
Error: Invalid line "% 172308906 18268992 18268992"
read: 73.505840s
loading graph /home/xyin014/graph/dl/snap_dl, root file is source/dl_src.txt, batch_num is 16, batch_size is 1721839
read: 0.073152s
|E|=172183984
|V|=18268993
Viterbi_baseline.sh: line 23: 409231 Floating point exception(core dumped) $app "$graphfile" "$root_file" "$batch_num" "$batch_size" "$extra_param"
Running: build/Viterbibaseline /home/xyin014/graph/dl/snap_dl source/dl_src.txt 16 0.01 8
Error: Invalid line "% asym positive"
Error: Invalid line "% 172308906 18268992 18268992"
read: 73.518676s
loading graph /home/xyin014/graph/dl/snap_dl, root file is source/dl_src.txt, batch_num is 16, batch_size is 1721839
read: 0.071797s
|E|=172183984
|V|=18268993
Viterbi_baseline.sh: line 23: 409390 Floating point exception(core dumped) $app "$graphfile" "$root_file" "$batch_num" "$batch_size" "$extra_param"
Running: build/Viterbibaseline /home/xyin014/graph/dl/snap_dl source/dl_src.txt 16 0.01 9
Error: Invalid line "% asym positive"
Error: Invalid line "% 172308906 18268992 18268992"
read: 73.491645s
loading graph /home/xyin014/graph/dl/snap_dl, root file is source/dl_src.txt, batch_num is 16, batch_size is 1721839
read: 0.073303s
|E|=172183984
|V|=18268993
Viterbi_baseline.sh: line 23: 409550 Floating point exception(core dumped) $app "$graphfile" "$root_file" "$batch_num" "$batch_size" "$extra_param"
Running: build/Viterbibaseline /home/xyin014/graph/dl/snap_dl source/dl_src.txt 16 0.01 10
Error: Invalid line "% asym positive"
Error: Invalid line "% 172308906 18268992 18268992"
read: 73.508724s
loading graph /home/xyin014/graph/dl/snap_dl, root file is source/dl_src.txt, batch_num is 16, batch_size is 1721839
read: 0.072792s
|E|=172183984
|V|=18268993
Viterbi_baseline.sh: line 23: 409735 Floating point exception(core dumped) $app "$graphfile" "$root_file" "$batch_num" "$batch_size" "$extra_param"
Running: build/Viterbibaseline /home/xyin014/graph/dl/snap_dl source/dl_src.txt 16 0.01 11
Error: Invalid line "% asym positive"
Error: Invalid line "% 172308906 18268992 18268992"
read: 73.526151s
loading graph /home/xyin014/graph/dl/snap_dl, root file is source/dl_src.txt, batch_num is 16, batch_size is 1721839
read: 0.072484s
|E|=172183984
|V|=18268993
Viterbi_baseline.sh: line 23: 409911 Floating point exception(core dumped) $app "$graphfile" "$root_file" "$batch_num" "$batch_size" "$extra_param"
Running: build/Viterbibaseline /home/xyin014/graph/dl/snap_dl source/dl_src.txt 16 0.01 12
Error: Invalid line "% asym positive"
Error: Invalid line "% 172308906 18268992 18268992"
read: 73.493746s
loading graph /home/xyin014/graph/dl/snap_dl, root file is source/dl_src.txt, batch_num is 16, batch_size is 1721839
read: 0.069044s
|E|=172183984
|V|=18268993
Viterbi_baseline.sh: line 23: 410094 Floating point exception(core dumped) $app "$graphfile" "$root_file" "$batch_num" "$batch_size" "$extra_param"
Running: build/Viterbibaseline /home/xyin014/graph/dl/snap_dl source/dl_src.txt 16 0.01 13
Error: Invalid line "% asym positive"
Error: Invalid line "% 172308906 18268992 18268992"
read: 73.529377s
loading graph /home/xyin014/graph/dl/snap_dl, root file is source/dl_src.txt, batch_num is 16, batch_size is 1721839
read: 0.074688s
|E|=172183984
|V|=18268993
Viterbi_baseline.sh: line 23: 410288 Floating point exception(core dumped) $app "$graphfile" "$root_file" "$batch_num" "$batch_size" "$extra_param"
Running: build/Viterbibaseline /home/xyin014/graph/dl/snap_dl source/dl_src.txt 16 0.01 14
Error: Invalid line "% asym positive"
Error: Invalid line "% 172308906 18268992 18268992"
read: 73.437996s
loading graph /home/xyin014/graph/dl/snap_dl, root file is source/dl_src.txt, batch_num is 16, batch_size is 1721839
read: 0.083188s
|E|=172183984
|V|=18268993
Viterbi_baseline.sh: line 23: 410459 Floating point exception(core dumped) $app "$graphfile" "$root_file" "$batch_num" "$batch_size" "$extra_param"
Running: build/Viterbibaseline /home/xyin014/graph/dl/snap_dl source/dl_src.txt 16 0.01 15
Error: Invalid line "% asym positive"
Error: Invalid line "% 172308906 18268992 18268992"
read: 73.509938s
loading graph /home/xyin014/graph/dl/snap_dl, root file is source/dl_src.txt, batch_num is 16, batch_size is 1721839
read: 0.071938s
|E|=172183984
|V|=18268993
Viterbi_baseline.sh: line 23: 410625 Floating point exception(core dumped) $app "$graphfile" "$root_file" "$batch_num" "$batch_size" "$extra_param"
Running: build/Viterbibaseline /home/xyin014/graph/dl/snap_dl source/dl_src.txt 32 0.005 0
Error: Invalid line "% asym positive"
Error: Invalid line "% 172308906 18268992 18268992"
read: 74.780815s
loading graph /home/xyin014/graph/dl/snap_dl, root file is source/dl_src.txt, batch_num is 32, batch_size is 860919
read: 0.072472s
|E|=172183984
|V|=18268993
Viterbi_baseline.sh: line 23: 410814 Floating point exception(core dumped) $app "$graphfile" "$root_file" "$batch_num" "$batch_size" "$extra_param"
Running: build/Viterbibaseline /home/xyin014/graph/dl/snap_dl source/dl_src.txt 32 0.005 1
Error: Invalid line "% asym positive"
Error: Invalid line "% 172308906 18268992 18268992"
read: 73.448981s
loading graph /home/xyin014/graph/dl/snap_dl, root file is source/dl_src.txt, batch_num is 32, batch_size is 860919
read: 0.076902s
|E|=172183984
|V|=18268993
Viterbi_baseline.sh: line 23: 410985 Floating point exception(core dumped) $app "$graphfile" "$root_file" "$batch_num" "$batch_size" "$extra_param"
Running: build/Viterbibaseline /home/xyin014/graph/dl/snap_dl source/dl_src.txt 32 0.005 2
Error: Invalid line "% asym positive"
Error: Invalid line "% 172308906 18268992 18268992"
read: 73.577966s
loading graph /home/xyin014/graph/dl/snap_dl, root file is source/dl_src.txt, batch_num is 32, batch_size is 860919
read: 0.077664s
|E|=172183984
|V|=18268993
Viterbi_baseline.sh: line 23: 411157 Floating point exception(core dumped) $app "$graphfile" "$root_file" "$batch_num" "$batch_size" "$extra_param"
Running: build/Viterbibaseline /home/xyin014/graph/dl/snap_dl source/dl_src.txt 32 0.005 3
Error: Invalid line "% asym positive"
Error: Invalid line "% 172308906 18268992 18268992"
read: 73.463476s
loading graph /home/xyin014/graph/dl/snap_dl, root file is source/dl_src.txt, batch_num is 32, batch_size is 860919
read: 0.068962s
|E|=172183984
|V|=18268993
Viterbi_baseline.sh: line 23: 411328 Floating point exception(core dumped) $app "$graphfile" "$root_file" "$batch_num" "$batch_size" "$extra_param"
Running: build/Viterbibaseline /home/xyin014/graph/dl/snap_dl source/dl_src.txt 32 0.005 4
Error: Invalid line "% asym positive"
Error: Invalid line "% 172308906 18268992 18268992"
read: 73.640170s
loading graph /home/xyin014/graph/dl/snap_dl, root file is source/dl_src.txt, batch_num is 32, batch_size is 860919
read: 0.083047s
|E|=172183984
|V|=18268993
Viterbi_baseline.sh: line 23: 411506 Floating point exception(core dumped) $app "$graphfile" "$root_file" "$batch_num" "$batch_size" "$extra_param"
Running: build/Viterbibaseline /home/xyin014/graph/dl/snap_dl source/dl_src.txt 32 0.005 5
Error: Invalid line "% asym positive"
Error: Invalid line "% 172308906 18268992 18268992"
read: 73.903145s
loading graph /home/xyin014/graph/dl/snap_dl, root file is source/dl_src.txt, batch_num is 32, batch_size is 860919
read: 0.073297s
|E|=172183984
|V|=18268993
Viterbi_baseline.sh: line 23: 411671 Floating point exception(core dumped) $app "$graphfile" "$root_file" "$batch_num" "$batch_size" "$extra_param"
Running: build/Viterbibaseline /home/xyin014/graph/dl/snap_dl source/dl_src.txt 32 0.005 6
Error: Invalid line "% asym positive"
Error: Invalid line "% 172308906 18268992 18268992"
read: 73.527348s
loading graph /home/xyin014/graph/dl/snap_dl, root file is source/dl_src.txt, batch_num is 32, batch_size is 860919
read: 0.074002s
|E|=172183984
|V|=18268993
Viterbi_baseline.sh: line 23: 411839 Floating point exception(core dumped) $app "$graphfile" "$root_file" "$batch_num" "$batch_size" "$extra_param"
Running: build/Viterbibaseline /home/xyin014/graph/dl/snap_dl source/dl_src.txt 32 0.005 7
Error: Invalid line "% asym positive"
Error: Invalid line "% 172308906 18268992 18268992"
read: 73.524426s
loading graph /home/xyin014/graph/dl/snap_dl, root file is source/dl_src.txt, batch_num is 32, batch_size is 860919
read: 0.072530s
|E|=172183984
|V|=18268993
Viterbi_baseline.sh: line 23: 412009 Floating point exception(core dumped) $app "$graphfile" "$root_file" "$batch_num" "$batch_size" "$extra_param"
Running: build/Viterbibaseline /home/xyin014/graph/dl/snap_dl source/dl_src.txt 32 0.005 8
Error: Invalid line "% asym positive"
Error: Invalid line "% 172308906 18268992 18268992"
read: 73.526756s
loading graph /home/xyin014/graph/dl/snap_dl, root file is source/dl_src.txt, batch_num is 32, batch_size is 860919
read: 0.077613s
|E|=172183984
|V|=18268993
Viterbi_baseline.sh: line 23: 412156 Floating point exception(core dumped) $app "$graphfile" "$root_file" "$batch_num" "$batch_size" "$extra_param"
Running: build/Viterbibaseline /home/xyin014/graph/dl/snap_dl source/dl_src.txt 32 0.005 9
Error: Invalid line "% asym positive"
Error: Invalid line "% 172308906 18268992 18268992"
read: 73.503506s
loading graph /home/xyin014/graph/dl/snap_dl, root file is source/dl_src.txt, batch_num is 32, batch_size is 860919
read: 0.074238s
|E|=172183984
|V|=18268993
Viterbi_baseline.sh: line 23: 412296 Floating point exception(core dumped) $app "$graphfile" "$root_file" "$batch_num" "$batch_size" "$extra_param"
Running: build/Viterbibaseline /home/xyin014/graph/dl/snap_dl source/dl_src.txt 32 0.005 10
Error: Invalid line "% asym positive"
Error: Invalid line "% 172308906 18268992 18268992"
read: 73.524885s
loading graph /home/xyin014/graph/dl/snap_dl, root file is source/dl_src.txt, batch_num is 32, batch_size is 860919
read: 0.070857s
|E|=172183984
|V|=18268993
Viterbi_baseline.sh: line 23: 412447 Floating point exception(core dumped) $app "$graphfile" "$root_file" "$batch_num" "$batch_size" "$extra_param"
Running: build/Viterbibaseline /home/xyin014/graph/dl/snap_dl source/dl_src.txt 32 0.005 11
Error: Invalid line "% asym positive"
Error: Invalid line "% 172308906 18268992 18268992"
read: 73.534645s
loading graph /home/xyin014/graph/dl/snap_dl, root file is source/dl_src.txt, batch_num is 32, batch_size is 860919
read: 0.070097s
|E|=172183984
|V|=18268993
Viterbi_baseline.sh: line 23: 412589 Floating point exception(core dumped) $app "$graphfile" "$root_file" "$batch_num" "$batch_size" "$extra_param"
Running: build/Viterbibaseline /home/xyin014/graph/dl/snap_dl source/dl_src.txt 32 0.005 12
Error: Invalid line "% asym positive"
Error: Invalid line "% 172308906 18268992 18268992"
read: 73.562376s
loading graph /home/xyin014/graph/dl/snap_dl, root file is source/dl_src.txt, batch_num is 32, batch_size is 860919
read: 0.072292s
|E|=172183984
|V|=18268993
Viterbi_baseline.sh: line 23: 412726 Floating point exception(core dumped) $app "$graphfile" "$root_file" "$batch_num" "$batch_size" "$extra_param"
Running: build/Viterbibaseline /home/xyin014/graph/dl/snap_dl source/dl_src.txt 32 0.005 13
Error: Invalid line "% asym positive"
Error: Invalid line "% 172308906 18268992 18268992"
read: 73.449183s
loading graph /home/xyin014/graph/dl/snap_dl, root file is source/dl_src.txt, batch_num is 32, batch_size is 860919
read: 0.072830s
|E|=172183984
|V|=18268993
Viterbi_baseline.sh: line 23: 412870 Floating point exception(core dumped) $app "$graphfile" "$root_file" "$batch_num" "$batch_size" "$extra_param"
Running: build/Viterbibaseline /home/xyin014/graph/dl/snap_dl source/dl_src.txt 32 0.005 14
Error: Invalid line "% asym positive"
Error: Invalid line "% 172308906 18268992 18268992"
read: 73.523197s
loading graph /home/xyin014/graph/dl/snap_dl, root file is source/dl_src.txt, batch_num is 32, batch_size is 860919
read: 0.074190s
|E|=172183984
|V|=18268993
Viterbi_baseline.sh: line 23: 413021 Floating point exception(core dumped) $app "$graphfile" "$root_file" "$batch_num" "$batch_size" "$extra_param"
Running: build/Viterbibaseline /home/xyin014/graph/dl/snap_dl source/dl_src.txt 32 0.005 15
Error: Invalid line "% asym positive"
Error: Invalid line "% 172308906 18268992 18268992"
read: 73.581775s
loading graph /home/xyin014/graph/dl/snap_dl, root file is source/dl_src.txt, batch_num is 32, batch_size is 860919
read: 0.075992s
|E|=172183984
|V|=18268993
Viterbi_baseline.sh: line 23: 413171 Floating point exception(core dumped) $app "$graphfile" "$root_file" "$batch_num" "$batch_size" "$extra_param"
Running: build/Viterbibaseline /home/xyin014/graph/dl/snap_dl source/dl_src.txt 64 0.0025 0
Error: Invalid line "% asym positive"
Error: Invalid line "% 172308906 18268992 18268992"
read: 73.729619s
loading graph /home/xyin014/graph/dl/snap_dl, root file is source/dl_src.txt, batch_num is 64, batch_size is 430459
read: 0.074672s
|E|=172183984
|V|=18268993
Viterbi_baseline.sh: line 23: 413381 Floating point exception(core dumped) $app "$graphfile" "$root_file" "$batch_num" "$batch_size" "$extra_param"
Running: build/Viterbibaseline /home/xyin014/graph/dl/snap_dl source/dl_src.txt 64 0.0025 1
Error: Invalid line "% asym positive"
Error: Invalid line "% 172308906 18268992 18268992"
read: 73.790814s
loading graph /home/xyin014/graph/dl/snap_dl, root file is source/dl_src.txt, batch_num is 64, batch_size is 430459
read: 0.073535s
|E|=172183984
|V|=18268993
Viterbi_baseline.sh: line 23: 413538 Floating point exception(core dumped) $app "$graphfile" "$root_file" "$batch_num" "$batch_size" "$extra_param"
Running: build/Viterbibaseline /home/xyin014/graph/dl/snap_dl source/dl_src.txt 64 0.0025 2
Error: Invalid line "% asym positive"
Error: Invalid line "% 172308906 18268992 18268992"
read: 73.626267s
loading graph /home/xyin014/graph/dl/snap_dl, root file is source/dl_src.txt, batch_num is 64, batch_size is 430459
read: 0.078235s
|E|=172183984
|V|=18268993
Viterbi_baseline.sh: line 23: 413696 Floating point exception(core dumped) $app "$graphfile" "$root_file" "$batch_num" "$batch_size" "$extra_param"
Running: build/Viterbibaseline /home/xyin014/graph/dl/snap_dl source/dl_src.txt 64 0.0025 3
Error: Invalid line "% asym positive"
Error: Invalid line "% 172308906 18268992 18268992"
read: 73.808345s
loading graph /home/xyin014/graph/dl/snap_dl, root file is source/dl_src.txt, batch_num is 64, batch_size is 430459
read: 0.070636s
|E|=172183984
|V|=18268993
Viterbi_baseline.sh: line 23: 413842 Floating point exception(core dumped) $app "$graphfile" "$root_file" "$batch_num" "$batch_size" "$extra_param"
Running: build/Viterbibaseline /home/xyin014/graph/dl/snap_dl source/dl_src.txt 64 0.0025 4
Error: Invalid line "% asym positive"
Error: Invalid line "% 172308906 18268992 18268992"
read: 73.662184s
loading graph /home/xyin014/graph/dl/snap_dl, root file is source/dl_src.txt, batch_num is 64, batch_size is 430459
read: 0.073654s
|E|=172183984
|V|=18268993
Viterbi_baseline.sh: line 23: 413991 Floating point exception(core dumped) $app "$graphfile" "$root_file" "$batch_num" "$batch_size" "$extra_param"
Running: build/Viterbibaseline /home/xyin014/graph/dl/snap_dl source/dl_src.txt 64 0.0025 5
Error: Invalid line "% asym positive"
Error: Invalid line "% 172308906 18268992 18268992"
read: 73.667480s
loading graph /home/xyin014/graph/dl/snap_dl, root file is source/dl_src.txt, batch_num is 64, batch_size is 430459
read: 0.072105s
|E|=172183984
|V|=18268993
Viterbi_baseline.sh: line 23: 414132 Floating point exception(core dumped) $app "$graphfile" "$root_file" "$batch_num" "$batch_size" "$extra_param"
Running: build/Viterbibaseline /home/xyin014/graph/dl/snap_dl source/dl_src.txt 64 0.0025 6
Error: Invalid line "% asym positive"
Error: Invalid line "% 172308906 18268992 18268992"
read: 73.608251s
loading graph /home/xyin014/graph/dl/snap_dl, root file is source/dl_src.txt, batch_num is 64, batch_size is 430459
read: 0.068102s
|E|=172183984
|V|=18268993
Viterbi_baseline.sh: line 23: 414271 Floating point exception(core dumped) $app "$graphfile" "$root_file" "$batch_num" "$batch_size" "$extra_param"
Running: build/Viterbibaseline /home/xyin014/graph/dl/snap_dl source/dl_src.txt 64 0.0025 7
Error: Invalid line "% asym positive"
Error: Invalid line "% 172308906 18268992 18268992"
read: 73.466121s
loading graph /home/xyin014/graph/dl/snap_dl, root file is source/dl_src.txt, batch_num is 64, batch_size is 430459
read: 0.074206s
|E|=172183984
|V|=18268993
Viterbi_baseline.sh: line 23: 414448 Floating point exception(core dumped) $app "$graphfile" "$root_file" "$batch_num" "$batch_size" "$extra_param"
Running: build/Viterbibaseline /home/xyin014/graph/dl/snap_dl source/dl_src.txt 64 0.0025 8
Error: Invalid line "% asym positive"
Error: Invalid line "% 172308906 18268992 18268992"
read: 73.439921s
loading graph /home/xyin014/graph/dl/snap_dl, root file is source/dl_src.txt, batch_num is 64, batch_size is 430459
read: 0.077117s
|E|=172183984
|V|=18268993
Viterbi_baseline.sh: line 23: 414588 Floating point exception(core dumped) $app "$graphfile" "$root_file" "$batch_num" "$batch_size" "$extra_param"
Running: build/Viterbibaseline /home/xyin014/graph/dl/snap_dl source/dl_src.txt 64 0.0025 9
Error: Invalid line "% asym positive"
Error: Invalid line "% 172308906 18268992 18268992"
read: 73.501957s
loading graph /home/xyin014/graph/dl/snap_dl, root file is source/dl_src.txt, batch_num is 64, batch_size is 430459
read: 0.071515s
|E|=172183984
|V|=18268993
Viterbi_baseline.sh: line 23: 414729 Floating point exception(core dumped) $app "$graphfile" "$root_file" "$batch_num" "$batch_size" "$extra_param"
Running: build/Viterbibaseline /home/xyin014/graph/dl/snap_dl source/dl_src.txt 64 0.0025 10
Error: Invalid line "% asym positive"
Error: Invalid line "% 172308906 18268992 18268992"
read: 73.494864s
loading graph /home/xyin014/graph/dl/snap_dl, root file is source/dl_src.txt, batch_num is 64, batch_size is 430459
read: 0.068039s
|E|=172183984
|V|=18268993
Viterbi_baseline.sh: line 23: 414869 Floating point exception(core dumped) $app "$graphfile" "$root_file" "$batch_num" "$batch_size" "$extra_param"
Running: build/Viterbibaseline /home/xyin014/graph/dl/snap_dl source/dl_src.txt 64 0.0025 11
Error: Invalid line "% asym positive"
Error: Invalid line "% 172308906 18268992 18268992"
read: 73.619297s
loading graph /home/xyin014/graph/dl/snap_dl, root file is source/dl_src.txt, batch_num is 64, batch_size is 430459
read: 0.072892s
|E|=172183984
|V|=18268993
Viterbi_baseline.sh: line 23: 415018 Floating point exception(core dumped) $app "$graphfile" "$root_file" "$batch_num" "$batch_size" "$extra_param"
Running: build/Viterbibaseline /home/xyin014/graph/dl/snap_dl source/dl_src.txt 64 0.0025 12
Error: Invalid line "% asym positive"
Error: Invalid line "% 172308906 18268992 18268992"
read: 73.525980s
loading graph /home/xyin014/graph/dl/snap_dl, root file is source/dl_src.txt, batch_num is 64, batch_size is 430459
read: 0.074630s
|E|=172183984
|V|=18268993
Viterbi_baseline.sh: line 23: 415157 Floating point exception(core dumped) $app "$graphfile" "$root_file" "$batch_num" "$batch_size" "$extra_param"
Running: build/Viterbibaseline /home/xyin014/graph/dl/snap_dl source/dl_src.txt 64 0.0025 13
Error: Invalid line "% asym positive"
Error: Invalid line "% 172308906 18268992 18268992"
read: 74.949773s
loading graph /home/xyin014/graph/dl/snap_dl, root file is source/dl_src.txt, batch_num is 64, batch_size is 430459
read: 0.081275s
|E|=172183984
|V|=18268993
Viterbi_baseline.sh: line 23: 415298 Floating point exception(core dumped) $app "$graphfile" "$root_file" "$batch_num" "$batch_size" "$extra_param"
Running: build/Viterbibaseline /home/xyin014/graph/dl/snap_dl source/dl_src.txt 64 0.0025 14
Error: Invalid line "% asym positive"
Error: Invalid line "% 172308906 18268992 18268992"
read: 73.530377s
loading graph /home/xyin014/graph/dl/snap_dl, root file is source/dl_src.txt, batch_num is 64, batch_size is 430459
read: 0.072066s
|E|=172183984
|V|=18268993
Viterbi_baseline.sh: line 23: 415888 Floating point exception(core dumped) $app "$graphfile" "$root_file" "$batch_num" "$batch_size" "$extra_param"
Running: build/Viterbibaseline /home/xyin014/graph/dl/snap_dl source/dl_src.txt 64 0.0025 15
Error: Invalid line "% asym positive"
Error: Invalid line "% 172308906 18268992 18268992"
read: 73.561253s
loading graph /home/xyin014/graph/dl/snap_dl, root file is source/dl_src.txt, batch_num is 64, batch_size is 430459
read: 0.069675s
|E|=172183984
|V|=18268993
Viterbi_baseline.sh: line 23: 416031 Floating point exception(core dumped) $app "$graphfile" "$root_file" "$batch_num" "$batch_size" "$extra_param"
Running: build/Viterbibaseline /home/xyin014/graph/or/snap_or source/or.txt 8 0.02 0
Error: Invalid line "% bip unweighted"
read: 135.968287s
loading graph /home/xyin014/graph/or/snap_or, root file is source/or.txt, batch_num is 8, batch_size is 6540749
read: 0.063327s
|E|=327037487
|V|=8730858
streaming total time 38.654274s
|V|=8730858
Intersection Graph Marked: 19.808922s
Version Time: 4.319452
direct hop total time 10.463911s
work sharing total time 7.464590s
CommonGraph total time 7.464590s
Running: build/Viterbibaseline /home/xyin014/graph/or/snap_or source/or.txt 8 0.02 1
Error: Invalid line "% bip unweighted"
read: 135.645349s
loading graph /home/xyin014/graph/or/snap_or, root file is source/or.txt, batch_num is 8, batch_size is 6540749
read: 0.063458s
|E|=327037487
|V|=8730858
streaming total time 41.578072s
|V|=8730858
Intersection Graph Marked: 17.866163s
Version Time: 3.354764
direct hop total time 7.130988s
work sharing total time 4.847461s
CommonGraph total time 4.847461s
Running: build/Viterbibaseline /home/xyin014/graph/or/snap_or source/or.txt 8 0.02 2
Error: Invalid line "% bip unweighted"
read: 135.805856s
loading graph /home/xyin014/graph/or/snap_or, root file is source/or.txt, batch_num is 8, batch_size is 6540749
read: 0.062518s
|E|=327037487
|V|=8730858
streaming total time 35.214687s
|V|=8730858
Intersection Graph Marked: 16.173014s
Version Time: 0.056237
direct hop total time 0.635589s
work sharing total time 0.338710s
CommonGraph total time 0.338710s
Running: build/Viterbibaseline /home/xyin014/graph/or/snap_or source/or.txt 8 0.02 3
Error: Invalid line "% bip unweighted"
read: 135.864263s
loading graph /home/xyin014/graph/or/snap_or, root file is source/or.txt, batch_num is 8, batch_size is 6540749
read: 0.061740s
|E|=327037487
|V|=8730858
streaming total time 40.297806s
|V|=8730858
Intersection Graph Marked: 18.030567s
Version Time: 3.465528
direct hop total time 6.594681s
work sharing total time 4.592118s
CommonGraph total time 4.592118s
Running: build/Viterbibaseline /home/xyin014/graph/or/snap_or source/or.txt 8 0.02 4
Error: Invalid line "% bip unweighted"
read: 135.725968s
loading graph /home/xyin014/graph/or/snap_or, root file is source/or.txt, batch_num is 8, batch_size is 6540749
read: 0.060954s
|E|=327037487
|V|=8730858
streaming total time 35.384964s
|V|=8730858
Intersection Graph Marked: 15.150435s
Version Time: 0.005980
direct hop total time 0.495591s
work sharing total time 0.310677s
CommonGraph total time 0.310677s
Running: build/Viterbibaseline /home/xyin014/graph/or/snap_or source/or.txt 8 0.02 5
Error: Invalid line "% bip unweighted"
read: 135.924400s
loading graph /home/xyin014/graph/or/snap_or, root file is source/or.txt, batch_num is 8, batch_size is 6540749
read: 0.061504s
|E|=327037487
|V|=8730858
streaming total time 32.881226s
|V|=8730858
Intersection Graph Marked: 17.767584s
Version Time: 0.005824
direct hop total time 0.490372s
work sharing total time 0.374252s
CommonGraph total time 0.374252s
Running: build/Viterbibaseline /home/xyin014/graph/or/snap_or source/or.txt 8 0.02 6
Error: Invalid line "% bip unweighted"
read: 138.101898s
loading graph /home/xyin014/graph/or/snap_or, root file is source/or.txt, batch_num is 8, batch_size is 6540749
read: 0.061400s
|E|=327037487
|V|=8730858
Re Computing: 1 0 190668
Re Computing: 1 0 189799
streaming total time 39.899155s
|V|=8730858
Intersection Graph Marked: 16.168935s
Version Time: 5.242129
direct hop total time 9.495592s
work sharing total time 7.708000s
CommonGraph total time 7.708000s
Running: build/Viterbibaseline /home/xyin014/graph/or/snap_or source/or.txt 8 0.02 7
Error: Invalid line "% bip unweighted"
read: 135.827646s
loading graph /home/xyin014/graph/or/snap_or, root file is source/or.txt, batch_num is 8, batch_size is 6540749
read: 0.062553s
|E|=327037487
|V|=8730858
Re Computing: 1 0 187564
streaming total time 44.557327s
|V|=8730858
Intersection Graph Marked: 14.104899s
Version Time: 5.707587
direct hop total time 15.224673s
work sharing total time 10.256224s
CommonGraph total time 10.256224s
Running: build/Viterbibaseline /home/xyin014/graph/or/snap_or source/or.txt 8 0.02 8
Error: Invalid line "% bip unweighted"
read: 135.851202s
loading graph /home/xyin014/graph/or/snap_or, root file is source/or.txt, batch_num is 8, batch_size is 6540749
read: 0.061592s
|E|=327037487
|V|=8730858
Re Computing: 1 0 188874
Re Computing: 1 0 190412
streaming total time 46.855610s
|V|=8730858
Intersection Graph Marked: 16.640661s
Version Time: 4.435952
direct hop total time 12.308158s
work sharing total time 7.692832s
CommonGraph total time 7.692832s
Running: build/Viterbibaseline /home/xyin014/graph/or/snap_or source/or.txt 8 0.02 9
Error: Invalid line "% bip unweighted"
read: 135.773649s
loading graph /home/xyin014/graph/or/snap_or, root file is source/or.txt, batch_num is 8, batch_size is 6540749
read: 0.061785s
|E|=327037487
|V|=8730858
streaming total time 32.323132s
|V|=8730858
Intersection Graph Marked: 14.348566s
Version Time: 0.005884
direct hop total time 0.553598s
work sharing total time 0.484413s
CommonGraph total time 0.484413s
Running: build/Viterbibaseline /home/xyin014/graph/or/snap_or source/or.txt 8 0.02 10
Error: Invalid line "% bip unweighted"
read: 135.848619s
loading graph /home/xyin014/graph/or/snap_or, root file is source/or.txt, batch_num is 8, batch_size is 6540749
read: 0.062458s
|E|=327037487
|V|=8730858
streaming total time 37.504948s
|V|=8730858
Intersection Graph Marked: 18.267741s
Version Time: 0.006026
direct hop total time 0.546106s
work sharing total time 0.367818s
CommonGraph total time 0.367818s
Running: build/Viterbibaseline /home/xyin014/graph/or/snap_or source/or.txt 8 0.02 11
Error: Invalid line "% bip unweighted"
read: 135.922354s
loading graph /home/xyin014/graph/or/snap_or, root file is source/or.txt, batch_num is 8, batch_size is 6540749
read: 0.063740s
|E|=327037487
|V|=8730858
streaming total time 37.281269s
|V|=8730858
Intersection Graph Marked: 16.610223s
Version Time: 4.506295
direct hop total time 10.940804s
work sharing total time 7.734322s
CommonGraph total time 7.734322s
Running: build/Viterbibaseline /home/xyin014/graph/or/snap_or source/or.txt 8 0.02 12
Error: Invalid line "% bip unweighted"
read: 135.661707s
loading graph /home/xyin014/graph/or/snap_or, root file is source/or.txt, batch_num is 8, batch_size is 6540749
read: 0.062982s
|E|=327037487
|V|=8730858
streaming total time 38.168602s
|V|=8730858
Intersection Graph Marked: 18.034147s
Version Time: 0.005795
direct hop total time 0.492899s
work sharing total time 0.287900s
CommonGraph total time 0.287900s
Running: build/Viterbibaseline /home/xyin014/graph/or/snap_or source/or.txt 8 0.02 13
Error: Invalid line "% bip unweighted"
read: 136.645767s
loading graph /home/xyin014/graph/or/snap_or, root file is source/or.txt, batch_num is 8, batch_size is 6540749
read: 0.063662s
|E|=327037487
|V|=8730858
Re Computing: 1 0 185179
streaming total time 36.080830s
|V|=8730858
Intersection Graph Marked: 13.820518s
Version Time: 4.268869
direct hop total time 20.058477s
work sharing total time 11.481546s
CommonGraph total time 11.481546s
Running: build/Viterbibaseline /home/xyin014/graph/or/snap_or source/or.txt 8 0.02 14
Error: Invalid line "% bip unweighted"
read: 135.881180s
loading graph /home/xyin014/graph/or/snap_or, root file is source/or.txt, batch_num is 8, batch_size is 6540749
read: 0.061794s
|E|=327037487
|V|=8730858
streaming total time 37.025875s
|V|=8730858
Intersection Graph Marked: 20.051557s
Version Time: 0.005920
direct hop total time 0.460871s
work sharing total time 0.339433s
CommonGraph total time 0.339433s
Running: build/Viterbibaseline /home/xyin014/graph/or/snap_or source/or.txt 8 0.02 15
Error: Invalid line "% bip unweighted"
read: 135.854909s
loading graph /home/xyin014/graph/or/snap_or, root file is source/or.txt, batch_num is 8, batch_size is 6540749
read: 0.061615s
|E|=327037487
|V|=8730858
streaming total time 31.807972s
|V|=8730858
Intersection Graph Marked: 16.335226s
Version Time: 0.010204
direct hop total time 0.441531s
work sharing total time 0.320099s
CommonGraph total time 0.320099s
Running: build/Viterbibaseline /home/xyin014/graph/or/snap_or source/or.txt 16 0.01 0
Error: Invalid line "% bip unweighted"
read: 135.976633s
loading graph /home/xyin014/graph/or/snap_or, root file is source/or.txt, batch_num is 16, batch_size is 3270374
read: 0.063100s
|E|=327037487
|V|=8730858
streaming total time 37.744392s
|V|=8730858
Intersection Graph Marked: 18.675148s
Version Time: 4.370211
direct hop total time 20.052526s
work sharing total time 13.356095s
CommonGraph total time 13.356095s
Running: build/Viterbibaseline /home/xyin014/graph/or/snap_or source/or.txt 16 0.01 1
Error: Invalid line "% bip unweighted"
read: 135.746584s
loading graph /home/xyin014/graph/or/snap_or, root file is source/or.txt, batch_num is 16, batch_size is 3270374
read: 0.062794s
|E|=327037487
|V|=8730858
streaming total time 22.575603s
|V|=8730858
Intersection Graph Marked: 16.516503s
Version Time: 3.288826
direct hop total time 12.819392s
work sharing total time 8.513388s
CommonGraph total time 8.513388s
Running: build/Viterbibaseline /home/xyin014/graph/or/snap_or source/or.txt 16 0.01 2
Error: Invalid line "% bip unweighted"
read: 135.968388s
loading graph /home/xyin014/graph/or/snap_or, root file is source/or.txt, batch_num is 16, batch_size is 3270374
read: 0.062007s
|E|=327037487
|V|=8730858
streaming total time 35.316486s
|V|=8730858
Intersection Graph Marked: 17.804850s
Version Time: 0.006835
direct hop total time 0.828420s
work sharing total time 0.499609s
CommonGraph total time 0.499609s
Running: build/Viterbibaseline /home/xyin014/graph/or/snap_or source/or.txt 16 0.01 3
Error: Invalid line "% bip unweighted"
read: 135.771162s
loading graph /home/xyin014/graph/or/snap_or, root file is source/or.txt, batch_num is 16, batch_size is 3270374
read: 0.062912s
|E|=327037487
|V|=8730858
streaming total time 39.165707s
|V|=8730858
Intersection Graph Marked: 21.152435s
Version Time: 3.509778
direct hop total time 12.207606s
work sharing total time 8.043597s
CommonGraph total time 8.043597s
Running: build/Viterbibaseline /home/xyin014/graph/or/snap_or source/or.txt 16 0.01 4
Error: Invalid line "% bip unweighted"
read: 135.865052s
loading graph /home/xyin014/graph/or/snap_or, root file is source/or.txt, batch_num is 16, batch_size is 3270374
read: 0.062057s
|E|=327037487
|V|=8730858
streaming total time 28.289064s
|V|=8730858
Intersection Graph Marked: 20.795323s
Version Time: 0.034913
direct hop total time 1.107309s
work sharing total time 0.925206s
CommonGraph total time 0.925206s
Running: build/Viterbibaseline /home/xyin014/graph/or/snap_or source/or.txt 16 0.01 5
Error: Invalid line "% bip unweighted"
read: 135.876771s
loading graph /home/xyin014/graph/or/snap_or, root file is source/or.txt, batch_num is 16, batch_size is 3270374
read: 0.061223s
|E|=327037487
|V|=8730858
streaming total time 32.601254s
|V|=8730858
Intersection Graph Marked: 15.864705s
Version Time: 0.005851
direct hop total time 1.105297s
work sharing total time 0.817116s
CommonGraph total time 0.817116s
Running: build/Viterbibaseline /home/xyin014/graph/or/snap_or source/or.txt 16 0.01 6
Error: Invalid line "% bip unweighted"
read: 135.776006s
loading graph /home/xyin014/graph/or/snap_or, root file is source/or.txt, batch_num is 16, batch_size is 3270374
read: 0.062410s
|E|=327037487
|V|=8730858
Re Computing: 1 0 93641
streaming total time 43.879494s
|V|=8730858
Intersection Graph Marked: 13.346576s
Version Time: 4.968560
direct hop total time 19.844732s
work sharing total time 14.871253s
CommonGraph total time 14.871253s
Running: build/Viterbibaseline /home/xyin014/graph/or/snap_or source/or.txt 16 0.01 7
Error: Invalid line "% bip unweighted"
read: 135.695661s
loading graph /home/xyin014/graph/or/snap_or, root file is source/or.txt, batch_num is 16, batch_size is 3270374
read: 0.067273s
|E|=327037487
|V|=8730858
Re Computing: 1 0 93832
streaming total time 35.618767s
|V|=8730858
Intersection Graph Marked: 15.118111s
Version Time: 5.482671
direct hop total time 29.062803s
work sharing total time 18.886709s
CommonGraph total time 18.886709s
Running: build/Viterbibaseline /home/xyin014/graph/or/snap_or source/or.txt 16 0.01 8
Error: Invalid line "% bip unweighted"
read: 135.920874s
loading graph /home/xyin014/graph/or/snap_or, root file is source/or.txt, batch_num is 16, batch_size is 3270374
read: 0.063133s
|E|=327037487
|V|=8730858
streaming total time 37.880196s
|V|=8730858
Intersection Graph Marked: 17.445696s
Version Time: 4.536756
direct hop total time 20.372818s
work sharing total time 11.871782s
CommonGraph total time 11.871782s
Running: build/Viterbibaseline /home/xyin014/graph/or/snap_or source/or.txt 16 0.01 9
Error: Invalid line "% bip unweighted"
read: 135.812399s
loading graph /home/xyin014/graph/or/snap_or, root file is source/or.txt, batch_num is 16, batch_size is 3270374
read: 0.062521s
|E|=327037487
|V|=8730858
streaming total time 30.826960s
|V|=8730858
Intersection Graph Marked: 17.497944s
Version Time: 0.005891
direct hop total time 0.807700s
work sharing total time 0.510978s
CommonGraph total time 0.510978s
Running: build/Viterbibaseline /home/xyin014/graph/or/snap_or source/or.txt 16 0.01 10
Error: Invalid line "% bip unweighted"
read: 135.979003s
loading graph /home/xyin014/graph/or/snap_or, root file is source/or.txt, batch_num is 16, batch_size is 3270374
read: 0.063554s
|E|=327037487
|V|=8730858
streaming total time 24.818022s
|V|=8730858
Intersection Graph Marked: 15.227056s
Version Time: 0.005906
direct hop total time 1.013615s
work sharing total time 0.687196s
CommonGraph total time 0.687196s
Running: build/Viterbibaseline /home/xyin014/graph/or/snap_or source/or.txt 16 0.01 11
Error: Invalid line "% bip unweighted"
read: 135.957568s
loading graph /home/xyin014/graph/or/snap_or, root file is source/or.txt, batch_num is 16, batch_size is 3270374
read: 0.061728s
|E|=327037487
|V|=8730858
streaming total time 37.336971s
|V|=8730858
Intersection Graph Marked: 19.386281s
Version Time: 4.684409
direct hop total time 20.649261s
work sharing total time 13.660823s
CommonGraph total time 13.660823s
Running: build/Viterbibaseline /home/xyin014/graph/or/snap_or source/or.txt 16 0.01 12
Error: Invalid line "% bip unweighted"
read: 135.689687s
loading graph /home/xyin014/graph/or/snap_or, root file is source/or.txt, batch_num is 16, batch_size is 3270374
read: 0.061441s
|E|=327037487
|V|=8730858
streaming total time 33.836670s
|V|=8730858
Intersection Graph Marked: 19.378936s
Version Time: 0.021159
direct hop total time 1.113043s
work sharing total time 0.508629s
CommonGraph total time 0.508629s
Running: build/Viterbibaseline /home/xyin014/graph/or/snap_or source/or.txt 16 0.01 13
Error: Invalid line "% bip unweighted"
read: 135.787911s
loading graph /home/xyin014/graph/or/snap_or, root file is source/or.txt, batch_num is 16, batch_size is 3270374
read: 0.061316s
|E|=327037487
|V|=8730858
streaming total time 33.618061s
|V|=8730858
Intersection Graph Marked: 20.681510s
Version Time: 4.226534
direct hop total time 37.597446s
work sharing total time 18.860281s
CommonGraph total time 18.860281s
Running: build/Viterbibaseline /home/xyin014/graph/or/snap_or source/or.txt 16 0.01 14
Error: Invalid line "% bip unweighted"
read: 135.622617s
loading graph /home/xyin014/graph/or/snap_or, root file is source/or.txt, batch_num is 16, batch_size is 3270374
read: 0.062635s
|E|=327037487
|V|=8730858
streaming total time 31.145859s
|V|=8730858
Intersection Graph Marked: 19.384553s
Version Time: 0.005930
direct hop total time 0.817232s
work sharing total time 0.539216s
CommonGraph total time 0.539216s
Running: build/Viterbibaseline /home/xyin014/graph/or/snap_or source/or.txt 16 0.01 15
Error: Invalid line "% bip unweighted"
read: 137.320427s
loading graph /home/xyin014/graph/or/snap_or, root file is source/or.txt, batch_num is 16, batch_size is 3270374
read: 0.063328s
|E|=327037487
|V|=8730858
streaming total time 37.502949s
|V|=8730858
Intersection Graph Marked: 18.960561s
Version Time: 0.005998
direct hop total time 0.923276s
work sharing total time 0.670636s
CommonGraph total time 0.670636s
Running: build/Viterbibaseline /home/xyin014/graph/or/snap_or source/or.txt 32 0.005 0
Error: Invalid line "% bip unweighted"
read: 135.954855s
loading graph /home/xyin014/graph/or/snap_or, root file is source/or.txt, batch_num is 32, batch_size is 1635187
read: 0.061057s
|E|=327037487
|V|=8730858
streaming total time 35.020466s
|V|=8730858
Intersection Graph Marked: 16.213228s
Version Time: 4.552661
direct hop total time 37.544403s
work sharing total time 23.487089s
CommonGraph total time 23.487089s
Running: build/Viterbibaseline /home/xyin014/graph/or/snap_or source/or.txt 32 0.005 1
Error: Invalid line "% bip unweighted"
read: 135.710531s
loading graph /home/xyin014/graph/or/snap_or, root file is source/or.txt, batch_num is 32, batch_size is 1635187
read: 0.062273s
|E|=327037487
|V|=8730858
Re Computing: 1 0 45548
streaming total time 35.214764s
|V|=8730858
Intersection Graph Marked: 17.585550s
Version Time: 3.188417
direct hop total time 22.975996s
work sharing total time 14.842536s
CommonGraph total time 14.842536s
Running: build/Viterbibaseline /home/xyin014/graph/or/snap_or source/or.txt 32 0.005 2
Error: Invalid line "% bip unweighted"
read: 135.740915s
loading graph /home/xyin014/graph/or/snap_or, root file is source/or.txt, batch_num is 32, batch_size is 1635187
read: 0.063564s
|E|=327037487
|V|=8730858
streaming total time 25.572924s
|V|=8730858
Intersection Graph Marked: 18.324379s
Version Time: 0.006096
direct hop total time 1.600482s
work sharing total time 0.905077s
CommonGraph total time 0.905077s
Running: build/Viterbibaseline /home/xyin014/graph/or/snap_or source/or.txt 32 0.005 3
Error: Invalid line "% bip unweighted"
read: 136.246943s
loading graph /home/xyin014/graph/or/snap_or, root file is source/or.txt, batch_num is 32, batch_size is 1635187
read: 0.063789s
|E|=327037487
|V|=8730858
streaming total time 32.955235s
|V|=8730858
Intersection Graph Marked: 18.909082s
Version Time: 3.447246
direct hop total time 23.187565s
work sharing total time 15.219624s
CommonGraph total time 15.219624s
Running: build/Viterbibaseline /home/xyin014/graph/or/snap_or source/or.txt 32 0.005 4
Error: Invalid line "% bip unweighted"
read: 136.014608s
loading graph /home/xyin014/graph/or/snap_or, root file is source/or.txt, batch_num is 32, batch_size is 1635187
read: 0.061594s
|E|=327037487
|V|=8730858
streaming total time 19.706289s
|V|=8730858
Intersection Graph Marked: 15.849298s
Version Time: 0.020365
direct hop total time 1.609887s
work sharing total time 0.983044s
CommonGraph total time 0.983044s
Running: build/Viterbibaseline /home/xyin014/graph/or/snap_or source/or.txt 32 0.005 5
Error: Invalid line "% bip unweighted"
read: 137.436106s
loading graph /home/xyin014/graph/or/snap_or, root file is source/or.txt, batch_num is 32, batch_size is 1635187
read: 0.069909s
|E|=327037487
|V|=8730858
streaming total time 29.680946s
|V|=8730858
Intersection Graph Marked: 22.800862s
Version Time: 0.005754
direct hop total time 1.571122s
work sharing total time 0.982686s
CommonGraph total time 0.982686s
Running: build/Viterbibaseline /home/xyin014/graph/or/snap_or source/or.txt 32 0.005 6
Error: Invalid line "% bip unweighted"
read: 136.310161s
loading graph /home/xyin014/graph/or/snap_or, root file is source/or.txt, batch_num is 32, batch_size is 1635187
read: 0.063539s
|E|=327037487
|V|=8730858
Re Computing: 1 0 46756
streaming total time 33.898697s
|V|=8730858
Intersection Graph Marked: 16.041847s
Version Time: 4.963120
direct hop total time 34.783329s
work sharing total time 26.034435s
CommonGraph total time 26.034435s
Running: build/Viterbibaseline /home/xyin014/graph/or/snap_or source/or.txt 32 0.005 7
Error: Invalid line "% bip unweighted"
read: 135.900811s
loading graph /home/xyin014/graph/or/snap_or, root file is source/or.txt, batch_num is 32, batch_size is 1635187
read: 0.062577s
|E|=327037487
|V|=8730858
streaming total time 30.242016s
|V|=8730858
Intersection Graph Marked: 18.644663s
Version Time: 5.539473
direct hop total time 53.842010s
work sharing total time 33.896511s
CommonGraph total time 33.896511s
Running: build/Viterbibaseline /home/xyin014/graph/or/snap_or source/or.txt 32 0.005 8
Error: Invalid line "% bip unweighted"
read: 135.827233s
loading graph /home/xyin014/graph/or/snap_or, root file is source/or.txt, batch_num is 32, batch_size is 1635187
read: 0.062520s
|E|=327037487
|V|=8730858
Re Computing: 1 0 46275
streaming total time 35.177845s
|V|=8730858
Intersection Graph Marked: 20.709900s
Version Time: 4.310231
direct hop total time 39.341461s
work sharing total time 21.852394s
CommonGraph total time 21.852394s
Running: build/Viterbibaseline /home/xyin014/graph/or/snap_or source/or.txt 32 0.005 9
Error: Invalid line "% bip unweighted"
read: 135.744701s
loading graph /home/xyin014/graph/or/snap_or, root file is source/or.txt, batch_num is 32, batch_size is 1635187
read: 0.062969s
|E|=327037487
|V|=8730858
streaming total time 28.530199s
|V|=8730858
Intersection Graph Marked: 17.049702s
Version Time: 0.006117
direct hop total time 2.266795s
work sharing total time 1.174465s
CommonGraph total time 1.174465s
Running: build/Viterbibaseline /home/xyin014/graph/or/snap_or source/or.txt 32 0.005 10
Error: Invalid line "% bip unweighted"
read: 135.712980s
loading graph /home/xyin014/graph/or/snap_or, root file is source/or.txt, batch_num is 32, batch_size is 1635187
read: 0.062643s
|E|=327037487
|V|=8730858
streaming total time 22.058466s
|V|=8730858
Intersection Graph Marked: 15.725559s
Version Time: 0.056126
direct hop total time 1.571555s
work sharing total time 0.924245s
CommonGraph total time 0.924245s
Running: build/Viterbibaseline /home/xyin014/graph/or/snap_or source/or.txt 32 0.005 11
Error: Invalid line "% bip unweighted"
read: 135.978240s
loading graph /home/xyin014/graph/or/snap_or, root file is source/or.txt, batch_num is 32, batch_size is 1635187
read: 0.061941s
|E|=327037487
|V|=8730858
Re Computing: 1 0 46238
streaming total time 40.608734s
|V|=8730858
Intersection Graph Marked: 16.214603s
Version Time: 4.476765
direct hop total time 41.939781s
work sharing total time 25.951210s
CommonGraph total time 25.951210s
Running: build/Viterbibaseline /home/xyin014/graph/or/snap_or source/or.txt 32 0.005 12
Error: Invalid line "% bip unweighted"
read: 135.729278s
loading graph /home/xyin014/graph/or/snap_or, root file is source/or.txt, batch_num is 32, batch_size is 1635187
read: 0.063298s
|E|=327037487
|V|=8730858
streaming total time 19.579826s
|V|=8730858
Intersection Graph Marked: 18.521038s
Version Time: 0.011295
direct hop total time 1.866916s
work sharing total time 1.107548s
CommonGraph total time 1.107548s
Running: build/Viterbibaseline /home/xyin014/graph/or/snap_or source/or.txt 32 0.005 13
Error: Invalid line "% bip unweighted"
read: 135.962358s
loading graph /home/xyin014/graph/or/snap_or, root file is source/or.txt, batch_num is 32, batch_size is 1635187
read: 0.061994s
|E|=327037487
|V|=8730858
Re Computing: 1 0 46049
streaming total time 36.223579s
|V|=8730858
Intersection Graph Marked: 17.875567s
Version Time: 4.286385
direct hop total time 74.264839s
work sharing total time 35.116787s
CommonGraph total time 35.116787s
Running: build/Viterbibaseline /home/xyin014/graph/or/snap_or source/or.txt 32 0.005 14
Error: Invalid line "% bip unweighted"
read: 135.952788s
loading graph /home/xyin014/graph/or/snap_or, root file is source/or.txt, batch_num is 32, batch_size is 1635187
read: 0.062252s
|E|=327037487
|V|=8730858
streaming total time 29.150358s
|V|=8730858
Intersection Graph Marked: 21.602282s
Version Time: 0.005958
direct hop total time 1.571873s
work sharing total time 0.948661s
CommonGraph total time 0.948661s
Running: build/Viterbibaseline /home/xyin014/graph/or/snap_or source/or.txt 32 0.005 15
Error: Invalid line "% bip unweighted"
read: 135.905393s
loading graph /home/xyin014/graph/or/snap_or, root file is source/or.txt, batch_num is 32, batch_size is 1635187
read: 0.062135s
|E|=327037487
|V|=8730858
streaming total time 20.554981s
|V|=8730858
Intersection Graph Marked: 19.338381s
Version Time: 0.005990
direct hop total time 1.560170s
work sharing total time 0.938851s
CommonGraph total time 0.938851s
Running: build/Viterbibaseline /home/xyin014/graph/or/snap_or source/or.txt 64 0.0025 0
Error: Invalid line "% bip unweighted"
read: 135.827527s
loading graph /home/xyin014/graph/or/snap_or, root file is source/or.txt, batch_num is 64, batch_size is 817593
read: 0.062906s
|E|=327037487
|V|=8730858
streaming total time 20.225018s
|V|=8730858
Intersection Graph Marked: 15.002857s
Version Time: 4.426590
direct hop total time 81.011147s
work sharing total time 48.384571s
CommonGraph total time 48.384571s
Running: build/Viterbibaseline /home/xyin014/graph/or/snap_or source/or.txt 64 0.0025 1
Error: Invalid line "% bip unweighted"
read: 135.962893s
loading graph /home/xyin014/graph/or/snap_or, root file is source/or.txt, batch_num is 64, batch_size is 817593
read: 0.063090s
|E|=327037487
|V|=8730858
Re Computing: 1 0 22644
streaming total time 24.956347s
|V|=8730858
Intersection Graph Marked: 15.529841s
Version Time: 3.260796
direct hop total time 44.204727s
work sharing total time 27.949211s
CommonGraph total time 27.949211s
Running: build/Viterbibaseline /home/xyin014/graph/or/snap_or source/or.txt 64 0.0025 2
Error: Invalid line "% bip unweighted"
read: 136.124588s
loading graph /home/xyin014/graph/or/snap_or, root file is source/or.txt, batch_num is 64, batch_size is 817593
read: 0.061718s
|E|=327037487
|V|=8730858
streaming total time 20.838558s
|V|=8730858
Intersection Graph Marked: 20.071835s
Version Time: 0.006014
direct hop total time 3.084337s
work sharing total time 1.693801s
CommonGraph total time 1.693801s
Running: build/Viterbibaseline /home/xyin014/graph/or/snap_or source/or.txt 64 0.0025 3
Error: Invalid line "% bip unweighted"
read: 135.852471s
loading graph /home/xyin014/graph/or/snap_or, root file is source/or.txt, batch_num is 64, batch_size is 817593
read: 0.063250s
|E|=327037487
|V|=8730858
streaming total time 20.347483s
|V|=8730858
Intersection Graph Marked: 14.655999s
Version Time: 3.460347
direct hop total time 45.726410s
work sharing total time 28.733868s
CommonGraph total time 28.733868s
Running: build/Viterbibaseline /home/xyin014/graph/or/snap_or source/or.txt 64 0.0025 4
Error: Invalid line "% bip unweighted"
read: 136.463823s
loading graph /home/xyin014/graph/or/snap_or, root file is source/or.txt, batch_num is 64, batch_size is 817593
read: 0.062751s
|E|=327037487
|V|=8730858
streaming total time 16.184423s
|V|=8730858
Intersection Graph Marked: 18.612268s
Version Time: 0.020393
direct hop total time 3.172844s
work sharing total time 1.709130s
CommonGraph total time 1.709130s
Running: build/Viterbibaseline /home/xyin014/graph/or/snap_or source/or.txt 64 0.0025 5
Error: Invalid line "% bip unweighted"
read: 136.150947s
loading graph /home/xyin014/graph/or/snap_or, root file is source/or.txt, batch_num is 64, batch_size is 817593
read: 0.062088s
|E|=327037487
|V|=8730858
streaming total time 19.163544s
|V|=8730858
Intersection Graph Marked: 17.146148s
Version Time: 0.011362
direct hop total time 3.079608s
work sharing total time 1.710887s
CommonGraph total time 1.710887s
Running: build/Viterbibaseline /home/xyin014/graph/or/snap_or source/or.txt 64 0.0025 6
Error: Invalid line "% bip unweighted"
read: 135.851850s
loading graph /home/xyin014/graph/or/snap_or, root file is source/or.txt, batch_num is 64, batch_size is 817593
read: 0.062183s
|E|=327037487
|V|=8730858
Re Computing: 1 0 23082
streaming total time 34.816654s
|V|=8730858
Intersection Graph Marked: 15.267687s
Version Time: 5.155144
direct hop total time 68.651405s
work sharing total time 50.153282s
CommonGraph total time 50.153282s
Running: build/Viterbibaseline /home/xyin014/graph/or/snap_or source/or.txt 64 0.0025 7
Error: Invalid line "% bip unweighted"
read: 136.099357s
loading graph /home/xyin014/graph/or/snap_or, root file is source/or.txt, batch_num is 64, batch_size is 817593
read: 0.061975s
|E|=327037487
|V|=8730858
Re Computing: 1 0 23402
streaming total time 27.461876s
|V|=8730858
Intersection Graph Marked: 18.289176s
Version Time: 5.521529
direct hop total time 112.996559s
work sharing total time 68.523544s
CommonGraph total time 68.523544s
Running: build/Viterbibaseline /home/xyin014/graph/or/snap_or source/or.txt 64 0.0025 8
Error: Invalid line "% bip unweighted"
read: 137.259269s
loading graph /home/xyin014/graph/or/snap_or, root file is source/or.txt, batch_num is 64, batch_size is 817593
read: 0.062222s
|E|=327037487
|V|=8730858
Re Computing: 1 0 23397
streaming total time 26.562473s
|V|=8730858
Intersection Graph Marked: 17.084872s
Version Time: 4.429833
direct hop total time 78.357948s
work sharing total time 40.929920s
CommonGraph total time 40.929920s
Running: build/Viterbibaseline /home/xyin014/graph/or/snap_or source/or.txt 64 0.0025 9
Error: Invalid line "% bip unweighted"
read: 135.783555s
loading graph /home/xyin014/graph/or/snap_or, root file is source/or.txt, batch_num is 64, batch_size is 817593
read: 0.063519s
|E|=327037487
|V|=8730858
streaming total time 17.835802s
|V|=8730858
Intersection Graph Marked: 20.500679s
Version Time: 0.006002
direct hop total time 3.088748s
work sharing total time 1.695069s
CommonGraph total time 1.695069s
Running: build/Viterbibaseline /home/xyin014/graph/or/snap_or source/or.txt 64 0.0025 10
Error: Invalid line "% bip unweighted"
read: 135.851144s
loading graph /home/xyin014/graph/or/snap_or, root file is source/or.txt, batch_num is 64, batch_size is 817593
read: 0.062229s
|E|=327037487
|V|=8730858
streaming total time 16.240843s
|V|=8730858
Intersection Graph Marked: 18.379350s
Version Time: 0.005975
direct hop total time 3.077779s
work sharing total time 1.701151s
CommonGraph total time 1.701151s
Running: build/Viterbibaseline /home/xyin014/graph/or/snap_or source/or.txt 64 0.0025 11
Error: Invalid line "% bip unweighted"
read: 137.389573s
loading graph /home/xyin014/graph/or/snap_or, root file is source/or.txt, batch_num is 64, batch_size is 817593
read: 0.061938s
|E|=327037487
|V|=8730858
Re Computing: 1 0 23027
streaming total time 27.680794s
|V|=8730858
Intersection Graph Marked: 14.176673s
Version Time: 4.555166
direct hop total time 80.631035s
work sharing total time 48.283329s
CommonGraph total time 48.283329s
Running: build/Viterbibaseline /home/xyin014/graph/or/snap_or source/or.txt 64 0.0025 12
Error: Invalid line "% bip unweighted"
read: 136.129113s
loading graph /home/xyin014/graph/or/snap_or, root file is source/or.txt, batch_num is 64, batch_size is 817593
read: 0.062271s
|E|=327037487
|V|=8730858
streaming total time 19.149618s
|V|=8730858
Intersection Graph Marked: 15.645241s
Version Time: 0.050299
direct hop total time 3.180859s
work sharing total time 1.723801s
CommonGraph total time 1.723801s
Running: build/Viterbibaseline /home/xyin014/graph/or/snap_or source/or.txt 64 0.0025 13
Error: Invalid line "% bip unweighted"
read: 135.888068s
loading graph /home/xyin014/graph/or/snap_or, root file is source/or.txt, batch_num is 64, batch_size is 817593
read: 0.061705s
|E|=327037487
|V|=8730858
Re Computing: 1 0 23154
streaming total time 38.304398s
|V|=8730858
Intersection Graph Marked: 15.799340s
Version Time: 4.254915
direct hop total time 140.337051s
work sharing total time 64.274673s
CommonGraph total time 64.274673s
Running: build/Viterbibaseline /home/xyin014/graph/or/snap_or source/or.txt 64 0.0025 14
Error: Invalid line "% bip unweighted"
read: 136.088691s
loading graph /home/xyin014/graph/or/snap_or, root file is source/or.txt, batch_num is 64, batch_size is 817593
read: 0.061822s
|E|=327037487
|V|=8730858
streaming total time 17.252941s
|V|=8730858
Intersection Graph Marked: 14.284939s
Version Time: 0.056294
direct hop total time 3.089181s
work sharing total time 1.703116s
CommonGraph total time 1.703116s
Running: build/Viterbibaseline /home/xyin014/graph/or/snap_or source/or.txt 64 0.0025 15
Error: Invalid line "% bip unweighted"
read: 135.943364s
loading graph /home/xyin014/graph/or/snap_or, root file is source/or.txt, batch_num is 64, batch_size is 817593
read: 0.062778s
|E|=327037487
|V|=8730858
streaming total time 18.783281s
|V|=8730858
Intersection Graph Marked: 18.197162s
Version Time: 0.056189
direct hop total time 3.167818s
work sharing total time 1.734869s
CommonGraph total time 1.734869s
Running: build/Viterbibaseline /home/xyin014/graph/ttw/ttw_snap source/TW_queries.txt 8 0.02 0
Error: Invalid line "% asym unweighted"
read: 629.701747s
loading graph /home/xyin014/graph/ttw/ttw_snap, root file is source/TW_queries.txt, batch_num is 8, batch_size is 29367303
read: 0.286337s
|E|=1468365182
|V|=41652231
Re Computing: 1 0 856447
Re Computing: 1 0 855059
Re Computing: 1 0 855441
Re Computing: 1 0 860373
streaming total time 212.334991s
|V|=41652231
Intersection Graph Marked: 34.187850s
Version Time: 7.115587
direct hop total time 29.058828s
work sharing total time 18.653168s
CommonGraph total time 18.653168s
Running: build/Viterbibaseline /home/xyin014/graph/ttw/ttw_snap source/TW_queries.txt 8 0.02 1
Error: Invalid line "% asym unweighted"
read: 630.034262s
loading graph /home/xyin014/graph/ttw/ttw_snap, root file is source/TW_queries.txt, batch_num is 8, batch_size is 29367303
read: 0.293954s
|E|=1468365182
|V|=41652231
Re Computing: 1 0 850835
Re Computing: 1 0 849716
Re Computing: 1 0 849969
Re Computing: 1 0 849501
streaming total time 209.098145s
|V|=41652231
Intersection Graph Marked: 33.690204s
Version Time: 5.548457
direct hop total time 26.804087s
work sharing total time 17.211464s
CommonGraph total time 17.211464s
Running: build/Viterbibaseline /home/xyin014/graph/ttw/ttw_snap source/TW_queries.txt 8 0.02 2
Error: Invalid line "% asym unweighted"
read: 632.157378s
loading graph /home/xyin014/graph/ttw/ttw_snap, root file is source/TW_queries.txt, batch_num is 8, batch_size is 29367303
read: 0.296695s
|E|=1468365182
|V|=41652231
Re Computing: 1 0 863548
Re Computing: 1 0 846451
Re Computing: 1 0 847021
Re Computing: 1 0 836456
streaming total time 207.696060s
|V|=41652231
Intersection Graph Marked: 33.948701s
Version Time: 5.537486
direct hop total time 31.450294s
work sharing total time 20.576077s
CommonGraph total time 20.576077s
Running: build/Viterbibaseline /home/xyin014/graph/ttw/ttw_snap source/TW_queries.txt 8 0.02 3
Error: Invalid line "% asym unweighted"
read: 629.357310s
loading graph /home/xyin014/graph/ttw/ttw_snap, root file is source/TW_queries.txt, batch_num is 8, batch_size is 29367303
read: 0.292622s
|E|=1468365182
|V|=41652231
Re Computing: 1 0 846200
Re Computing: 1 0 845524
Re Computing: 1 0 852788
Re Computing: 1 0 848165
streaming total time 213.086044s
|V|=41652231
Intersection Graph Marked: 33.921000s
Version Time: 5.735838
direct hop total time 29.220530s
work sharing total time 18.768673s
CommonGraph total time 18.768673s
Running: build/Viterbibaseline /home/xyin014/graph/ttw/ttw_snap source/TW_queries.txt 8 0.02 4
Error: Invalid line "% asym unweighted"
read: 629.321026s
loading graph /home/xyin014/graph/ttw/ttw_snap, root file is source/TW_queries.txt, batch_num is 8, batch_size is 29367303
read: 0.297621s
|E|=1468365182
|V|=41652231
Re Computing: 1 0 848908
Re Computing: 1 0 845949
Re Computing: 1 0 845585
Re Computing: 1 0 845118
streaming total time 203.197098s
|V|=41652231
Intersection Graph Marked: 34.108244s
Version Time: 5.773588
direct hop total time 27.458675s
work sharing total time 16.677197s
CommonGraph total time 16.677197s
Running: build/Viterbibaseline /home/xyin014/graph/ttw/ttw_snap source/TW_queries.txt 8 0.02 5
Error: Invalid line "% asym unweighted"
read: 629.615675s
loading graph /home/xyin014/graph/ttw/ttw_snap, root file is source/TW_queries.txt, batch_num is 8, batch_size is 29367303
read: 0.291242s
|E|=1468365182
|V|=41652231
Re Computing: 1 0 834518
Re Computing: 1 0 835225
Re Computing: 1 0 835729
Re Computing: 1 0 835083
streaming total time 211.779633s
|V|=41652231
Intersection Graph Marked: 33.781298s
Version Time: 5.593099
direct hop total time 25.291431s
work sharing total time 15.357123s
CommonGraph total time 15.357123s
Running: build/Viterbibaseline /home/xyin014/graph/ttw/ttw_snap source/TW_queries.txt 8 0.02 6
Error: Invalid line "% asym unweighted"
read: 629.176091s
loading graph /home/xyin014/graph/ttw/ttw_snap, root file is source/TW_queries.txt, batch_num is 8, batch_size is 29367303
read: 0.292784s
|E|=1468365182
|V|=41652231
streaming total time 194.636917s
|V|=41652231
Intersection Graph Marked: 33.837503s
Version Time: 0.026590
direct hop total time 3.579628s
work sharing total time 2.353436s
CommonGraph total time 2.353436s
Running: build/Viterbibaseline /home/xyin014/graph/ttw/ttw_snap source/TW_queries.txt 8 0.02 7
Error: Invalid line "% asym unweighted"
read: 643.597323s
loading graph /home/xyin014/graph/ttw/ttw_snap, root file is source/TW_queries.txt, batch_num is 8, batch_size is 29367303
read: 0.284371s
|E|=1468365182
|V|=41652231
Re Computing: 1 0 870152
Re Computing: 1 0 861967
Re Computing: 1 0 868805
Re Computing: 1 0 867111
streaming total time 208.653290s
|V|=41652231
Intersection Graph Marked: 34.058808s
Version Time: 7.238176
direct hop total time 29.206480s
work sharing total time 20.259146s
CommonGraph total time 20.259146s
Running: build/Viterbibaseline /home/xyin014/graph/ttw/ttw_snap source/TW_queries.txt 8 0.02 8
Error: Invalid line "% asym unweighted"
read: 630.018032s
loading graph /home/xyin014/graph/ttw/ttw_snap, root file is source/TW_queries.txt, batch_num is 8, batch_size is 29367303
read: 0.293993s
|E|=1468365182
|V|=41652231
Re Computing: 1 0 839777
Re Computing: 1 0 940800
Re Computing: 1 0 840523
Re Computing: 1 0 839248
streaming total time 206.749939s
|V|=41652231
Intersection Graph Marked: 33.805246s
Version Time: 5.683782
direct hop total time 42.570129s
work sharing total time 19.298492s
CommonGraph total time 19.298492s
Running: build/Viterbibaseline /home/xyin014/graph/ttw/ttw_snap source/TW_queries.txt 8 0.02 9
Error: Invalid line "% asym unweighted"
read: 629.753583s
loading graph /home/xyin014/graph/ttw/ttw_snap, root file is source/TW_queries.txt, batch_num is 8, batch_size is 29367303
read: 0.304200s
|E|=1468365182
|V|=41652231
Re Computing: 1 0 842367
Re Computing: 1 0 844431
Re Computing: 1 0 854531
Re Computing: 1 0 843163
streaming total time 200.402405s
|V|=41652231
Intersection Graph Marked: 33.829930s
Version Time: 6.377580
direct hop total time 24.534931s
work sharing total time 15.099539s
CommonGraph total time 15.099539s
Running: build/Viterbibaseline /home/xyin014/graph/ttw/ttw_snap source/TW_queries.txt 8 0.02 10
Error: Invalid line "% asym unweighted"
read: 630.013628s
loading graph /home/xyin014/graph/ttw/ttw_snap, root file is source/TW_queries.txt, batch_num is 8, batch_size is 29367303
read: 0.292257s
|E|=1468365182
|V|=41652231
Re Computing: 1 0 840354
Re Computing: 1 0 840607
Re Computing: 1 0 841386
Re Computing: 1 0 886883
streaming total time 218.773453s
|V|=41652231
Intersection Graph Marked: 34.148568s
Version Time: 5.630581
direct hop total time 27.241777s
work sharing total time 16.521105s
CommonGraph total time 16.521105s
Running: build/Viterbibaseline /home/xyin014/graph/ttw/ttw_snap source/TW_queries.txt 8 0.02 11
Error: Invalid line "% asym unweighted"
read: 630.634143s
loading graph /home/xyin014/graph/ttw/ttw_snap, root file is source/TW_queries.txt, batch_num is 8, batch_size is 29367303
read: 0.293912s
|E|=1468365182
|V|=41652231
Re Computing: 1 0 846690
Re Computing: 1 0 839061
Re Computing: 1 0 839261
Re Computing: 1 0 839800
streaming total time 202.645950s
|V|=41652231
Intersection Graph Marked: 34.094338s
Version Time: 9.005420
direct hop total time 24.569075s
work sharing total time 14.786514s
CommonGraph total time 14.786514s
Running: build/Viterbibaseline /home/xyin014/graph/ttw/ttw_snap source/TW_queries.txt 8 0.02 12
Error: Invalid line "% asym unweighted"
read: 640.738150s
loading graph /home/xyin014/graph/ttw/ttw_snap, root file is source/TW_queries.txt, batch_num is 8, batch_size is 29367303
read: 0.285177s
|E|=1468365182
|V|=41652231
Re Computing: 1 0 846910
Re Computing: 1 0 846731
Re Computing: 1 0 846108
Re Computing: 1 0 846856
streaming total time 210.873795s
|V|=41652231
Intersection Graph Marked: 33.630131s
Version Time: 0.075993
direct hop total time 115.897408s
work sharing total time 85.385635s
CommonGraph total time 85.385635s
Running: build/Viterbibaseline /home/xyin014/graph/ttw/ttw_snap source/TW_queries.txt 8 0.02 13
Error: Invalid line "% asym unweighted"
read: 629.605107s
loading graph /home/xyin014/graph/ttw/ttw_snap, root file is source/TW_queries.txt, batch_num is 8, batch_size is 29367303
read: 0.288048s
|E|=1468365182
|V|=41652231
Re Computing: 1 0 839229
Re Computing: 1 0 838652
Re Computing: 1 0 839068
Re Computing: 1 0 838955
streaming total time 207.136139s
|V|=41652231
Intersection Graph Marked: 33.470387s
Version Time: 5.703580
direct hop total time 26.390577s
work sharing total time 16.020082s
CommonGraph total time 16.020082s
Running: build/Viterbibaseline /home/xyin014/graph/ttw/ttw_snap source/TW_queries.txt 8 0.02 14
Error: Invalid line "% asym unweighted"
read: 630.141369s
loading graph /home/xyin014/graph/ttw/ttw_snap, root file is source/TW_queries.txt, batch_num is 8, batch_size is 29367303
read: 0.295571s
|E|=1468365182
|V|=41652231
Re Computing: 1 0 834276
Re Computing: 1 0 834765
Re Computing: 1 0 835626
Re Computing: 1 0 834570
streaming total time 207.091675s
|V|=41652231
Intersection Graph Marked: 33.684566s
Version Time: 5.825789
direct hop total time 24.216537s
work sharing total time 14.755383s
CommonGraph total time 14.755383s
Running: build/Viterbibaseline /home/xyin014/graph/ttw/ttw_snap source/TW_queries.txt 8 0.02 15
Error: Invalid line "% asym unweighted"
read: 632.532270s
loading graph /home/xyin014/graph/ttw/ttw_snap, root file is source/TW_queries.txt, batch_num is 8, batch_size is 29367303
read: 0.296789s
|E|=1468365182
|V|=41652231
Re Computing: 1 0 833623
Re Computing: 1 0 835018
Re Computing: 1 0 835280
Re Computing: 1 0 833738
streaming total time 202.890686s
|V|=41652231
Intersection Graph Marked: 33.951817s
Version Time: 5.918432
direct hop total time 25.991358s
work sharing total time 15.495262s
CommonGraph total time 15.495262s
Running: build/Viterbibaseline /home/xyin014/graph/ttw/ttw_snap source/TW_queries.txt 16 0.01 0
Error: Invalid line "% asym unweighted"
read: 631.328243s
loading graph /home/xyin014/graph/ttw/ttw_snap, root file is source/TW_queries.txt, batch_num is 16, batch_size is 14683651
read: 0.288674s
|E|=1468365182
|V|=41652231
Re Computing: 1 0 436299
Re Computing: 1 0 431879
Re Computing: 1 0 436314
Re Computing: 1 0 434640
Re Computing: 1 0 436770
Re Computing: 1 0 437190
Re Computing: 1 0 434843
streaming total time 216.731613s
|V|=41652231
Intersection Graph Marked: 33.564526s
Version Time: 7.060861
direct hop total time 54.802368s
work sharing total time 32.049694s
CommonGraph total time 32.049694s
Running: build/Viterbibaseline /home/xyin014/graph/ttw/ttw_snap source/TW_queries.txt 16 0.01 1
Error: Invalid line "% asym unweighted"
read: 629.704806s
loading graph /home/xyin014/graph/ttw/ttw_snap, root file is source/TW_queries.txt, batch_num is 16, batch_size is 14683651
read: 0.291755s
|E|=1468365182
|V|=41652231
Re Computing: 1 0 429818
Re Computing: 1 0 434119
Re Computing: 1 0 433743
Re Computing: 1 0 432602
Re Computing: 1 0 433379
Re Computing: 1 0 435364
Re Computing: 1 0 430460
streaming total time 205.259354s
|V|=41652231
Intersection Graph Marked: 33.605822s
Version Time: 5.631934
direct hop total time 50.735207s
work sharing total time 29.954378s
CommonGraph total time 29.954378s
Running: build/Viterbibaseline /home/xyin014/graph/ttw/ttw_snap source/TW_queries.txt 16 0.01 2
Error: Invalid line "% asym unweighted"
read: 629.758738s
loading graph /home/xyin014/graph/ttw/ttw_snap, root file is source/TW_queries.txt, batch_num is 16, batch_size is 14683651
read: 0.295190s
|E|=1468365182
|V|=41652231
Re Computing: 1 0 437054
Re Computing: 1 0 428518
Re Computing: 1 0 431036
Re Computing: 1 0 427769
Re Computing: 1 0 428627
Re Computing: 1 0 426699
streaming total time 212.744232s
|V|=41652231
Intersection Graph Marked: 34.370546s
Version Time: 5.634442
direct hop total time 54.579956s
work sharing total time 33.965313s
CommonGraph total time 33.965313s
Running: build/Viterbibaseline /home/xyin014/graph/ttw/ttw_snap source/TW_queries.txt 16 0.01 3
Error: Invalid line "% asym unweighted"
read: 630.314723s
loading graph /home/xyin014/graph/ttw/ttw_snap, root file is source/TW_queries.txt, batch_num is 16, batch_size is 14683651
read: 0.293682s
|E|=1468365182
|V|=41652231
Re Computing: 1 0 427680
Re Computing: 1 0 431437
Re Computing: 1 0 431490
Re Computing: 1 0 430865
Re Computing: 1 0 434838
Re Computing: 2 49348 6145
Re Computing: 1 0 431001
streaming total time 211.441589s
|V|=41652231
Intersection Graph Marked: 33.918960s
Version Time: 5.753229
direct hop total time 55.799274s
work sharing total time 33.030289s
CommonGraph total time 33.030289s
Running: build/Viterbibaseline /home/xyin014/graph/ttw/ttw_snap source/TW_queries.txt 16 0.01 4
Error: Invalid line "% asym unweighted"
read: 630.261510s
loading graph /home/xyin014/graph/ttw/ttw_snap, root file is source/TW_queries.txt, batch_num is 16, batch_size is 14683651
read: 0.287702s
|E|=1468365182
|V|=41652231
Re Computing: 1 0 432440
Re Computing: 1 0 433316
Re Computing: 1 0 432432
Re Computing: 1 0 431059
Re Computing: 1 0 426746
Re Computing: 1 0 432217
Re Computing: 1 0 431067
streaming total time 217.253830s
|V|=41652231
Intersection Graph Marked: 33.544716s
Version Time: 5.746150
direct hop total time 50.399002s
work sharing total time 27.920357s
CommonGraph total time 27.920357s
Running: build/Viterbibaseline /home/xyin014/graph/ttw/ttw_snap source/TW_queries.txt 16 0.01 5
Error: Invalid line "% asym unweighted"
read: 629.571272s
loading graph /home/xyin014/graph/ttw/ttw_snap, root file is source/TW_queries.txt, batch_num is 16, batch_size is 14683651
read: 0.290644s
|E|=1468365182
|V|=41652231
Re Computing: 1 0 426556
Re Computing: 1 0 426841
Re Computing: 1 0 426082
Re Computing: 1 0 425533
Re Computing: 1 0 426672
Re Computing: 1 0 427034
Re Computing: 1 0 426255
Re Computing: 1 0 425452
streaming total time 219.777466s
|V|=41652231
Intersection Graph Marked: 33.990588s
Version Time: 5.603261
direct hop total time 49.942406s
work sharing total time 27.600742s
CommonGraph total time 27.600742s
Running: build/Viterbibaseline /home/xyin014/graph/ttw/ttw_snap source/TW_queries.txt 16 0.01 6
Error: Invalid line "% asym unweighted"
read: 629.790816s
loading graph /home/xyin014/graph/ttw/ttw_snap, root file is source/TW_queries.txt, batch_num is 16, batch_size is 14683651
read: 0.295184s
|E|=1468365182
|V|=41652231
streaming total time 189.753204s
|V|=41652231
Intersection Graph Marked: 33.705436s
Version Time: 0.076722
direct hop total time 6.450314s
work sharing total time 3.704129s
CommonGraph total time 3.704129s
Running: build/Viterbibaseline /home/xyin014/graph/ttw/ttw_snap source/TW_queries.txt 16 0.01 7
Error: Invalid line "% asym unweighted"
read: 633.257410s
loading graph /home/xyin014/graph/ttw/ttw_snap, root file is source/TW_queries.txt, batch_num is 16, batch_size is 14683651
read: 0.299651s
|E|=1468365182
|V|=41652231
Re Computing: 1 0 437080
Re Computing: 1 0 439868
Re Computing: 1 0 439658
Re Computing: 1 0 441203
Re Computing: 1 0 442848
Re Computing: 1 0 444141
Re Computing: 1 0 442053
streaming total time 218.789795s
|V|=41652231
Intersection Graph Marked: 33.914864s
Version Time: 7.339992
direct hop total time 59.522419s
work sharing total time 37.057796s
CommonGraph total time 37.057796s
Running: build/Viterbibaseline /home/xyin014/graph/ttw/ttw_snap source/TW_queries.txt 16 0.01 8
Error: Invalid line "% asym unweighted"
read: 629.646922s
loading graph /home/xyin014/graph/ttw/ttw_snap, root file is source/TW_queries.txt, batch_num is 16, batch_size is 14683651
read: 0.295212s
|E|=1468365182
|V|=41652231
Re Computing: 1 0 429561
Re Computing: 1 0 428759
Re Computing: 1 0 431681
Re Computing: 1 0 473629
Re Computing: 1 0 427839
Re Computing: 1 0 428942
Re Computing: 1 0 423479
streaming total time 217.292038s
|V|=41652231
Intersection Graph Marked: 33.682696s
Version Time: 5.599859
direct hop total time 77.427177s
work sharing total time 30.148397s
CommonGraph total time 30.148397s
Running: build/Viterbibaseline /home/xyin014/graph/ttw/ttw_snap source/TW_queries.txt 16 0.01 9
Error: Invalid line "% asym unweighted"
read: 629.733741s
loading graph /home/xyin014/graph/ttw/ttw_snap, root file is source/TW_queries.txt, batch_num is 16, batch_size is 14683651
read: 0.299402s
|E|=1468365182
|V|=41652231
Re Computing: 1 0 425571
Re Computing: 1 0 430413
Re Computing: 1 0 430529
Re Computing: 1 0 430041
Re Computing: 1 0 432852
Re Computing: 1 0 431908
Re Computing: 1 0 425633
streaming total time 207.978683s
|V|=41652231
Intersection Graph Marked: 33.932293s
Version Time: 6.413857
direct hop total time 46.255051s
work sharing total time 25.830688s
CommonGraph total time 25.830688s
Running: build/Viterbibaseline /home/xyin014/graph/ttw/ttw_snap source/TW_queries.txt 16 0.01 10
Error: Invalid line "% asym unweighted"
read: 629.861122s
loading graph /home/xyin014/graph/ttw/ttw_snap, root file is source/TW_queries.txt, batch_num is 16, batch_size is 14683651
read: 0.293519s
|E|=1468365182
|V|=41652231
Re Computing: 1 0 429502
Re Computing: 1 0 428804
Re Computing: 1 0 424954
Re Computing: 1 0 428050
Re Computing: 1 0 428826
Re Computing: 1 0 430343
Re Computing: 1 0 452175
streaming total time 203.487686s
|V|=41652231
Intersection Graph Marked: 33.828688s
Version Time: 5.737865
direct hop total time 50.229622s
work sharing total time 27.087324s
CommonGraph total time 27.087324s
Running: build/Viterbibaseline /home/xyin014/graph/ttw/ttw_snap source/TW_queries.txt 16 0.01 11
Error: Invalid line "% asym unweighted"
read: 633.176869s
loading graph /home/xyin014/graph/ttw/ttw_snap, root file is source/TW_queries.txt, batch_num is 16, batch_size is 14683651
read: 0.300682s
|E|=1468365182
|V|=41652231
Re Computing: 1 0 426023
Re Computing: 1 0 430118
Re Computing: 1 0 428489
Re Computing: 1 0 426695
Re Computing: 1 0 428822
Re Computing: 1 0 428892
Re Computing: 1 0 427868
streaming total time 207.774551s
|V|=41652231
Intersection Graph Marked: 34.266469s
Version Time: 9.210186
direct hop total time 45.601051s
work sharing total time 25.305683s
CommonGraph total time 25.305683s
Running: build/Viterbibaseline /home/xyin014/graph/ttw/ttw_snap source/TW_queries.txt 16 0.01 12
Error: Invalid line "% asym unweighted"
read: 631.000000s
loading graph /home/xyin014/graph/ttw/ttw_snap, root file is source/TW_queries.txt, batch_num is 16, batch_size is 14683651
read: 0.290887s
|E|=1468365182
|V|=41652231
Re Computing: 1 0 431681
Re Computing: 1 0 432388
Re Computing: 1 0 433023
Re Computing: 1 0 431466
Re Computing: 1 0 427389
Re Computing: 1 0 432766
Re Computing: 1 0 432330
streaming total time 210.038727s
|V|=41652231
Intersection Graph Marked: 33.786571s
Version Time: 0.026664
direct hop total time 292.076996s
work sharing total time 197.591232s
CommonGraph total time 197.591232s
Running: build/Viterbibaseline /home/xyin014/graph/ttw/ttw_snap source/TW_queries.txt 16 0.01 13
Error: Invalid line "% asym unweighted"
read: 630.141457s
loading graph /home/xyin014/graph/ttw/ttw_snap, root file is source/TW_queries.txt, batch_num is 16, batch_size is 14683651
read: 0.292435s
|E|=1468365182
|V|=41652231
Re Computing: 1 0 429161
Re Computing: 1 0 428212
Re Computing: 1 0 423760
Re Computing: 1 0 426639
Re Computing: 1 0 427781
Re Computing: 1 0 429720
Re Computing: 1 0 427941
streaming total time 207.828278s
|V|=41652231
Intersection Graph Marked: 33.870893s
Version Time: 5.770784
direct hop total time 48.869114s
work sharing total time 26.964838s
CommonGraph total time 26.964838s
Running: build/Viterbibaseline /home/xyin014/graph/ttw/ttw_snap source/TW_queries.txt 16 0.01 14
Error: Invalid line "% asym unweighted"
read: 629.545115s
loading graph /home/xyin014/graph/ttw/ttw_snap, root file is source/TW_queries.txt, batch_num is 16, batch_size is 14683651
read: 0.294537s
|E|=1468365182
|V|=41652231
Re Computing: 1 0 426338
Re Computing: 1 0 426170
Re Computing: 1 0 425839
Re Computing: 1 0 425376
Re Computing: 1 0 426562
Re Computing: 1 0 426927
Re Computing: 1 0 426190
Re Computing: 1 0 425382
streaming total time 206.015549s
|V|=41652231
Intersection Graph Marked: 33.712583s
Version Time: 5.803115
direct hop total time 43.547714s
work sharing total time 24.574970s
CommonGraph total time 24.574970s
Running: build/Viterbibaseline /home/xyin014/graph/ttw/ttw_snap source/TW_queries.txt 16 0.01 15
Error: Invalid line "% asym unweighted"
read: 629.499036s
loading graph /home/xyin014/graph/ttw/ttw_snap, root file is source/TW_queries.txt, batch_num is 16, batch_size is 14683651
read: 0.297710s
|E|=1468365182
|V|=41652231
Re Computing: 1 0 426359
Re Computing: 1 0 425254
Re Computing: 1 0 425918
Re Computing: 1 0 425072
Re Computing: 1 0 426269
Re Computing: 1 0 426232
Re Computing: 1 0 426536
Re Computing: 1 0 425300
streaming total time 214.347672s
|V|=41652231
Intersection Graph Marked: 33.667908s
Version Time: 5.922492
direct hop total time 45.025219s
work sharing total time 25.102627s
CommonGraph total time 25.102627s
Running: build/Viterbibaseline /home/xyin014/graph/ttw/ttw_snap source/TW_queries.txt 32 0.005 0
Error: Invalid line "% asym unweighted"
read: 629.718550s
loading graph /home/xyin014/graph/ttw/ttw_snap, root file is source/TW_queries.txt, batch_num is 32, batch_size is 7341825
read: 0.290604s
|E|=1468365182
|V|=41652231
Re Computing: 1 0 218440
Re Computing: 1 0 218366
Re Computing: 1 0 219691
Re Computing: 1 0 219044
Re Computing: 1 0 216846
Re Computing: 1 0 219890
Re Computing: 1 0 220440
Re Computing: 1 0 219137
Re Computing: 1 0 220678
Re Computing: 1 0 216726
Re Computing: 1 0 220429
streaming total time 219.813065s
|V|=41652231
Intersection Graph Marked: 33.573698s
Version Time: 7.079795
direct hop total time 98.538345s
work sharing total time 55.537933s
CommonGraph total time 55.537933s
Running: build/Viterbibaseline /home/xyin014/graph/ttw/ttw_snap source/TW_queries.txt 32 0.005 1
Error: Invalid line "% asym unweighted"
read: 635.784308s
loading graph /home/xyin014/graph/ttw/ttw_snap, root file is source/TW_queries.txt, batch_num is 32, batch_size is 7341825
read: 0.304554s
|E|=1468365182
|V|=41652231
Re Computing: 1 0 217486
Re Computing: 1 0 218894
Re Computing: 1 0 219595
Re Computing: 1 0 217482
Re Computing: 1 0 215337
Re Computing: 1 0 218669
Re Computing: 1 0 217267
Re Computing: 1 0 218650
Re Computing: 1 0 215693
streaming total time 222.896957s
|V|=41652231
Intersection Graph Marked: 34.153867s
Version Time: 5.547448
direct hop total time 101.266357s
work sharing total time 56.719078s
CommonGraph total time 56.719078s
Running: build/Viterbibaseline /home/xyin014/graph/ttw/ttw_snap source/TW_queries.txt 32 0.005 2
Error: Invalid line "% asym unweighted"
read: 636.842162s
loading graph /home/xyin014/graph/ttw/ttw_snap, root file is source/TW_queries.txt, batch_num is 32, batch_size is 7341825
read: 0.305257s
|E|=1468365182
|V|=41652231
Re Computing: 1 0 221670
Re Computing: 1 0 216739
Re Computing: 1 0 218198
Re Computing: 1 0 215019
Re Computing: 1 0 217552
Re Computing: 1 0 216612
Re Computing: 1 0 217668
Re Computing: 1 0 214661
Re Computing: 1 0 216692
Re Computing: 1 0 212306
streaming total time 229.093781s
|V|=41652231
Intersection Graph Marked: 34.149192s
Version Time: 5.586558
direct hop total time 109.504280s
work sharing total time 66.369850s
CommonGraph total time 66.369850s
Running: build/Viterbibaseline /home/xyin014/graph/ttw/ttw_snap source/TW_queries.txt 32 0.005 3
Error: Invalid line "% asym unweighted"
read: 633.273928s
loading graph /home/xyin014/graph/ttw/ttw_snap, root file is source/TW_queries.txt, batch_num is 32, batch_size is 7341825
read: 0.297853s
|E|=1468365182
|V|=41652231
Re Computing: 1 0 215244
Re Computing: 1 0 217217
Re Computing: 1 0 216482
Re Computing: 1 0 213459
Re Computing: 1 0 217352
Re Computing: 1 0 218576
Re Computing: 1 0 218177
Re Computing: 1 0 215957
streaming total time 191.891220s
|V|=41652231
Intersection Graph Marked: 34.012193s
Version Time: 5.845160
direct hop total time 102.418968s
work sharing total time 58.354042s
CommonGraph total time 58.354042s
Running: build/Viterbibaseline /home/xyin014/graph/ttw/ttw_snap source/TW_queries.txt 32 0.005 4
Error: Invalid line "% asym unweighted"
read: 629.084536s
loading graph /home/xyin014/graph/ttw/ttw_snap, root file is source/TW_queries.txt, batch_num is 32, batch_size is 7341825
read: 0.292365s
|E|=1468365182
|V|=41652231
Re Computing: 1 0 216280
Re Computing: 1 0 218484
Re Computing: 1 0 215915
Re Computing: 1 0 216708
Re Computing: 1 0 217382
Re Computing: 1 0 217242
Re Computing: 1 0 214467
Re Computing: 1 0 217471
Re Computing: 1 0 217181
Re Computing: 1 0 215461
streaming total time 211.472244s
|V|=41652231
Intersection Graph Marked: 34.067704s
Version Time: 5.773936
direct hop total time 99.531250s
work sharing total time 53.021072s
CommonGraph total time 53.021072s
Running: build/Viterbibaseline /home/xyin014/graph/ttw/ttw_snap source/TW_queries.txt 32 0.005 5
Error: Invalid line "% asym unweighted"
read: 629.653484s
loading graph /home/xyin014/graph/ttw/ttw_snap, root file is source/TW_queries.txt, batch_num is 32, batch_size is 7341825
read: 0.294832s
|E|=1468365182
|V|=41652231
Re Computing: 1 0 213226
Re Computing: 1 0 213821
Re Computing: 1 0 213302
Re Computing: 1 0 213698
Re Computing: 1 0 213433
Re Computing: 1 0 212311
Re Computing: 1 0 214359
Re Computing: 1 0 215150
Re Computing: 1 0 212865
streaming total time 224.819489s
|V|=41652231
Intersection Graph Marked: 34.026538s
Version Time: 5.432382
direct hop total time 87.160622s
work sharing total time 46.540733s
CommonGraph total time 46.540733s
Running: build/Viterbibaseline /home/xyin014/graph/ttw/ttw_snap source/TW_queries.txt 32 0.005 6
Error: Invalid line "% asym unweighted"
read: 631.502927s
loading graph /home/xyin014/graph/ttw/ttw_snap, root file is source/TW_queries.txt, batch_num is 32, batch_size is 7341825
read: 0.290200s
|E|=1468365182
|V|=41652231
streaming total time 155.580856s
|V|=41652231
Intersection Graph Marked: 33.716924s
Version Time: 0.026291
direct hop total time 12.366035s
work sharing total time 7.029839s
CommonGraph total time 7.029839s
Running: build/Viterbibaseline /home/xyin014/graph/ttw/ttw_snap source/TW_queries.txt 32 0.005 7
Error: Invalid line "% asym unweighted"
read: 629.521430s
loading graph /home/xyin014/graph/ttw/ttw_snap, root file is source/TW_queries.txt, batch_num is 32, batch_size is 7341825
read: 0.296323s
|E|=1468365182
|V|=41652231
Re Computing: 1 0 218789
Re Computing: 1 0 221998
Re Computing: 1 0 218860
Re Computing: 1 0 220165
Re Computing: 1 0 223614
Re Computing: 1 0 224051
Re Computing: 1 0 222316
Re Computing: 1 0 219661
streaming total time 216.439896s
|V|=41652231
Intersection Graph Marked: 33.925701s
Version Time: 7.453313
direct hop total time 120.930771s
work sharing total time 72.574890s
CommonGraph total time 72.574890s
Running: build/Viterbibaseline /home/xyin014/graph/ttw/ttw_snap source/TW_queries.txt 32 0.005 8
Error: Invalid line "% asym unweighted"
read: 629.870061s
loading graph /home/xyin014/graph/ttw/ttw_snap, root file is source/TW_queries.txt, batch_num is 32, batch_size is 7341825
read: 0.293148s
|E|=1468365182
|V|=41652231
Re Computing: 1 0 216008
Re Computing: 1 0 214945
Re Computing: 1 0 216594
Re Computing: 1 0 216748
Re Computing: 1 0 237621
Re Computing: 1 0 213481
Re Computing: 1 0 215485
Re Computing: 1 0 215709
Re Computing: 1 0 213905
streaming total time 208.865524s
|V|=41652231
Intersection Graph Marked: 33.871871s
Version Time: 5.550889
direct hop total time 160.098175s
work sharing total time 57.638969s
CommonGraph total time 57.638969s
Running: build/Viterbibaseline /home/xyin014/graph/ttw/ttw_snap source/TW_queries.txt 32 0.005 9
Error: Invalid line "% asym unweighted"
read: 628.842148s
loading graph /home/xyin014/graph/ttw/ttw_snap, root file is source/TW_queries.txt, batch_num is 32, batch_size is 7341825
read: 0.289180s
|E|=1468365182
|V|=41652231
Re Computing: 1 0 214054
Re Computing: 1 0 216958
Re Computing: 1 0 215958
Re Computing: 1 0 212961
Re Computing: 1 0 215883
Re Computing: 1 0 217832
Re Computing: 1 0 217081
Re Computing: 1 0 215486
streaming total time 200.376801s
|V|=41652231
Intersection Graph Marked: 33.957417s
Version Time: 6.695446
direct hop total time 89.958786s
work sharing total time 47.544056s
CommonGraph total time 47.544056s
Running: build/Viterbibaseline /home/xyin014/graph/ttw/ttw_snap source/TW_queries.txt 32 0.005 10
Error: Invalid line "% asym unweighted"
read: 632.560784s
loading graph /home/xyin014/graph/ttw/ttw_snap, root file is source/TW_queries.txt, batch_num is 32, batch_size is 7341825
read: 0.276580s
|E|=1468365182
|V|=41652231
Re Computing: 1 0 215700
Re Computing: 1 0 213402
Re Computing: 1 0 213228
Re Computing: 1 0 213843
Re Computing: 1 0 216912
Re Computing: 1 0 214852
Re Computing: 1 0 217578
Re Computing: 1 0 224869
streaming total time 207.724594s
|V|=41652231
Intersection Graph Marked: 33.923167s
Version Time: 5.774091
direct hop total time 94.035553s
work sharing total time 48.310265s
CommonGraph total time 48.310265s
Running: build/Viterbibaseline /home/xyin014/graph/ttw/ttw_snap source/TW_queries.txt 32 0.005 11
Error: Invalid line "% asym unweighted"
read: 632.994735s
loading graph /home/xyin014/graph/ttw/ttw_snap, root file is source/TW_queries.txt, batch_num is 32, batch_size is 7341825
read: 0.290511s
|E|=1468365182
|V|=41652231
Re Computing: 1 0 214423
Re Computing: 1 0 213904
Re Computing: 1 0 215858
Re Computing: 1 0 215231
Re Computing: 1 0 212501
Re Computing: 1 0 215789
Re Computing: 1 0 216545
Re Computing: 1 0 214347
Re Computing: 1 0 214240
streaming total time 210.635330s
|V|=41652231
Intersection Graph Marked: 34.079615s
Version Time: 9.135548
direct hop total time 87.850372s
work sharing total time 46.650291s
CommonGraph total time 46.650291s
Running: build/Viterbibaseline /home/xyin014/graph/ttw/ttw_snap source/TW_queries.txt 32 0.005 12
Error: Invalid line "% asym unweighted"
read: 629.652798s
loading graph /home/xyin014/graph/ttw/ttw_snap, root file is source/TW_queries.txt, batch_num is 32, batch_size is 7341825
read: 0.295173s
|E|=1468365182
|V|=41652231
Re Computing: 1 0 215955
Re Computing: 1 0 217730
Re Computing: 1 0 217016
Re Computing: 1 0 215545
Re Computing: 1 0 217787
Re Computing: 1 0 217435
Re Computing: 1 0 213721
Re Computing: 1 0 218759
Re Computing: 1 0 217591
Re Computing: 1 0 217541
streaming total time 204.440506s
|V|=41652231
Intersection Graph Marked: 33.753121s
Version Time: 0.039456
direct hop total time 404.755463s
work sharing total time 410.219025s
CommonGraph total time 410.219025s
Running: build/Viterbibaseline /home/xyin014/graph/ttw/ttw_snap source/TW_queries.txt 32 0.005 13
Error: Invalid line "% asym unweighted"
read: 629.328630s
loading graph /home/xyin014/graph/ttw/ttw_snap, root file is source/TW_queries.txt, batch_num is 32, batch_size is 7341825
read: 0.292374s
|E|=1468365182
|V|=41652231
Re Computing: 1 0 215488
Re Computing: 1 0 213073
Re Computing: 1 0 212756
Re Computing: 1 0 213071
Re Computing: 1 0 216317
Re Computing: 1 0 214083
Re Computing: 1 0 217219
Re Computing: 1 0 215065
Re Computing: 1 0 213083
streaming total time 208.123764s
|V|=41652231
Intersection Graph Marked: 34.106413s
Version Time: 5.620732
direct hop total time 89.504143s
work sharing total time 47.249371s
CommonGraph total time 47.249371s
Running: build/Viterbibaseline /home/xyin014/graph/ttw/ttw_snap source/TW_queries.txt 32 0.005 14
Error: Invalid line "% asym unweighted"
read: 630.189480s
loading graph /home/xyin014/graph/ttw/ttw_snap, root file is source/TW_queries.txt, batch_num is 32, batch_size is 7341825
read: 0.295092s
|E|=1468365182
|V|=41652231
Re Computing: 1 0 213051
Re Computing: 1 0 213576
Re Computing: 1 0 213261
Re Computing: 1 0 213670
Re Computing: 1 0 213452
Re Computing: 1 0 212255
Re Computing: 1 0 214297
Re Computing: 1 0 215100
Re Computing: 1 0 212797
streaming total time 209.165588s
|V|=41652231
Intersection Graph Marked: 34.211638s
Version Time: 5.958714
direct hop total time 91.675148s
work sharing total time 48.294838s
CommonGraph total time 48.294838s
Running: build/Viterbibaseline /home/xyin014/graph/ttw/ttw_snap source/TW_queries.txt 32 0.005 15
Error: Invalid line "% asym unweighted"
read: 631.369784s
loading graph /home/xyin014/graph/ttw/ttw_snap, root file is source/TW_queries.txt, batch_num is 32, batch_size is 7341825
read: 0.291847s
|E|=1468365182
|V|=41652231
Re Computing: 1 0 214064
Re Computing: 1 0 213519
Re Computing: 1 0 214910
Re Computing: 1 0 212299
Re Computing: 1 0 211664
Re Computing: 1 0 214246
Re Computing: 1 0 215687
Re Computing: 1 0 214529
Re Computing: 1 0 213732
Re Computing: 1 0 214731
streaming total time 206.729782s
|V|=41652231
Intersection Graph Marked: 34.280464s
Version Time: 6.046193
direct hop total time 88.294121s
work sharing total time 47.002750s
CommonGraph total time 47.002750s
Running: build/Viterbibaseline /home/xyin014/graph/ttw/ttw_snap source/TW_queries.txt 64 0.0025 0
Error: Invalid line "% asym unweighted"
read: 629.297203s
loading graph /home/xyin014/graph/ttw/ttw_snap, root file is source/TW_queries.txt, batch_num is 64, batch_size is 3670912
read: 0.291367s
|E|=1468365182
|V|=41652231
Re Computing: 1 0 108970
Re Computing: 1 0 111020
Re Computing: 1 0 109655
Re Computing: 1 0 109117
Re Computing: 1 0 110218
Re Computing: 1 0 109216
Re Computing: 1 0 109272
Re Computing: 1 0 110458
Re Computing: 1 0 110136
Re Computing: 1 0 109813
Re Computing: 1 0 110616
Re Computing: 1 0 109590
streaming total time 205.028610s
|V|=41652231
Intersection Graph Marked: 34.024530s
Version Time: 7.227489
direct hop total time 190.996811s
work sharing total time 106.511986s
CommonGraph total time 106.511986s
Running: build/Viterbibaseline /home/xyin014/graph/ttw/ttw_snap source/TW_queries.txt 64 0.0025 1
Error: Invalid line "% asym unweighted"
read: 629.926112s
loading graph /home/xyin014/graph/ttw/ttw_snap, root file is source/TW_queries.txt, batch_num is 64, batch_size is 3670912
read: 0.293963s
|E|=1468365182
|V|=41652231
Re Computing: 1 0 109011
Re Computing: 1 0 109234
Re Computing: 1 0 110125
Re Computing: 1 0 109817
Re Computing: 1 0 110046
Re Computing: 1 0 108281
Re Computing: 1 0 109596
Re Computing: 1 0 110464
Re Computing: 1 0 108722
Re Computing: 1 0 110343
Re Computing: 1 0 109989
Re Computing: 1 0 107724
streaming total time 207.983826s
|V|=41652231
Intersection Graph Marked: 34.060255s
Version Time: 5.653814
direct hop total time 213.435562s
work sharing total time 115.647980s
CommonGraph total time 115.647980s
Running: build/Viterbibaseline /home/xyin014/graph/ttw/ttw_snap source/TW_queries.txt 64 0.0025 2
Error: Invalid line "% asym unweighted"
read: 629.471260s
loading graph /home/xyin014/graph/ttw/ttw_snap, root file is source/TW_queries.txt, batch_num is 64, batch_size is 3670912
read: 0.294940s
|E|=1468365182
|V|=41652231
Re Computing: 1 0 110275
Re Computing: 1 0 108908
Re Computing: 1 0 108086
Re Computing: 1 0 109520
Re Computing: 1 0 108478
Re Computing: 1 0 108369
Re Computing: 1 0 107623
Re Computing: 1 0 107969
Re Computing: 2 10627 1117
Re Computing: 1 0 108396
Re Computing: 1 0 107963
Re Computing: 1 0 107275
streaming total time 203.663666s
|V|=41652231
Intersection Graph Marked: 33.723242s
Version Time: 5.639110
direct hop total time 204.738556s
work sharing total time 120.990143s
CommonGraph total time 120.990143s
Running: build/Viterbibaseline /home/xyin014/graph/ttw/ttw_snap source/TW_queries.txt 64 0.0025 3
Error: Invalid line "% asym unweighted"
read: 629.391283s
loading graph /home/xyin014/graph/ttw/ttw_snap, root file is source/TW_queries.txt, batch_num is 64, batch_size is 3670912
read: 0.299576s
|E|=1468365182
|V|=41652231
Re Computing: 1 0 107529
Re Computing: 1 0 108664
Re Computing: 1 0 108926
Re Computing: 1 0 109624
Re Computing: 1 0 107217
Re Computing: 1 0 109617
Re Computing: 1 0 109503
Re Computing: 1 0 109396
Re Computing: 1 0 110030
Re Computing: 1 0 107285
streaming total time 197.032883s
|V|=41652231
Intersection Graph Marked: 33.694825s
Version Time: 5.889693
direct hop total time 211.145859s
work sharing total time 117.938896s
CommonGraph total time 117.938896s
Running: build/Viterbibaseline /home/xyin014/graph/ttw/ttw_snap source/TW_queries.txt 64 0.0025 4
Error: Invalid line "% asym unweighted"
read: 629.140588s
loading graph /home/xyin014/graph/ttw/ttw_snap, root file is source/TW_queries.txt, batch_num is 64, batch_size is 3670912
read: 0.293836s
|E|=1468365182
|V|=41652231
Re Computing: 1 0 108121
Re Computing: 1 0 108707
Re Computing: 1 0 108654
Re Computing: 1 0 108491
Re Computing: 1 0 108604
Re Computing: 1 0 108639
Re Computing: 1 0 107076
Re Computing: 1 0 108862
Re Computing: 1 0 108083
Re Computing: 1 0 108011
streaming total time 194.575745s
|V|=41652231
Intersection Graph Marked: 33.990989s
Version Time: 5.665972
direct hop total time 183.119614s
work sharing total time 96.359962s
CommonGraph total time 96.359962s
Running: build/Viterbibaseline /home/xyin014/graph/ttw/ttw_snap source/TW_queries.txt 64 0.0025 5
Error: Invalid line "% asym unweighted"
read: 631.528464s
loading graph /home/xyin014/graph/ttw/ttw_snap, root file is source/TW_queries.txt, batch_num is 64, batch_size is 3670912
read: 0.319742s
|E|=1468365182
|V|=41652231
Re Computing: 1 0 107102
Re Computing: 1 0 106981
Re Computing: 1 0 106848
Re Computing: 2 10535 1341
Re Computing: 1 0 107690
Re Computing: 1 0 106720
Re Computing: 1 0 106312
Re Computing: 1 0 107363
Re Computing: 1 0 107672
Re Computing: 1 0 106700
streaming total time 193.487869s
|V|=41652231
Intersection Graph Marked: 33.566805s
Version Time: 5.668951
direct hop total time 172.076691s
work sharing total time 88.568657s
CommonGraph total time 88.568657s
Running: build/Viterbibaseline /home/xyin014/graph/ttw/ttw_snap source/TW_queries.txt 64 0.0025 6
Error: Invalid line "% asym unweighted"
read: 631.102580s
loading graph /home/xyin014/graph/ttw/ttw_snap, root file is source/TW_queries.txt, batch_num is 64, batch_size is 3670912
read: 0.284849s
|E|=1468365182
|V|=41652231
streaming total time 153.407715s
|V|=41652231
Intersection Graph Marked: 34.043040s
Version Time: 0.066375
direct hop total time 26.124920s
work sharing total time 13.299621s
CommonGraph total time 13.299621s
Running: build/Viterbibaseline /home/xyin014/graph/ttw/ttw_snap source/TW_queries.txt 64 0.0025 7
Error: Invalid line "% asym unweighted"
read: 630.228441s
loading graph /home/xyin014/graph/ttw/ttw_snap, root file is source/TW_queries.txt, batch_num is 64, batch_size is 3670912
read: 0.287387s
|E|=1468365182
|V|=41652231
Re Computing: 1 0 109035
Re Computing: 1 0 113223
Re Computing: 1 0 110791
Re Computing: 1 0 109529
Re Computing: 1 0 110176
Re Computing: 1 0 110976
Re Computing: 1 0 111412
Re Computing: 1 0 112027
Re Computing: 1 0 110919
Re Computing: 1 0 110107
streaming total time 207.845764s
|V|=41652231
Intersection Graph Marked: 33.811160s
Version Time: 7.348265
direct hop total time 222.857208s
work sharing total time 134.503204s
CommonGraph total time 134.503204s
Running: build/Viterbibaseline /home/xyin014/graph/ttw/ttw_snap source/TW_queries.txt 64 0.0025 8
Error: Invalid line "% asym unweighted"
read: 630.380556s
loading graph /home/xyin014/graph/ttw/ttw_snap, root file is source/TW_queries.txt, batch_num is 64, batch_size is 3670912
read: 0.294577s
|E|=1468365182
|V|=41652231
Re Computing: 1 0 108818
Re Computing: 1 0 107636
Re Computing: 1 0 108443
Re Computing: 1 0 110561
Re Computing: 1 0 107657
Re Computing: 1 0 118976
Re Computing: 1 0 106793
Re Computing: 1 0 107955
Re Computing: 1 0 108191
Re Computing: 1 0 107234
streaming total time 205.561661s
|V|=41652231
Intersection Graph Marked: 34.162867s
Version Time: 5.563930
direct hop total time 318.155518s
work sharing total time 107.574043s
CommonGraph total time 107.574043s
Running: build/Viterbibaseline /home/xyin014/graph/ttw/ttw_snap source/TW_queries.txt 64 0.0025 9
Error: Invalid line "% asym unweighted"
read: 632.705750s
loading graph /home/xyin014/graph/ttw/ttw_snap, root file is source/TW_queries.txt, batch_num is 64, batch_size is 3670912
read: 0.294712s
|E|=1468365182
|V|=41652231
Re Computing: 1 0 106828
Re Computing: 1 0 108390
Re Computing: 1 0 108775
Re Computing: 1 0 109302
Re Computing: 1 0 107065
Re Computing: 1 0 108755
Re Computing: 1 0 107623
Re Computing: 1 0 109468
Re Computing: 1 0 109308
Re Computing: 1 0 107667
streaming total time 204.120834s
|V|=41652231
Intersection Graph Marked: 33.755259s
Version Time: 6.317021
direct hop total time 174.552750s
work sharing total time 89.845024s
CommonGraph total time 89.845024s
Running: build/Viterbibaseline /home/xyin014/graph/ttw/ttw_snap source/TW_queries.txt 64 0.0025 10
Error: Invalid line "% asym unweighted"
read: 629.470297s
loading graph /home/xyin014/graph/ttw/ttw_snap, root file is source/TW_queries.txt, batch_num is 64, batch_size is 3670912
read: 0.286966s
|E|=1468365182
|V|=41652231
Re Computing: 1 0 108483
Re Computing: 1 0 107854
Re Computing: 1 0 107570
Re Computing: 1 0 107082
Re Computing: 1 0 107542
Re Computing: 1 0 108173
Re Computing: 1 0 108621
Re Computing: 1 0 107979
Re Computing: 1 0 108108
Re Computing: 2 10405 1429
streaming total time 191.122986s
|V|=41652231
Intersection Graph Marked: 33.987128s
Version Time: 5.812140
direct hop total time 182.982101s
work sharing total time 90.188164s
CommonGraph total time 90.188164s
Running: build/Viterbibaseline /home/xyin014/graph/ttw/ttw_snap source/TW_queries.txt 64 0.0025 11
Error: Invalid line "% asym unweighted"
read: 630.516315s
loading graph /home/xyin014/graph/ttw/ttw_snap, root file is source/TW_queries.txt, batch_num is 64, batch_size is 3670912
read: 0.297366s
|E|=1468365182
|V|=41652231
Re Computing: 1 0 107381
Re Computing: 1 0 109087
Re Computing: 1 0 107611
Re Computing: 1 0 107314
Re Computing: 1 0 107444
Re Computing: 1 0 106525
Re Computing: 1 0 108479
Re Computing: 1 0 108210
Re Computing: 1 0 107613
Re Computing: 1 0 108595
Re Computing: 1 0 106484
streaming total time 195.878510s
|V|=41652231
Intersection Graph Marked: 33.875559s
Version Time: 9.155479
direct hop total time 169.670151s
work sharing total time 87.460579s
CommonGraph total time 87.460579s
Running: build/Viterbibaseline /home/xyin014/graph/ttw/ttw_snap source/TW_queries.txt 64 0.0025 12
Error: Invalid line "% asym unweighted"
read: 630.111059s
loading graph /home/xyin014/graph/ttw/ttw_snap, root file is source/TW_queries.txt, batch_num is 64, batch_size is 3670912
read: 0.293256s
|E|=1468365182
|V|=41652231
Re Computing: 1 0 108007
Re Computing: 1 0 108407
Re Computing: 1 0 108937
Re Computing: 1 0 108952
Re Computing: 1 0 108590
Re Computing: 1 0 108663
Re Computing: 1 0 107087
Re Computing: 1 0 108729
Re Computing: 1 0 108424
Re Computing: 1 0 108924
streaming total time 204.264496s
|V|=41652231
Intersection Graph Marked: 33.904965s
Version Time: 0.060396
direct hop total time 911.294922s
work sharing total time 743.991760s
CommonGraph total time 743.991760s
Running: build/Viterbibaseline /home/xyin014/graph/ttw/ttw_snap source/TW_queries.txt 64 0.0025 13
Error: Invalid line "% asym unweighted"
read: 630.696524s
loading graph /home/xyin014/graph/ttw/ttw_snap, root file is source/TW_queries.txt, batch_num is 64, batch_size is 3670912
read: 0.328633s
|E|=1468365182
|V|=41652231
Re Computing: 1 0 108354
Re Computing: 1 0 107751
Re Computing: 1 0 107449
Re Computing: 1 0 106724
Re Computing: 1 0 107090
Re Computing: 1 0 107842
Re Computing: 1 0 108304
Re Computing: 1 0 107585
Re Computing: 1 0 107819
Re Computing: 1 0 106680
streaming total time 198.073380s
|V|=41652231
Intersection Graph Marked: 33.690668s
Version Time: 5.815070
direct hop total time 193.518600s
work sharing total time 98.317101s
CommonGraph total time 98.317101s
Running: build/Viterbibaseline /home/xyin014/graph/ttw/ttw_snap source/TW_queries.txt 64 0.0025 14
Error: Invalid line "% asym unweighted"
read: 630.179517s
loading graph /home/xyin014/graph/ttw/ttw_snap, root file is source/TW_queries.txt, batch_num is 64, batch_size is 3670912
read: 0.294158s
|E|=1468365182
|V|=41652231
Re Computing: 1 0 106974
Re Computing: 1 0 106939
Re Computing: 1 0 106777
Re Computing: 2 10505 1338
Re Computing: 1 0 107686
Re Computing: 1 0 106704
Re Computing: 1 0 106274
Re Computing: 1 0 107377
Re Computing: 1 0 107628
Re Computing: 1 0 106672
streaming total time 187.975769s
|V|=41652231
Intersection Graph Marked: 33.705382s
Version Time: 5.832970
direct hop total time 171.759720s
work sharing total time 88.268105s
CommonGraph total time 88.268105s
Running: build/Viterbibaseline /home/xyin014/graph/ttw/ttw_snap source/TW_queries.txt 64 0.0025 15
Error: Invalid line "% asym unweighted"
read: 629.177835s
loading graph /home/xyin014/graph/ttw/ttw_snap, root file is source/TW_queries.txt, batch_num is 64, batch_size is 3670912
read: 0.292434s
|E|=1468365182
|V|=41652231
Re Computing: 1 0 106717
Re Computing: 1 0 107447
Re Computing: 1 0 107242
Re Computing: 1 0 106277
Re Computing: 1 0 106448
Re Computing: 1 0 106937
Re Computing: 1 0 107857
Re Computing: 1 0 107417
Re Computing: 1 0 107188
Re Computing: 1 0 108019
Re Computing: 1 0 105852
streaming total time 204.543427s
|V|=41652231
Intersection Graph Marked: 33.894095s
Version Time: 5.956085
direct hop total time 199.633270s
work sharing total time 102.366997s
CommonGraph total time 102.366997s
